// GENERATED FILE - DO NOT EDIT BY HAND
//
// Compiled from src/materials/wireframe.mat by tool/build_materials.sh:
//   matc -a opengl -a vulkan -p desktop -o wireframe.filamat wireframe.mat
//
// Ahead-of-time compilation replaces a filamat::MaterialBuilder call that
// failed at runtime on this workspace, which left every editor wireframe
// with no material instance and therefore permanently white.
#pragma once
#include <cstddef>
#include <cstdint>

namespace flutter_filament {

inline constexpr uint8_t kWireframeMaterialPackage[] = {
    0x53,0x52,0x45,0x56,0x5f,0x54,0x41,0x4d,0x04,0x00,0x00,0x00,0x4d,0x00,0x00,0x00,
    0x54,0x41,0x45,0x46,0x5f,0x54,0x41,0x4d,0x01,0x00,0x00,0x00,0x01,0x45,0x4d,0x41,
    0x4e,0x5f,0x54,0x41,0x4d,0x0e,0x00,0x00,0x00,0x57,0x69,0x72,0x65,0x66,0x72,0x61,
    0x6d,0x65,0x4c,0x69,0x6e,0x65,0x00,0x4d,0x52,0x50,0x43,0x5f,0x54,0x41,0x4d,0x1f,
    0x00,0x00,0x00,0x2d,0x61,0x20,0x6f,0x70,0x65,0x6e,0x67,0x6c,0x20,0x2d,0x61,0x20,
    0x76,0x75,0x6c,0x6b,0x61,0x6e,0x20,0x2d,0x70,0x20,0x64,0x65,0x73,0x6b,0x74,0x6f,
    0x70,0x00,0x4c,0x44,0x4d,0x53,0x5f,0x54,0x41,0x4d,0x04,0x00,0x00,0x00,0x04,0x00,
    0x00,0x00,0x4e,0x4d,0x4f,0x44,0x5f,0x54,0x41,0x4d,0x01,0x00,0x00,0x00,0x00,0x51,
    0x59,0x41,0x52,0x5f,0x54,0x41,0x4d,0x01,0x00,0x00,0x00,0x00,0x54,0x4c,0x46,0x56,
    0x5f,0x54,0x41,0x4d,0x04,0x00,0x00,0x00,0x00,0x00,0x00,0x00,0x20,0x42,0x49,0x55,
    0x5f,0x54,0x41,0x4d,0x2c,0x00,0x00,0x00,0x4d,0x61,0x74,0x65,0x72,0x69,0x61,0x6c,
    0x50,0x61,0x72,0x61,0x6d,0x73,0x00,0x01,0x00,0x00,0x00,0x00,0x00,0x00,0x00,0x62,
    0x61,0x73,0x65,0x43,0x6f,0x6c,0x6f,0x72,0x00,0x00,0x00,0x00,0x00,0x00,0x00,0x00,
    0x00,0x07,0x03,0x00,0x20,0x42,0x49,0x53,0x5f,0x54,0x41,0x4d,0x17,0x00,0x00,0x00,
    0x4d,0x61,0x74,0x65,0x72,0x69,0x61,0x6c,0x50,0x61,0x72,0x61,0x6d,0x73,0x00,0x00,
    0x00,0x00,0x00,0x00,0x00,0x00,0x00,0x49,0x44,0x42,0x44,0x5f,0x54,0x41,0x4d,0x12,
    0x00,0x00,0x00,0x01,0x4d,0x61,0x74,0x65,0x72,0x69,0x61,0x6c,0x50,0x61,0x72,0x61,
    0x6d,0x73,0x00,0x1a,0x00,0x49,0x4c,0x53,0x44,0x5f,0x54,0x41,0x4d,0x07,0x00,0x00,
    0x00,0x01,0x1a,0x03,0x00,0x01,0x00,0x00,0x53,0x4e,0x4f,0x43,0x5f,0x54,0x41,0x4d,
    0x08,0x00,0x00,0x00,0x00,0x00,0x00,0x00,0x00,0x00,0x00,0x00,0x4e,0x4f,0x43,0x50,
    0x5f,0x54,0x41,0x4d,0x2d,0x00,0x00,0x00,0x70,0x75,0x73,0x68,0x43,0x6f,0x6e,0x73,
    0x74,0x61,0x6e,0x74,0x73,0x00,0x01,0x00,0x00,0x00,0x00,0x00,0x00,0x00,0x6d,0x6f,
    0x72,0x70,0x68,0x69,0x6e,0x67,0x42,0x75,0x66,0x66,0x65,0x72,0x4f,0x66,0x66,0x73,
    0x65,0x74,0x00,0x00,0x00,0x20,0x42,0x55,0x53,0x5f,0x54,0x41,0x4d,0x17,0x00,0x00,
    0x00,0x4d,0x61,0x74,0x65,0x72,0x69,0x61,0x6c,0x50,0x61,0x72,0x61,0x6d,0x73,0x00,
    0x00,0x00,0x00,0x00,0x00,0x00,0x00,0x00,0x53,0x53,0x4f,0x44,0x5f,0x54,0x41,0x4d,
    0x01,0x00,0x00,0x00,0x00,0x49,0x53,0x4f,0x44,0x5f,0x54,0x41,0x4d,0x01,0x00,0x00,
    0x00,0x00,0x4e,0x45,0x4c,0x42,0x5f,0x54,0x41,0x4d,0x01,0x00,0x00,0x00,0x00,0x44,
    0x4d,0x52,0x54,0x5f,0x54,0x41,0x4d,0x01,0x00,0x00,0x00,0x00,0x4c,0x46,0x45,0x52,
    0x5f,0x54,0x41,0x4d,0x01,0x00,0x00,0x00,0x00,0x49,0x52,0x57,0x43,0x5f,0x54,0x41,
    0x4d,0x01,0x00,0x00,0x00,0x01,0x53,0x57,0x45,0x44,0x5f,0x54,0x41,0x4d,0x01,0x00,
    0x00,0x00,0x01,0x49,0x52,0x57,0x44,0x5f,0x54,0x41,0x4d,0x01,0x00,0x00,0x00,0x01,
    0x53,0x45,0x54,0x44,0x5f,0x54,0x41,0x4d,0x01,0x00,0x00,0x00,0x01,0x54,0x53,0x4e,
    0x49,0x5f,0x54,0x41,0x4d,0x01,0x00,0x00,0x00,0x00,0x53,0x43,0x32,0x41,0x5f,0x54,
    0x41,0x4d,0x01,0x00,0x00,0x00,0x00,0x4f,0x43,0x32,0x41,0x5f,0x54,0x41,0x4d,0x01,
    0x00,0x00,0x00,0x00,0x4f,0x4d,0x55,0x43,0x5f,0x54,0x41,0x4d,0x01,0x00,0x00,0x00,
    0x00,0x50,0x4f,0x52,0x50,0x5f,0x54,0x41,0x4d,0x08,0x00,0x00,0x00,0x01,0x00,0x00,
    0x00,0x00,0x00,0x00,0x00,0x52,0x45,0x54,0x53,0x5f,0x54,0x41,0x4d,0x01,0x00,0x00,
    0x00,0x01,0x44,0x49,0x55,0x55,0x5f,0x54,0x41,0x4d,0x08,0x00,0x00,0x00,0x89,0x34,
    0x64,0xd8,0xd3,0x59,0x68,0xbf,0x44,0x41,0x48,0x53,0x5f,0x54,0x41,0x4d,0x01,0x00,
    0x00,0x00,0x00,0x4c,0x4d,0x48,0x53,0x5f,0x54,0x41,0x4d,0x01,0x00,0x00,0x00,0x00,
    0x4d,0x46,0x45,0x52,0x5f,0x54,0x41,0x4d,0x01,0x00,0x00,0x00,0x00,0x54,0x46,0x45,
    0x52,0x5f,0x54,0x41,0x4d,0x01,0x00,0x00,0x00,0x00,0x52,0x4f,0x49,0x43,0x5f,0x54,
    0x41,0x4d,0x01,0x00,0x00,0x00,0x01,0x41,0x51,0x45,0x52,0x5f,0x54,0x41,0x4d,0x04,
    0x00,0x00,0x00,0x01,0x00,0x00,0x00,0x41,0x41,0x50,0x53,0x5f,0x54,0x41,0x4d,0x01,
    0x00,0x00,0x00,0x00,0x52,0x41,0x56,0x53,0x5f,0x54,0x41,0x4d,0x04,0x00,0x00,0x00,
    0x9a,0x99,0x19,0x3e,0x52,0x48,0x54,0x53,0x5f,0x54,0x41,0x4d,0x04,0x00,0x00,0x00,
    0xcd,0xcc,0x4c,0x3e,0x4f,0x44,0x45,0x56,0x5f,0x54,0x41,0x4d,0x01,0x00,0x00,0x00,
    0x00,0x52,0x54,0x4e,0x49,0x5f,0x54,0x41,0x4d,0x01,0x00,0x00,0x00,0x00,0x50,0x44,
    0x53,0x43,0x5f,0x54,0x41,0x4d,0x01,0x00,0x00,0x00,0x00,0x54,0x58,0x45,0x54,0x5f,
    0x43,0x49,0x44,0x67,0x29,0x00,0x00,0x82,0x01,0x00,0x00,0x7b,0x0a,0x00,0x3b,0x0a,
    0x00,0x7d,0x0a,0x00,0x3d,0x00,0x76,0x65,0x63,0x34,0x20,0x00,0x65,0x6c,0x73,0x65,
    0x0a,0x00,0x2c,0x00,0x7d,0x3b,0x0a,0x00,0x23,0x65,0x6e,0x64,0x69,0x66,0x0a,0x00,
    0x76,0x65,0x63,0x33,0x20,0x00,0x66,0x6c,0x6f,0x61,0x74,0x20,0x00,0x29,0x3b,0x0a,
    0x00,0x23,0x76,0x65,0x72,0x73,0x69,0x6f,0x6e,0x20,0x34,0x31,0x30,0x0a,0x00,0x23,
    0x65,0x78,0x74,0x65,0x6e,0x73,0x69,0x6f,0x6e,0x20,0x47,0x4c,0x5f,0x41,0x52,0x42,
    0x5f,0x73,0x68,0x61,0x64,0x69,0x6e,0x67,0x5f,0x6c,0x61,0x6e,0x67,0x75,0x61,0x67,
    0x65,0x5f,0x70,0x61,0x63,0x6b,0x69,0x6e,0x67,0x20,0x3a,0x20,0x65,0x6e,0x61,0x62,
    0x6c,0x65,0x0a,0x00,0x76,0x6f,0x69,0x64,0x20,0x6d,0x61,0x69,0x6e,0x28,0x29,0x0a,
    0x00,0x6c,0x61,0x79,0x6f,0x75,0x74,0x28,0x73,0x74,0x64,0x31,0x34,0x30,0x29,0x20,
    0x75,0x6e,0x69,0x66,0x6f,0x72,0x6d,0x20,0x46,0x72,0x61,0x6d,0x65,0x55,0x6e,0x69,
    0x66,0x6f,0x72,0x6d,0x73,0x0a,0x00,0x6d,0x61,0x74,0x34,0x20,0x61,0x3b,0x0a,0x00,
    0x6d,0x61,0x74,0x34,0x20,0x62,0x3b,0x0a,0x00,0x6d,0x61,0x74,0x34,0x20,0x63,0x3b,
    0x0a,0x00,0x6d,0x61,0x74,0x34,0x20,0x64,0x3b,0x0a,0x00,0x6d,0x61,0x74,0x34,0x20,
    0x65,0x5b,0x34,0x5d,0x3b,0x0a,0x00,0x6d,0x61,0x74,0x34,0x20,0x66,0x5b,0x34,0x5d,
    0x3b,0x0a,0x00,0x6d,0x61,0x74,0x34,0x20,0x67,0x3b,0x0a,0x00,0x6d,0x61,0x74,0x33,
    0x20,0x68,0x3b,0x0a,0x00,0x6d,0x61,0x74,0x34,0x20,0x69,0x3b,0x0a,0x00,0x76,0x65,
    0x63,0x34,0x20,0x6a,0x3b,0x0a,0x00,0x76,0x65,0x63,0x32,0x20,0x6b,0x3b,0x0a,0x00,
    0x66,0x6c,0x6f,0x61,0x74,0x20,0x6c,0x3b,0x0a,0x00,0x66,0x6c,0x6f,0x61,0x74,0x20,
    0x6d,0x3b,0x0a,0x00,0x76,0x65,0x63,0x34,0x20,0x6e,0x3b,0x0a,0x00,0x76,0x65,0x63,
    0x34,0x20,0x6f,0x3b,0x0a,0x00,0x76,0x65,0x63,0x32,0x20,0x70,0x3b,0x0a,0x00,0x76,
    0x65,0x63,0x32,0x20,0x71,0x3b,0x0a,0x00,0x66,0x6c,0x6f,0x61,0x74,0x20,0x72,0x3b,
    0x0a,0x00,0x66,0x6c,0x6f,0x61,0x74,0x20,0x73,0x3b,0x0a,0x00,0x76,0x65,0x63,0x32,
    0x20,0x74,0x3b,0x0a,0x00,0x66,0x6c,0x6f,0x61,0x74,0x20,0x75,0x3b,0x0a,0x00,0x66,
    0x6c,0x6f,0x61,0x74,0x20,0x76,0x3b,0x0a,0x00,0x66,0x6c,0x6f,0x61,0x74,0x20,0x77,
    0x3b,0x0a,0x00,0x66,0x6c,0x6f,0x61,0x74,0x20,0x78,0x3b,0x0a,0x00,0x66,0x6c,0x6f,
    0x61,0x74,0x20,0x79,0x3b,0x0a,0x00,0x66,0x6c,0x6f,0x61,0x74,0x20,0x7a,0x3b,0x0a,
    0x00,0x66,0x6c,0x6f,0x61,0x74,0x20,0x61,0x7a,0x3b,0x0a,0x00,0x66,0x6c,0x6f,0x61,
    0x74,0x20,0x62,0x7a,0x3b,0x0a,0x00,0x76,0x65,0x63,0x34,0x20,0x63,0x7a,0x3b,0x0a,
    0x00,0x75,0x76,0x65,0x63,0x33,0x20,0x64,0x7a,0x3b,0x0a,0x00,0x69,0x6e,0x74,0x20,
    0x65,0x7a,0x3b,0x0a,0x00,0x76,0x65,0x63,0x32,0x20,0x66,0x7a,0x3b,0x0a,0x00,0x69,
    0x6e,0x74,0x20,0x67,0x7a,0x3b,0x0a,0x00,0x69,0x6e,0x74,0x20,0x68,0x7a,0x3b,0x0a,
    0x00,0x69,0x6e,0x74,0x20,0x69,0x7a,0x3b,0x0a,0x00,0x69,0x6e,0x74,0x20,0x6a,0x7a,
    0x3b,0x0a,0x00,0x66,0x6c,0x6f,0x61,0x74,0x20,0x6b,0x7a,0x3b,0x0a,0x00,0x66,0x6c,
    0x6f,0x61,0x74,0x20,0x6c,0x7a,0x3b,0x0a,0x00,0x76,0x65,0x63,0x33,0x20,0x6d,0x7a,
    0x5b,0x39,0x5d,0x3b,0x0a,0x00,0x76,0x65,0x63,0x33,0x20,0x6e,0x7a,0x3b,0x0a,0x00,
    0x66,0x6c,0x6f,0x61,0x74,0x20,0x6f,0x7a,0x3b,0x0a,0x00,0x76,0x65,0x63,0x34,0x20,
    0x70,0x7a,0x3b,0x0a,0x00,0x76,0x65,0x63,0x34,0x20,0x71,0x7a,0x3b,0x0a,0x00,0x76,
    0x65,0x63,0x32,0x20,0x72,0x7a,0x3b,0x0a,0x00,0x69,0x6e,0x74,0x20,0x73,0x7a,0x3b,
    0x0a,0x00,0x66,0x6c,0x6f,0x61,0x74,0x20,0x74,0x7a,0x3b,0x0a,0x00,0x76,0x65,0x63,
    0x32,0x20,0x75,0x7a,0x3b,0x0a,0x00,0x66,0x6c,0x6f,0x61,0x74,0x20,0x76,0x7a,0x3b,
    0x0a,0x00,0x66,0x6c,0x6f,0x61,0x74,0x20,0x77,0x7a,0x3b,0x0a,0x00,0x76,0x65,0x63,
    0x34,0x20,0x78,0x7a,0x3b,0x0a,0x00,0x69,0x6e,0x74,0x20,0x79,0x7a,0x3b,0x0a,0x00,
    0x66,0x6c,0x6f,0x61,0x74,0x20,0x7a,0x7a,0x3b,0x0a,0x00,0x76,0x65,0x63,0x32,0x20,
    0x61,0x7a,0x7a,0x3b,0x0a,0x00,0x66,0x6c,0x6f,0x61,0x74,0x20,0x62,0x7a,0x7a,0x3b,
    0x0a,0x00,0x66,0x6c,0x6f,0x61,0x74,0x20,0x63,0x7a,0x7a,0x3b,0x0a,0x00,0x66,0x6c,
    0x6f,0x61,0x74,0x20,0x64,0x7a,0x7a,0x3b,0x0a,0x00,0x75,0x69,0x6e,0x74,0x20,0x65,
    0x7a,0x7a,0x3b,0x0a,0x00,0x76,0x65,0x63,0x33,0x20,0x66,0x7a,0x7a,0x3b,0x0a,0x00,
    0x66,0x6c,0x6f,0x61,0x74,0x20,0x67,0x7a,0x7a,0x3b,0x0a,0x00,0x66,0x6c,0x6f,0x61,
    0x74,0x20,0x68,0x7a,0x7a,0x3b,0x0a,0x00,0x75,0x69,0x6e,0x74,0x20,0x69,0x7a,0x7a,
    0x3b,0x0a,0x00,0x66,0x6c,0x6f,0x61,0x74,0x20,0x6a,0x7a,0x7a,0x3b,0x0a,0x00,0x66,
    0x6c,0x6f,0x61,0x74,0x20,0x6b,0x7a,0x7a,0x3b,0x0a,0x00,0x76,0x65,0x63,0x33,0x20,
    0x6c,0x7a,0x7a,0x3b,0x0a,0x00,0x66,0x6c,0x6f,0x61,0x74,0x20,0x6d,0x7a,0x7a,0x3b,
    0x0a,0x00,0x66,0x6c,0x6f,0x61,0x74,0x20,0x6e,0x7a,0x7a,0x3b,0x0a,0x00,0x66,0x6c,
    0x6f,0x61,0x74,0x20,0x6f,0x7a,0x7a,0x3b,0x0a,0x00,0x66,0x6c,0x6f,0x61,0x74,0x20,
    0x70,0x7a,0x7a,0x3b,0x0a,0x00,0x66,0x6c,0x6f,0x61,0x74,0x20,0x71,0x7a,0x7a,0x3b,
    0x0a,0x00,0x6d,0x61,0x74,0x33,0x20,0x72,0x7a,0x7a,0x3b,0x0a,0x00,0x76,0x65,0x63,
    0x32,0x20,0x73,0x7a,0x7a,0x3b,0x0a,0x00,0x76,0x65,0x63,0x32,0x20,0x74,0x7a,0x7a,
    0x3b,0x0a,0x00,0x6d,0x61,0x74,0x34,0x20,0x75,0x7a,0x7a,0x3b,0x0a,0x00,0x6d,0x61,
    0x74,0x34,0x20,0x76,0x7a,0x7a,0x3b,0x0a,0x00,0x66,0x6c,0x6f,0x61,0x74,0x20,0x77,
    0x7a,0x7a,0x3b,0x0a,0x00,0x66,0x6c,0x6f,0x61,0x74,0x20,0x78,0x7a,0x7a,0x3b,0x0a,
    0x00,0x66,0x6c,0x6f,0x61,0x74,0x20,0x79,0x7a,0x7a,0x3b,0x0a,0x00,0x66,0x6c,0x6f,
    0x61,0x74,0x20,0x7a,0x7a,0x7a,0x3b,0x0a,0x00,0x76,0x65,0x63,0x34,0x20,0x61,0x7a,
    0x7a,0x7a,0x5b,0x34,0x5d,0x3b,0x0a,0x00,0x69,0x6e,0x74,0x20,0x62,0x7a,0x7a,0x7a,
    0x3b,0x0a,0x00,0x66,0x6c,0x6f,0x61,0x74,0x20,0x63,0x7a,0x7a,0x7a,0x3b,0x0a,0x00,
    0x66,0x6c,0x6f,0x61,0x74,0x20,0x64,0x7a,0x7a,0x7a,0x3b,0x0a,0x00,0x66,0x6c,0x6f,
    0x61,0x74,0x20,0x65,0x7a,0x7a,0x7a,0x3b,0x0a,0x00,0x76,0x65,0x63,0x34,0x20,0x66,
    0x7a,0x7a,0x7a,0x5b,0x34,0x5d,0x3b,0x0a,0x00,0x76,0x65,0x63,0x34,0x20,0x67,0x7a,
    0x7a,0x7a,0x5b,0x34,0x5d,0x3b,0x0a,0x00,0x69,0x6e,0x74,0x20,0x68,0x7a,0x7a,0x7a,
    0x3b,0x0a,0x00,0x69,0x6e,0x74,0x20,0x69,0x7a,0x7a,0x7a,0x3b,0x0a,0x00,0x69,0x6e,
    0x74,0x20,0x6a,0x7a,0x7a,0x7a,0x3b,0x0a,0x00,0x69,0x6e,0x74,0x20,0x6b,0x7a,0x7a,
    0x7a,0x3b,0x0a,0x00,0x6d,0x61,0x74,0x34,0x20,0x6c,0x7a,0x7a,0x7a,0x3b,0x0a,0x00,
    0x76,0x65,0x63,0x34,0x20,0x6d,0x7a,0x7a,0x7a,0x3b,0x0a,0x00,0x76,0x65,0x63,0x34,
    0x20,0x6e,0x7a,0x7a,0x7a,0x5b,0x34,0x5d,0x3b,0x0a,0x00,0x7d,0x20,0x66,0x72,0x61,
    0x6d,0x65,0x55,0x6e,0x69,0x66,0x6f,0x72,0x6d,0x73,0x3b,0x0a,0x00,0x2e,0x78,0x79,
    0x7a,0x3b,0x0a,0x00,0x2e,0x78,0x3b,0x0a,0x00,0x2e,0x79,0x3b,0x0a,0x00,0x2e,0x7a,
    0x3b,0x0a,0x00,0x76,0x65,0x63,0x32,0x20,0x00,0x73,0x74,0x72,0x75,0x63,0x74,0x20,
    0x50,0x65,0x72,0x52,0x65,0x6e,0x64,0x65,0x72,0x61,0x62,0x6c,0x65,0x44,0x61,0x74,
    0x61,0x0a,0x00,0x6d,0x61,0x74,0x34,0x20,0x77,0x6f,0x72,0x6c,0x64,0x46,0x72,0x6f,
    0x6d,0x4d,0x6f,0x64,0x65,0x6c,0x4d,0x61,0x74,0x72,0x69,0x78,0x3b,0x0a,0x00,0x6d,
    0x61,0x74,0x33,0x20,0x77,0x6f,0x72,0x6c,0x64,0x46,0x72,0x6f,0x6d,0x4d,0x6f,0x64,
    0x65,0x6c,0x4e,0x6f,0x72,0x6d,0x61,0x6c,0x4d,0x61,0x74,0x72,0x69,0x78,0x3b,0x0a,
    0x00,0x69,0x6e,0x74,0x20,0x6d,0x6f,0x72,0x70,0x68,0x54,0x61,0x72,0x67,0x65,0x74,
    0x43,0x6f,0x75,0x6e,0x74,0x3b,0x0a,0x00,0x69,0x6e,0x74,0x20,0x66,0x6c,0x61,0x67,
    0x73,0x43,0x68,0x61,0x6e,0x6e,0x65,0x6c,0x73,0x3b,0x0a,0x00,0x69,0x6e,0x74,0x20,
    0x6f,0x62,0x6a,0x65,0x63,0x74,0x49,0x64,0x3b,0x0a,0x00,0x66,0x6c,0x6f,0x61,0x74,
    0x20,0x75,0x73,0x65,0x72,0x44,0x61,0x74,0x61,0x3b,0x0a,0x00,0x6d,0x61,0x74,0x34,
    0x20,0x70,0x72,0x65,0x76,0x57,0x6f,0x72,0x6c,0x64,0x46,0x72,0x6f,0x6d,0x4d,0x6f,
    0x64,0x65,0x6c,0x4d,0x61,0x74,0x72,0x69,0x78,0x3b,0x0a,0x00,0x76,0x65,0x63,0x34,
    0x20,0x72,0x65,0x73,0x65,0x72,0x76,0x65,0x64,0x5b,0x34,0x5d,0x3b,0x0a,0x00,0x23,
    0x69,0x66,0x6e,0x64,0x65,0x66,0x20,0x53,0x50,0x49,0x52,0x56,0x5f,0x43,0x52,0x4f,
    0x53,0x53,0x5f,0x43,0x4f,0x4e,0x53,0x54,0x41,0x4e,0x54,0x5f,0x49,0x44,0x5f,0x31,
    0x0a,0x00,0x23,0x64,0x65,0x66,0x69,0x6e,0x65,0x20,0x53,0x50,0x49,0x52,0x56,0x5f,
    0x43,0x52,0x4f,0x53,0x53,0x5f,0x43,0x4f,0x4e,0x53,0x54,0x41,0x4e,0x54,0x5f,0x49,
    0x44,0x5f,0x31,0x20,0x36,0x34,0x0a,0x00,0x63,0x6f,0x6e,0x73,0x74,0x20,0x69,0x6e,
    0x74,0x20,0x43,0x4f,0x4e,0x46,0x49,0x47,0x5f,0x4d,0x41,0x58,0x5f,0x49,0x4e,0x53,
    0x54,0x41,0x4e,0x43,0x45,0x53,0x3d,0x53,0x50,0x49,0x52,0x56,0x5f,0x43,0x52,0x4f,
    0x53,0x53,0x5f,0x43,0x4f,0x4e,0x53,0x54,0x41,0x4e,0x54,0x5f,0x49,0x44,0x5f,0x31,
    0x3b,0x0a,0x00,0x6c,0x61,0x79,0x6f,0x75,0x74,0x28,0x73,0x74,0x64,0x31,0x34,0x30,
    0x29,0x20,0x75,0x6e,0x69,0x66,0x6f,0x72,0x6d,0x20,0x4f,0x62,0x6a,0x65,0x63,0x74,
    0x55,0x6e,0x69,0x66,0x6f,0x72,0x6d,0x73,0x0a,0x00,0x50,0x65,0x72,0x52,0x65,0x6e,
    0x64,0x65,0x72,0x61,0x62,0x6c,0x65,0x44,0x61,0x74,0x61,0x20,0x61,0x5b,0x43,0x4f,
    0x4e,0x46,0x49,0x47,0x5f,0x4d,0x41,0x58,0x5f,0x49,0x4e,0x53,0x54,0x41,0x4e,0x43,
    0x45,0x53,0x5d,0x3b,0x0a,0x00,0x7d,0x20,0x6f,0x62,0x6a,0x65,0x63,0x74,0x55,0x6e,
    0x69,0x66,0x6f,0x72,0x6d,0x73,0x3b,0x0a,0x00,0x2e,0x79,0x29,0x3b,0x0a,0x00,0x6d,
    0x61,0x74,0x34,0x78,0x33,0x20,0x00,0x5b,0x30,0x5d,0x2a,0x70,0x2e,0x78,0x29,0x2b,
    0x28,0x28,0x00,0x5b,0x31,0x5d,0x2a,0x70,0x2e,0x79,0x29,0x2b,0x28,0x28,0x00,0x5b,
    0x32,0x5d,0x2a,0x70,0x2e,0x7a,0x29,0x2b,0x00,0x69,0x76,0x65,0x63,0x33,0x20,0x00,
    0x69,0x6e,0x74,0x20,0x00,0x2e,0x78,0x3d,0x00,0x5b,0x33,0x5d,0x29,0x29,0x29,0x2a,
    0x77,0x65,0x69,0x67,0x68,0x74,0x73,0x2e,0x78,0x29,0x2b,0x28,0x28,0x28,0x00,0x5b,
    0x33,0x5d,0x29,0x29,0x29,0x2a,0x77,0x65,0x69,0x67,0x68,0x74,0x73,0x2e,0x79,0x29,
    0x29,0x2b,0x28,0x28,0x28,0x00,0x75,0x69,0x6e,0x74,0x20,0x00,0x3d,0x6d,0x65,0x73,
    0x68,0x5f,0x70,0x6f,0x73,0x69,0x74,0x69,0x6f,0x6e,0x3b,0x0a,0x00,0x2e,0x7a,0x3d,
    0x00,0x73,0x74,0x72,0x75,0x63,0x74,0x20,0x4d,0x61,0x74,0x65,0x72,0x69,0x61,0x6c,
    0x56,0x65,0x72,0x74,0x65,0x78,0x49,0x6e,0x70,0x75,0x74,0x73,0x0a,0x00,0x76,0x65,
    0x63,0x34,0x20,0x77,0x6f,0x72,0x6c,0x64,0x50,0x6f,0x73,0x69,0x74,0x69,0x6f,0x6e,
    0x3b,0x0a,0x00,0x23,0x69,0x66,0x6e,0x64,0x65,0x66,0x20,0x53,0x50,0x49,0x52,0x56,
    0x5f,0x43,0x52,0x4f,0x53,0x53,0x5f,0x43,0x4f,0x4e,0x53,0x54,0x41,0x4e,0x54,0x5f,
    0x49,0x44,0x5f,0x35,0x0a,0x00,0x23,0x64,0x65,0x66,0x69,0x6e,0x65,0x20,0x53,0x50,
    0x49,0x52,0x56,0x5f,0x43,0x52,0x4f,0x53,0x53,0x5f,0x43,0x4f,0x4e,0x53,0x54,0x41,
    0x4e,0x54,0x5f,0x49,0x44,0x5f,0x35,0x20,0x66,0x61,0x6c,0x73,0x65,0x0a,0x00,0x63,
    0x6f,0x6e,0x73,0x74,0x20,0x62,0x6f,0x6f,0x6c,0x20,0x43,0x4f,0x4e,0x46,0x49,0x47,
    0x5f,0x50,0x4f,0x57,0x45,0x52,0x5f,0x56,0x52,0x5f,0x53,0x48,0x41,0x44,0x45,0x52,
    0x5f,0x57,0x4f,0x52,0x4b,0x41,0x52,0x4f,0x55,0x4e,0x44,0x53,0x3d,0x53,0x50,0x49,
    0x52,0x56,0x5f,0x43,0x52,0x4f,0x53,0x53,0x5f,0x43,0x4f,0x4e,0x53,0x54,0x41,0x4e,
    0x54,0x5f,0x49,0x44,0x5f,0x35,0x3b,0x0a,0x00,0x6c,0x61,0x79,0x6f,0x75,0x74,0x28,
    0x6c,0x6f,0x63,0x61,0x74,0x69,0x6f,0x6e,0x3d,0x30,0x29,0x20,0x69,0x6e,0x20,0x76,
    0x65,0x63,0x34,0x20,0x6d,0x65,0x73,0x68,0x5f,0x70,0x6f,0x73,0x69,0x74,0x69,0x6f,
    0x6e,0x3b,0x0a,0x00,0x6c,0x61,0x79,0x6f,0x75,0x74,0x28,0x6c,0x6f,0x63,0x61,0x74,
    0x69,0x6f,0x6e,0x3d,0x31,0x30,0x29,0x20,0x66,0x6c,0x61,0x74,0x20,0x6f,0x75,0x74,
    0x20,0x69,0x6e,0x74,0x20,0x69,0x6e,0x73,0x74,0x61,0x6e,0x63,0x65,0x5f,0x69,0x6e,
    0x64,0x65,0x78,0x3b,0x0a,0x00,0x6c,0x61,0x79,0x6f,0x75,0x74,0x28,0x6c,0x6f,0x63,
    0x61,0x74,0x69,0x6f,0x6e,0x3d,0x39,0x29,0x20,0x6f,0x75,0x74,0x20,0x76,0x65,0x63,
    0x34,0x20,0x76,0x65,0x72,0x74,0x65,0x78,0x5f,0x70,0x6f,0x73,0x69,0x74,0x69,0x6f,
    0x6e,0x3b,0x0a,0x00,0x69,0x66,0x20,0x28,0x43,0x4f,0x4e,0x46,0x49,0x47,0x5f,0x50,
    0x4f,0x57,0x45,0x52,0x5f,0x56,0x52,0x5f,0x53,0x48,0x41,0x44,0x45,0x52,0x5f,0x57,
    0x4f,0x52,0x4b,0x41,0x52,0x4f,0x55,0x4e,0x44,0x53,0x29,0x0a,0x00,0x69,0x6e,0x73,
    0x74,0x61,0x6e,0x63,0x65,0x5f,0x69,0x6e,0x64,0x65,0x78,0x3d,0x28,0x31,0x2b,0x67,
    0x6c,0x5f,0x49,0x6e,0x73,0x74,0x61,0x6e,0x63,0x65,0x49,0x44,0x29,0x2d,0x31,0x3b,
    0x0a,0x00,0x69,0x6e,0x73,0x74,0x61,0x6e,0x63,0x65,0x5f,0x69,0x6e,0x64,0x65,0x78,
    0x3d,0x67,0x6c,0x5f,0x49,0x6e,0x73,0x74,0x61,0x6e,0x63,0x65,0x49,0x44,0x3b,0x0a,
    0x00,0x76,0x65,0x72,0x74,0x65,0x78,0x5f,0x70,0x6f,0x73,0x69,0x74,0x69,0x6f,0x6e,
    0x3d,0x00,0x2e,0x7a,0x3d,0x28,0x00,0x2e,0x7a,0x2a,0x66,0x72,0x61,0x6d,0x65,0x55,
    0x6e,0x69,0x66,0x6f,0x72,0x6d,0x73,0x2e,0x6b,0x2e,0x78,0x29,0x2b,0x28,0x00,0x2e,
    0x77,0x2a,0x66,0x72,0x61,0x6d,0x65,0x55,0x6e,0x69,0x66,0x6f,0x72,0x6d,0x73,0x2e,
    0x6b,0x2e,0x79,0x29,0x3b,0x0a,0x00,0x67,0x6c,0x5f,0x50,0x6f,0x73,0x69,0x74,0x69,
    0x6f,0x6e,0x3d,0x00,0x2a,0x66,0x6c,0x6f,0x61,0x74,0x28,0x00,0x29,0x2a,0x00,0x2e,
    0x77,0x29,0x3b,0x0a,0x00,0x3d,0x74,0x72,0x61,0x6e,0x73,0x70,0x6f,0x73,0x65,0x28,
    0x62,0x6f,0x6e,0x65,0x73,0x55,0x6e,0x69,0x66,0x6f,0x72,0x6d,0x73,0x2e,0x61,0x5b,
    0x69,0x64,0x73,0x2e,0x78,0x5d,0x2e,0x74,0x72,0x61,0x6e,0x73,0x66,0x6f,0x72,0x6d,
    0x29,0x3b,0x0a,0x00,0x3d,0x74,0x72,0x61,0x6e,0x73,0x70,0x6f,0x73,0x65,0x28,0x62,
    0x6f,0x6e,0x65,0x73,0x55,0x6e,0x69,0x66,0x6f,0x72,0x6d,0x73,0x2e,0x61,0x5b,0x69,
    0x64,0x73,0x2e,0x79,0x5d,0x2e,0x74,0x72,0x61,0x6e,0x73,0x66,0x6f,0x72,0x6d,0x29,
    0x3b,0x0a,0x00,0x3d,0x74,0x72,0x61,0x6e,0x73,0x70,0x6f,0x73,0x65,0x28,0x62,0x6f,
    0x6e,0x65,0x73,0x55,0x6e,0x69,0x66,0x6f,0x72,0x6d,0x73,0x2e,0x61,0x5b,0x69,0x64,
    0x73,0x2e,0x7a,0x5d,0x2e,0x74,0x72,0x61,0x6e,0x73,0x66,0x6f,0x72,0x6d,0x29,0x3b,
    0x0a,0x00,0x42,0x6f,0x6e,0x65,0x44,0x61,0x74,0x61,0x20,0x61,0x5b,0x32,0x35,0x36,
    0x5d,0x3b,0x0a,0x00,0x76,0x65,0x63,0x34,0x20,0x61,0x5b,0x32,0x35,0x36,0x5d,0x3b,
    0x0a,0x00,0x69,0x66,0x20,0x28,0x77,0x65,0x69,0x67,0x68,0x74,0x73,0x2e,0x77,0x3e,
    0x3d,0x30,0x2e,0x30,0x29,0x0a,0x00,0x70,0x3d,0x28,0x28,0x28,0x28,0x28,0x00,0x5b,
    0x33,0x5d,0x29,0x29,0x29,0x2a,0x77,0x65,0x69,0x67,0x68,0x74,0x73,0x2e,0x7a,0x29,
    0x29,0x2b,0x28,0x28,0x28,0x00,0x5b,0x33,0x5d,0x29,0x29,0x29,0x2a,0x77,0x65,0x69,
    0x67,0x68,0x74,0x73,0x2e,0x77,0x29,0x3b,0x0a,0x00,0x72,0x65,0x74,0x75,0x72,0x6e,
    0x3b,0x0a,0x00,0x3d,0x75,0x69,0x6e,0x74,0x28,0x28,0x2d,0x77,0x65,0x69,0x67,0x68,
    0x74,0x73,0x2e,0x77,0x29,0x2d,0x31,0x2e,0x30,0x29,0x3b,0x0a,0x00,0x2b,0x28,0x69,
    0x64,0x73,0x2e,0x77,0x2d,0x33,0x75,0x29,0x3b,0x0a,0x00,0x3d,0x28,0x28,0x28,0x28,
    0x00,0x5b,0x33,0x5d,0x29,0x29,0x29,0x2a,0x77,0x65,0x69,0x67,0x68,0x74,0x73,0x2e,
    0x7a,0x29,0x3b,0x0a,0x00,0x66,0x6f,0x72,0x20,0x28,0x75,0x69,0x6e,0x74,0x20,0x00,
    0x3b,0x20,0x00,0x3c,0x00,0x3b,0x20,0x29,0x0a,0x00,0x3d,0x74,0x65,0x78,0x65,0x6c,
    0x46,0x65,0x74,0x63,0x68,0x28,0x73,0x61,0x6d,0x70,0x6c,0x65,0x72,0x31,0x5f,0x69,
    0x6e,0x64,0x69,0x63,0x65,0x73,0x41,0x6e,0x64,0x57,0x65,0x69,0x67,0x68,0x74,0x73,
    0x2c,0x69,0x76,0x65,0x63,0x32,0x28,0x69,0x6e,0x74,0x28,0x00,0x20,0x25,0x20,0x32,
    0x30,0x34,0x38,0x75,0x29,0x2c,0x69,0x6e,0x74,0x28,0x00,0x2f,0x32,0x30,0x34,0x38,
    0x75,0x29,0x29,0x2c,0x30,0x29,0x2e,0x78,0x79,0x3b,0x0a,0x00,0x2e,0x78,0x29,0x5d,
    0x2e,0x74,0x72,0x61,0x6e,0x73,0x66,0x6f,0x72,0x6d,0x29,0x3b,0x0a,0x00,0x20,0x2b,
    0x3d,0x20,0x28,0x28,0x28,0x00,0x5b,0x33,0x5d,0x29,0x29,0x29,0x2a,0x00,0x2b,0x2b,
    0x3b,0x0a,0x00,0x63,0x6f,0x6e,0x74,0x69,0x6e,0x75,0x65,0x3b,0x0a,0x00,0x70,0x3d,
    0x00,0x3d,0x67,0x6c,0x5f,0x56,0x65,0x72,0x74,0x65,0x78,0x49,0x44,0x2b,0x70,0x75,
    0x73,0x68,0x43,0x6f,0x6e,0x73,0x74,0x61,0x6e,0x74,0x73,0x2e,0x6d,0x6f,0x72,0x70,
    0x68,0x69,0x6e,0x67,0x42,0x75,0x66,0x66,0x65,0x72,0x4f,0x66,0x66,0x73,0x65,0x74,
    0x3b,0x0a,0x00,0x3d,0x69,0x76,0x65,0x63,0x33,0x28,0x00,0x20,0x25,0x20,0x32,0x30,
    0x34,0x38,0x2c,0x00,0x2f,0x32,0x30,0x34,0x38,0x2c,0x30,0x29,0x3b,0x0a,0x00,0x66,
    0x6f,0x72,0x20,0x28,0x69,0x6e,0x74,0x20,0x00,0x3d,0x30,0x3b,0x20,0x00,0x2b,0x2b,
    0x29,0x0a,0x00,0x5d,0x2e,0x78,0x21,0x3d,0x30,0x2e,0x30,0x29,0x0a,0x00,0x2b,0x28,
    0x74,0x65,0x78,0x65,0x6c,0x46,0x65,0x74,0x63,0x68,0x28,0x73,0x61,0x6d,0x70,0x6c,
    0x65,0x72,0x31,0x5f,0x70,0x6f,0x73,0x69,0x74,0x69,0x6f,0x6e,0x73,0x2c,0x00,0x5d,
    0x2e,0x78,0x29,0x3b,0x0a,0x00,0x2c,0x6d,0x65,0x73,0x68,0x5f,0x62,0x6f,0x6e,0x65,
    0x5f,0x69,0x6e,0x64,0x69,0x63,0x65,0x73,0x2c,0x6d,0x65,0x73,0x68,0x5f,0x62,0x6f,
    0x6e,0x65,0x5f,0x77,0x65,0x69,0x67,0x68,0x74,0x73,0x29,0x3b,0x0a,0x00,0x2e,0x79,
    0x3d,0x00,0x6c,0x61,0x79,0x6f,0x75,0x74,0x28,0x6c,0x6f,0x63,0x61,0x74,0x69,0x6f,
    0x6e,0x3d,0x36,0x29,0x20,0x6f,0x75,0x74,0x20,0x76,0x65,0x63,0x34,0x20,0x76,0x65,
    0x72,0x74,0x65,0x78,0x5f,0x77,0x6f,0x72,0x6c,0x64,0x50,0x6f,0x73,0x69,0x74,0x69,
    0x6f,0x6e,0x3b,0x0a,0x00,0x6c,0x61,0x79,0x6f,0x75,0x74,0x28,0x6c,0x6f,0x63,0x61,
    0x74,0x69,0x6f,0x6e,0x3d,0x31,0x32,0x29,0x20,0x6f,0x75,0x74,0x20,0x76,0x65,0x63,
    0x34,0x20,0x76,0x65,0x72,0x74,0x65,0x78,0x5f,0x70,0x72,0x65,0x76,0x50,0x6f,0x73,
    0x69,0x74,0x69,0x6f,0x6e,0x3b,0x0a,0x00,0x6d,0x61,0x74,0x34,0x20,0x6f,0x62,0x6a,
    0x65,0x63,0x74,0x5f,0x75,0x6e,0x69,0x66,0x6f,0x72,0x6d,0x73,0x5f,0x70,0x72,0x65,
    0x76,0x57,0x6f,0x72,0x6c,0x64,0x46,0x72,0x6f,0x6d,0x4d,0x6f,0x64,0x65,0x6c,0x4d,
    0x61,0x74,0x72,0x69,0x78,0x3b,0x0a,0x00,0x76,0x65,0x63,0x34,0x20,0x63,0x6f,0x6d,
    0x70,0x75,0x74,0x65,0x50,0x72,0x65,0x76,0x69,0x6f,0x75,0x73,0x43,0x6c,0x69,0x70,
    0x50,0x6f,0x73,0x69,0x74,0x69,0x6f,0x6e,0x28,0x76,0x65,0x63,0x34,0x20,0x63,0x75,
    0x72,0x72,0x65,0x6e,0x74,0x50,0x6f,0x73,0x69,0x74,0x69,0x6f,0x6e,0x29,0x0a,0x00,
    0x69,0x66,0x20,0x28,0x66,0x72,0x61,0x6d,0x65,0x55,0x6e,0x69,0x66,0x6f,0x72,0x6d,
    0x73,0x2e,0x6d,0x7a,0x7a,0x7a,0x2e,0x78,0x3d,0x3d,0x30,0x2e,0x30,0x29,0x0a,0x00,
    0x72,0x65,0x74,0x75,0x72,0x6e,0x20,0x63,0x75,0x72,0x72,0x65,0x6e,0x74,0x50,0x6f,
    0x73,0x69,0x74,0x69,0x6f,0x6e,0x3b,0x0a,0x00,0x76,0x65,0x72,0x74,0x65,0x78,0x5f,
    0x70,0x72,0x65,0x76,0x50,0x6f,0x73,0x69,0x74,0x69,0x6f,0x6e,0x3d,0x63,0x6f,0x6d,
    0x70,0x75,0x74,0x65,0x50,0x72,0x65,0x76,0x69,0x6f,0x75,0x73,0x43,0x6c,0x69,0x70,
    0x50,0x6f,0x73,0x69,0x74,0x69,0x6f,0x6e,0x28,0x00,0x3d,0x74,0x72,0x61,0x6e,0x73,
    0x70,0x6f,0x73,0x65,0x28,0x70,0x72,0x65,0x76,0x42,0x6f,0x6e,0x65,0x73,0x55,0x6e,
    0x69,0x66,0x6f,0x72,0x6d,0x73,0x2e,0x61,0x5b,0x69,0x64,0x73,0x2e,0x78,0x5d,0x2e,
    0x74,0x72,0x61,0x6e,0x73,0x66,0x6f,0x72,0x6d,0x29,0x3b,0x0a,0x00,0x3d,0x74,0x72,
    0x61,0x6e,0x73,0x70,0x6f,0x73,0x65,0x28,0x70,0x72,0x65,0x76,0x42,0x6f,0x6e,0x65,
    0x73,0x55,0x6e,0x69,0x66,0x6f,0x72,0x6d,0x73,0x2e,0x61,0x5b,0x69,0x64,0x73,0x2e,
    0x79,0x5d,0x2e,0x74,0x72,0x61,0x6e,0x73,0x66,0x6f,0x72,0x6d,0x29,0x3b,0x0a,0x00,
    0x3d,0x74,0x72,0x61,0x6e,0x73,0x70,0x6f,0x73,0x65,0x28,0x70,0x72,0x65,0x76,0x42,
    0x6f,0x6e,0x65,0x73,0x55,0x6e,0x69,0x66,0x6f,0x72,0x6d,0x73,0x2e,0x61,0x5b,0x69,
    0x64,0x73,0x2e,0x7a,0x5d,0x2e,0x74,0x72,0x61,0x6e,0x73,0x66,0x6f,0x72,0x6d,0x29,
    0x3b,0x0a,0x00,0x69,0x66,0x20,0x28,0x28,0x6f,0x62,0x6a,0x65,0x63,0x74,0x5f,0x75,
    0x6e,0x69,0x66,0x6f,0x72,0x6d,0x73,0x5f,0x66,0x6c,0x61,0x67,0x73,0x43,0x68,0x61,
    0x6e,0x6e,0x65,0x6c,0x73,0x20,0x26,0x20,0x35,0x31,0x32,0x29,0x21,0x3d,0x30,0x29,
    0x0a,0x00,0x3c,0x6f,0x62,0x6a,0x65,0x63,0x74,0x5f,0x75,0x6e,0x69,0x66,0x6f,0x72,
    0x6d,0x73,0x5f,0x6d,0x6f,0x72,0x70,0x68,0x54,0x61,0x72,0x67,0x65,0x74,0x43,0x6f,
    0x75,0x6e,0x74,0x3b,0x20,0x00,0x69,0x66,0x20,0x28,0x28,0x6f,0x62,0x6a,0x65,0x63,
    0x74,0x5f,0x75,0x6e,0x69,0x66,0x6f,0x72,0x6d,0x73,0x5f,0x66,0x6c,0x61,0x67,0x73,
    0x43,0x68,0x61,0x6e,0x6e,0x65,0x6c,0x73,0x20,0x26,0x20,0x32,0x35,0x36,0x29,0x21,
    0x3d,0x30,0x29,0x0a,0x00,0x23,0x69,0x66,0x6e,0x64,0x65,0x66,0x20,0x53,0x50,0x49,
    0x52,0x56,0x5f,0x43,0x52,0x4f,0x53,0x53,0x5f,0x43,0x4f,0x4e,0x53,0x54,0x41,0x4e,
    0x54,0x5f,0x49,0x44,0x5f,0x38,0x0a,0x00,0x23,0x64,0x65,0x66,0x69,0x6e,0x65,0x20,
    0x53,0x50,0x49,0x52,0x56,0x5f,0x43,0x52,0x4f,0x53,0x53,0x5f,0x43,0x4f,0x4e,0x53,
    0x54,0x41,0x4e,0x54,0x5f,0x49,0x44,0x5f,0x38,0x20,0x32,0x0a,0x00,0x63,0x6f,0x6e,
    0x73,0x74,0x20,0x69,0x6e,0x74,0x20,0x43,0x4f,0x4e,0x46,0x49,0x47,0x5f,0x53,0x54,
    0x45,0x52,0x45,0x4f,0x5f,0x45,0x59,0x45,0x5f,0x43,0x4f,0x55,0x4e,0x54,0x3d,0x53,
    0x50,0x49,0x52,0x56,0x5f,0x43,0x52,0x4f,0x53,0x53,0x5f,0x43,0x4f,0x4e,0x53,0x54,
    0x41,0x4e,0x54,0x5f,0x49,0x44,0x5f,0x38,0x3b,0x0a,0x00,0x3d,0x69,0x6e,0x73,0x74,
    0x61,0x6e,0x63,0x65,0x5f,0x69,0x6e,0x64,0x65,0x78,0x2f,0x43,0x4f,0x4e,0x46,0x49,
    0x47,0x5f,0x53,0x54,0x45,0x52,0x45,0x4f,0x5f,0x45,0x59,0x45,0x5f,0x43,0x4f,0x55,
    0x4e,0x54,0x3b,0x0a,0x00,0x5d,0x2e,0x77,0x6f,0x72,0x6c,0x64,0x46,0x72,0x6f,0x6d,
    0x4d,0x6f,0x64,0x65,0x6c,0x4d,0x61,0x74,0x72,0x69,0x78,0x5b,0x33,0x5d,0x29,0x29,
    0x29,0x2e,0x77,0x6f,0x72,0x6c,0x64,0x50,0x6f,0x73,0x69,0x74,0x69,0x6f,0x6e,0x3b,
    0x0a,0x00,0x3d,0x69,0x6e,0x73,0x74,0x61,0x6e,0x63,0x65,0x5f,0x69,0x6e,0x64,0x65,
    0x78,0x20,0x25,0x20,0x43,0x4f,0x4e,0x46,0x49,0x47,0x5f,0x53,0x54,0x45,0x52,0x45,
    0x4f,0x5f,0x45,0x59,0x45,0x5f,0x43,0x4f,0x55,0x4e,0x54,0x3b,0x0a,0x00,0x3d,0x66,
    0x6c,0x6f,0x61,0x74,0x28,0x43,0x4f,0x4e,0x46,0x49,0x47,0x5f,0x53,0x54,0x45,0x52,
    0x45,0x4f,0x5f,0x45,0x59,0x45,0x5f,0x43,0x4f,0x55,0x4e,0x54,0x29,0x3b,0x0a,0x00,
    0x3d,0x32,0x2e,0x30,0x2f,0x00,0x2e,0x78,0x2a,0x28,0x31,0x2e,0x30,0x2f,0x00,0x2e,
    0x78,0x2b,0x28,0x28,0x28,0x28,0x2d,0x31,0x2e,0x30,0x29,0x2b,0x28,0x00,0x2f,0x32,
    0x2e,0x30,0x29,0x29,0x2b,0x00,0x67,0x6c,0x5f,0x43,0x6c,0x69,0x70,0x44,0x69,0x73,
    0x74,0x61,0x6e,0x63,0x65,0x5b,0x30,0x5d,0x3d,0x00,0x2e,0x78,0x2b,0x28,0x28,0x31,
    0x2e,0x30,0x2d,0x00,0x67,0x6c,0x5f,0x43,0x6c,0x69,0x70,0x44,0x69,0x73,0x74,0x61,
    0x6e,0x63,0x65,0x5b,0x31,0x5d,0x3d,0x2d,0x28,0x00,0x2e,0x78,0x2b,0x28,0x28,0x31,
    0x2e,0x30,0x2d,0x28,0x00,0x2b,0x31,0x29,0x29,0x29,0x2a,0x00,0x2e,0x77,0x29,0x29,
    0x3b,0x0a,0x00,0x69,0x6e,0x73,0x74,0x61,0x6e,0x63,0x65,0x5f,0x69,0x6e,0x64,0x65,
    0x78,0x3d,0x00,0x73,0x74,0x72,0x75,0x63,0x74,0x20,0x42,0x6f,0x6e,0x65,0x44,0x61,
    0x74,0x61,0x0a,0x00,0x6d,0x61,0x74,0x33,0x78,0x34,0x20,0x74,0x72,0x61,0x6e,0x73,
    0x66,0x6f,0x72,0x6d,0x3b,0x0a,0x00,0x76,0x65,0x63,0x33,0x20,0x63,0x6f,0x66,0x30,
    0x3b,0x0a,0x00,0x66,0x6c,0x6f,0x61,0x74,0x20,0x63,0x6f,0x66,0x31,0x78,0x3b,0x0a,
    0x00,0x73,0x74,0x72,0x75,0x63,0x74,0x20,0x43,0x6f,0x6e,0x73,0x74,0x61,0x6e,0x74,
    0x73,0x0a,0x00,0x69,0x6e,0x74,0x20,0x6d,0x6f,0x72,0x70,0x68,0x69,0x6e,0x67,0x42,
    0x75,0x66,0x66,0x65,0x72,0x4f,0x66,0x66,0x73,0x65,0x74,0x3b,0x0a,0x00,0x6c,0x61,
    0x79,0x6f,0x75,0x74,0x28,0x73,0x74,0x64,0x31,0x34,0x30,0x29,0x20,0x75,0x6e,0x69,
    0x66,0x6f,0x72,0x6d,0x20,0x42,0x6f,0x6e,0x65,0x73,0x55,0x6e,0x69,0x66,0x6f,0x72,
    0x6d,0x73,0x0a,0x00,0x7d,0x20,0x62,0x6f,0x6e,0x65,0x73,0x55,0x6e,0x69,0x66,0x6f,
    0x72,0x6d,0x73,0x3b,0x0a,0x00,0x6c,0x61,0x79,0x6f,0x75,0x74,0x28,0x73,0x74,0x64,
    0x31,0x34,0x30,0x29,0x20,0x75,0x6e,0x69,0x66,0x6f,0x72,0x6d,0x20,0x4d,0x6f,0x72,
    0x70,0x68,0x69,0x6e,0x67,0x55,0x6e,0x69,0x66,0x6f,0x72,0x6d,0x73,0x0a,0x00,0x7d,
    0x20,0x6d,0x6f,0x72,0x70,0x68,0x69,0x6e,0x67,0x55,0x6e,0x69,0x66,0x6f,0x72,0x6d,
    0x73,0x3b,0x0a,0x00,0x75,0x6e,0x69,0x66,0x6f,0x72,0x6d,0x20,0x73,0x61,0x6d,0x70,
    0x6c,0x65,0x72,0x32,0x44,0x20,0x73,0x61,0x6d,0x70,0x6c,0x65,0x72,0x31,0x5f,0x69,
    0x6e,0x64,0x69,0x63,0x65,0x73,0x41,0x6e,0x64,0x57,0x65,0x69,0x67,0x68,0x74,0x73,
    0x3b,0x0a,0x00,0x75,0x6e,0x69,0x66,0x6f,0x72,0x6d,0x20,0x43,0x6f,0x6e,0x73,0x74,
    0x61,0x6e,0x74,0x73,0x20,0x70,0x75,0x73,0x68,0x43,0x6f,0x6e,0x73,0x74,0x61,0x6e,
    0x74,0x73,0x3b,0x0a,0x00,0x75,0x6e,0x69,0x66,0x6f,0x72,0x6d,0x20,0x73,0x61,0x6d,
    0x70,0x6c,0x65,0x72,0x32,0x44,0x41,0x72,0x72,0x61,0x79,0x20,0x73,0x61,0x6d,0x70,
    0x6c,0x65,0x72,0x31,0x5f,0x70,0x6f,0x73,0x69,0x74,0x69,0x6f,0x6e,0x73,0x3b,0x0a,
    0x00,0x6c,0x61,0x79,0x6f,0x75,0x74,0x28,0x6c,0x6f,0x63,0x61,0x74,0x69,0x6f,0x6e,
    0x3d,0x35,0x29,0x20,0x69,0x6e,0x20,0x75,0x76,0x65,0x63,0x34,0x20,0x6d,0x65,0x73,
    0x68,0x5f,0x62,0x6f,0x6e,0x65,0x5f,0x69,0x6e,0x64,0x69,0x63,0x65,0x73,0x3b,0x0a,
    0x00,0x6c,0x61,0x79,0x6f,0x75,0x74,0x28,0x6c,0x6f,0x63,0x61,0x74,0x69,0x6f,0x6e,
    0x3d,0x36,0x29,0x20,0x69,0x6e,0x20,0x76,0x65,0x63,0x34,0x20,0x6d,0x65,0x73,0x68,
    0x5f,0x62,0x6f,0x6e,0x65,0x5f,0x77,0x65,0x69,0x67,0x68,0x74,0x73,0x3b,0x0a,0x00,
    0x76,0x6f,0x69,0x64,0x20,0x73,0x6b,0x69,0x6e,0x50,0x6f,0x73,0x69,0x74,0x69,0x6f,
    0x6e,0x28,0x69,0x6e,0x6f,0x75,0x74,0x20,0x76,0x65,0x63,0x33,0x20,0x70,0x2c,0x75,
    0x76,0x65,0x63,0x34,0x20,0x69,0x64,0x73,0x2c,0x76,0x65,0x63,0x34,0x20,0x77,0x65,
    0x69,0x67,0x68,0x74,0x73,0x29,0x0a,0x00,0x3d,0x74,0x72,0x61,0x6e,0x73,0x70,0x6f,
    0x73,0x65,0x28,0x62,0x6f,0x6e,0x65,0x73,0x55,0x6e,0x69,0x66,0x6f,0x72,0x6d,0x73,
    0x2e,0x61,0x5b,0x69,0x64,0x73,0x2e,0x77,0x5d,0x2e,0x74,0x72,0x61,0x6e,0x73,0x66,
    0x6f,0x72,0x6d,0x29,0x3b,0x0a,0x00,0x3d,0x74,0x72,0x61,0x6e,0x73,0x70,0x6f,0x73,
    0x65,0x28,0x62,0x6f,0x6e,0x65,0x73,0x55,0x6e,0x69,0x66,0x6f,0x72,0x6d,0x73,0x2e,
    0x61,0x5b,0x75,0x69,0x6e,0x74,0x28,0x00,0x69,0x66,0x20,0x28,0x6d,0x6f,0x72,0x70,
    0x68,0x69,0x6e,0x67,0x55,0x6e,0x69,0x66,0x6f,0x72,0x6d,0x73,0x2e,0x61,0x5b,0x00,
    0x2c,0x30,0x29,0x2a,0x6d,0x6f,0x72,0x70,0x68,0x69,0x6e,0x67,0x55,0x6e,0x69,0x66,
    0x6f,0x72,0x6d,0x73,0x2e,0x61,0x5b,0x00,0x73,0x6b,0x69,0x6e,0x50,0x6f,0x73,0x69,
    0x74,0x69,0x6f,0x6e,0x28,0x00,0x76,0x65,0x72,0x74,0x65,0x78,0x5f,0x77,0x6f,0x72,
    0x6c,0x64,0x50,0x6f,0x73,0x69,0x74,0x69,0x6f,0x6e,0x2e,0x78,0x3d,0x00,0x76,0x65,
    0x72,0x74,0x65,0x78,0x5f,0x77,0x6f,0x72,0x6c,0x64,0x50,0x6f,0x73,0x69,0x74,0x69,
    0x6f,0x6e,0x2e,0x79,0x3d,0x00,0x76,0x65,0x72,0x74,0x65,0x78,0x5f,0x77,0x6f,0x72,
    0x6c,0x64,0x50,0x6f,0x73,0x69,0x74,0x69,0x6f,0x6e,0x2e,0x7a,0x3d,0x00,0x3d,0x66,
    0x72,0x61,0x6d,0x65,0x55,0x6e,0x69,0x66,0x6f,0x72,0x6d,0x73,0x2e,0x66,0x5b,0x30,
    0x5d,0x2a,0x00,0x3d,0x4d,0x61,0x74,0x65,0x72,0x69,0x61,0x6c,0x56,0x65,0x72,0x74,
    0x65,0x78,0x49,0x6e,0x70,0x75,0x74,0x73,0x28,0x28,0x6f,0x62,0x6a,0x65,0x63,0x74,
    0x55,0x6e,0x69,0x66,0x6f,0x72,0x6d,0x73,0x2e,0x61,0x5b,0x00,0x3d,0x66,0x72,0x61,
    0x6d,0x65,0x55,0x6e,0x69,0x66,0x6f,0x72,0x6d,0x73,0x2e,0x66,0x5b,0x69,0x6e,0x73,
    0x74,0x61,0x6e,0x63,0x65,0x5f,0x69,0x6e,0x64,0x65,0x78,0x20,0x25,0x20,0x43,0x4f,
    0x4e,0x46,0x49,0x47,0x5f,0x53,0x54,0x45,0x52,0x45,0x4f,0x5f,0x45,0x59,0x45,0x5f,
    0x43,0x4f,0x55,0x4e,0x54,0x5d,0x2a,0x00,0x72,0x65,0x74,0x75,0x72,0x6e,0x20,0x66,
    0x72,0x61,0x6d,0x65,0x55,0x6e,0x69,0x66,0x6f,0x72,0x6d,0x73,0x2e,0x6c,0x7a,0x7a,
    0x7a,0x2a,0x28,0x28,0x6f,0x62,0x6a,0x65,0x63,0x74,0x5f,0x75,0x6e,0x69,0x66,0x6f,
    0x72,0x6d,0x73,0x5f,0x70,0x72,0x65,0x76,0x57,0x6f,0x72,0x6c,0x64,0x46,0x72,0x6f,
    0x6d,0x4d,0x6f,0x64,0x65,0x6c,0x4d,0x61,0x74,0x72,0x69,0x78,0x5b,0x30,0x5d,0x2a,
    0x6d,0x65,0x73,0x68,0x5f,0x70,0x6f,0x73,0x69,0x74,0x69,0x6f,0x6e,0x2e,0x78,0x79,
    0x7a,0x2e,0x78,0x29,0x2b,0x28,0x28,0x6f,0x62,0x6a,0x65,0x63,0x74,0x5f,0x75,0x6e,
    0x69,0x66,0x6f,0x72,0x6d,0x73,0x5f,0x70,0x72,0x65,0x76,0x57,0x6f,0x72,0x6c,0x64,
    0x46,0x72,0x6f,0x6d,0x4d,0x6f,0x64,0x65,0x6c,0x4d,0x61,0x74,0x72,0x69,0x78,0x5b,
    0x31,0x5d,0x2a,0x6d,0x65,0x73,0x68,0x5f,0x70,0x6f,0x73,0x69,0x74,0x69,0x6f,0x6e,
    0x2e,0x78,0x79,0x7a,0x2e,0x79,0x29,0x2b,0x28,0x28,0x6f,0x62,0x6a,0x65,0x63,0x74,
    0x5f,0x75,0x6e,0x69,0x66,0x6f,0x72,0x6d,0x73,0x5f,0x70,0x72,0x65,0x76,0x57,0x6f,
    0x72,0x6c,0x64,0x46,0x72,0x6f,0x6d,0x4d,0x6f,0x64,0x65,0x6c,0x4d,0x61,0x74,0x72,
    0x69,0x78,0x5b,0x32,0x5d,0x2a,0x6d,0x65,0x73,0x68,0x5f,0x70,0x6f,0x73,0x69,0x74,
    0x69,0x6f,0x6e,0x2e,0x78,0x79,0x7a,0x2e,0x7a,0x29,0x2b,0x6f,0x62,0x6a,0x65,0x63,
    0x74,0x5f,0x75,0x6e,0x69,0x66,0x6f,0x72,0x6d,0x73,0x5f,0x70,0x72,0x65,0x76,0x57,
    0x6f,0x72,0x6c,0x64,0x46,0x72,0x6f,0x6d,0x4d,0x6f,0x64,0x65,0x6c,0x4d,0x61,0x74,
    0x72,0x69,0x78,0x5b,0x33,0x5d,0x29,0x29,0x29,0x3b,0x0a,0x00,0x6f,0x62,0x6a,0x65,
    0x63,0x74,0x5f,0x75,0x6e,0x69,0x66,0x6f,0x72,0x6d,0x73,0x5f,0x70,0x72,0x65,0x76,
    0x57,0x6f,0x72,0x6c,0x64,0x46,0x72,0x6f,0x6d,0x4d,0x6f,0x64,0x65,0x6c,0x4d,0x61,
    0x74,0x72,0x69,0x78,0x3d,0x6f,0x62,0x6a,0x65,0x63,0x74,0x55,0x6e,0x69,0x66,0x6f,
    0x72,0x6d,0x73,0x2e,0x61,0x5b,0x69,0x6e,0x73,0x74,0x61,0x6e,0x63,0x65,0x5f,0x69,
    0x6e,0x64,0x65,0x78,0x5d,0x2e,0x70,0x72,0x65,0x76,0x57,0x6f,0x72,0x6c,0x64,0x46,
    0x72,0x6f,0x6d,0x4d,0x6f,0x64,0x65,0x6c,0x4d,0x61,0x74,0x72,0x69,0x78,0x3b,0x0a,
    0x00,0x6f,0x62,0x6a,0x65,0x63,0x74,0x5f,0x75,0x6e,0x69,0x66,0x6f,0x72,0x6d,0x73,
    0x5f,0x70,0x72,0x65,0x76,0x57,0x6f,0x72,0x6c,0x64,0x46,0x72,0x6f,0x6d,0x4d,0x6f,
    0x64,0x65,0x6c,0x4d,0x61,0x74,0x72,0x69,0x78,0x3d,0x6f,0x62,0x6a,0x65,0x63,0x74,
    0x55,0x6e,0x69,0x66,0x6f,0x72,0x6d,0x73,0x2e,0x61,0x5b,0x00,0x5d,0x2e,0x70,0x72,
    0x65,0x76,0x57,0x6f,0x72,0x6c,0x64,0x46,0x72,0x6f,0x6d,0x4d,0x6f,0x64,0x65,0x6c,
    0x4d,0x61,0x74,0x72,0x69,0x78,0x3b,0x0a,0x00,0x6c,0x61,0x79,0x6f,0x75,0x74,0x28,
    0x73,0x74,0x64,0x31,0x34,0x30,0x29,0x20,0x75,0x6e,0x69,0x66,0x6f,0x72,0x6d,0x20,
    0x50,0x72,0x65,0x76,0x42,0x6f,0x6e,0x65,0x73,0x55,0x6e,0x69,0x66,0x6f,0x72,0x6d,
    0x73,0x0a,0x00,0x7d,0x20,0x70,0x72,0x65,0x76,0x42,0x6f,0x6e,0x65,0x73,0x55,0x6e,
    0x69,0x66,0x6f,0x72,0x6d,0x73,0x3b,0x0a,0x00,0x6c,0x61,0x79,0x6f,0x75,0x74,0x28,
    0x73,0x74,0x64,0x31,0x34,0x30,0x29,0x20,0x75,0x6e,0x69,0x66,0x6f,0x72,0x6d,0x20,
    0x50,0x72,0x65,0x76,0x4d,0x6f,0x72,0x70,0x68,0x69,0x6e,0x67,0x55,0x6e,0x69,0x66,
    0x6f,0x72,0x6d,0x73,0x0a,0x00,0x7d,0x20,0x70,0x72,0x65,0x76,0x4d,0x6f,0x72,0x70,
    0x68,0x69,0x6e,0x67,0x55,0x6e,0x69,0x66,0x6f,0x72,0x6d,0x73,0x3b,0x0a,0x00,0x69,
    0x6e,0x74,0x20,0x6f,0x62,0x6a,0x65,0x63,0x74,0x5f,0x75,0x6e,0x69,0x66,0x6f,0x72,
    0x6d,0x73,0x5f,0x6d,0x6f,0x72,0x70,0x68,0x54,0x61,0x72,0x67,0x65,0x74,0x43,0x6f,
    0x75,0x6e,0x74,0x3b,0x0a,0x00,0x69,0x6e,0x74,0x20,0x6f,0x62,0x6a,0x65,0x63,0x74,
    0x5f,0x75,0x6e,0x69,0x66,0x6f,0x72,0x6d,0x73,0x5f,0x66,0x6c,0x61,0x67,0x73,0x43,
    0x68,0x61,0x6e,0x6e,0x65,0x6c,0x73,0x3b,0x0a,0x00,0x76,0x6f,0x69,0x64,0x20,0x73,
    0x6b,0x69,0x6e,0x50,0x6f,0x73,0x69,0x74,0x69,0x6f,0x6e,0x50,0x72,0x65,0x76,0x28,
    0x69,0x6e,0x6f,0x75,0x74,0x20,0x76,0x65,0x63,0x33,0x20,0x70,0x2c,0x75,0x76,0x65,
    0x63,0x34,0x20,0x69,0x64,0x73,0x2c,0x76,0x65,0x63,0x34,0x20,0x77,0x65,0x69,0x67,
    0x68,0x74,0x73,0x29,0x0a,0x00,0x3d,0x74,0x72,0x61,0x6e,0x73,0x70,0x6f,0x73,0x65,
    0x28,0x70,0x72,0x65,0x76,0x42,0x6f,0x6e,0x65,0x73,0x55,0x6e,0x69,0x66,0x6f,0x72,
    0x6d,0x73,0x2e,0x61,0x5b,0x69,0x64,0x73,0x2e,0x77,0x5d,0x2e,0x74,0x72,0x61,0x6e,
    0x73,0x66,0x6f,0x72,0x6d,0x29,0x3b,0x0a,0x00,0x3d,0x74,0x72,0x61,0x6e,0x73,0x70,
    0x6f,0x73,0x65,0x28,0x70,0x72,0x65,0x76,0x42,0x6f,0x6e,0x65,0x73,0x55,0x6e,0x69,
    0x66,0x6f,0x72,0x6d,0x73,0x2e,0x61,0x5b,0x75,0x69,0x6e,0x74,0x28,0x00,0x69,0x66,
    0x20,0x28,0x70,0x72,0x65,0x76,0x4d,0x6f,0x72,0x70,0x68,0x69,0x6e,0x67,0x55,0x6e,
    0x69,0x66,0x6f,0x72,0x6d,0x73,0x2e,0x61,0x5b,0x00,0x2c,0x30,0x29,0x2a,0x70,0x72,
    0x65,0x76,0x4d,0x6f,0x72,0x70,0x68,0x69,0x6e,0x67,0x55,0x6e,0x69,0x66,0x6f,0x72,
    0x6d,0x73,0x2e,0x61,0x5b,0x00,0x73,0x6b,0x69,0x6e,0x50,0x6f,0x73,0x69,0x74,0x69,
    0x6f,0x6e,0x50,0x72,0x65,0x76,0x28,0x00,0x72,0x65,0x74,0x75,0x72,0x6e,0x20,0x66,
    0x72,0x61,0x6d,0x65,0x55,0x6e,0x69,0x66,0x6f,0x72,0x6d,0x73,0x2e,0x6c,0x7a,0x7a,
    0x7a,0x2a,0x28,0x28,0x6f,0x62,0x6a,0x65,0x63,0x74,0x5f,0x75,0x6e,0x69,0x66,0x6f,
    0x72,0x6d,0x73,0x5f,0x70,0x72,0x65,0x76,0x57,0x6f,0x72,0x6c,0x64,0x46,0x72,0x6f,
    0x6d,0x4d,0x6f,0x64,0x65,0x6c,0x4d,0x61,0x74,0x72,0x69,0x78,0x5b,0x30,0x5d,0x2a,
    0x00,0x2e,0x78,0x79,0x7a,0x2e,0x78,0x29,0x2b,0x28,0x28,0x6f,0x62,0x6a,0x65,0x63,
    0x74,0x5f,0x75,0x6e,0x69,0x66,0x6f,0x72,0x6d,0x73,0x5f,0x70,0x72,0x65,0x76,0x57,
    0x6f,0x72,0x6c,0x64,0x46,0x72,0x6f,0x6d,0x4d,0x6f,0x64,0x65,0x6c,0x4d,0x61,0x74,
    0x72,0x69,0x78,0x5b,0x31,0x5d,0x2a,0x00,0x2e,0x78,0x79,0x7a,0x2e,0x79,0x29,0x2b,
    0x28,0x28,0x6f,0x62,0x6a,0x65,0x63,0x74,0x5f,0x75,0x6e,0x69,0x66,0x6f,0x72,0x6d,
    0x73,0x5f,0x70,0x72,0x65,0x76,0x57,0x6f,0x72,0x6c,0x64,0x46,0x72,0x6f,0x6d,0x4d,
    0x6f,0x64,0x65,0x6c,0x4d,0x61,0x74,0x72,0x69,0x78,0x5b,0x32,0x5d,0x2a,0x00,0x2e,
    0x78,0x79,0x7a,0x2e,0x7a,0x29,0x2b,0x6f,0x62,0x6a,0x65,0x63,0x74,0x5f,0x75,0x6e,
    0x69,0x66,0x6f,0x72,0x6d,0x73,0x5f,0x70,0x72,0x65,0x76,0x57,0x6f,0x72,0x6c,0x64,
    0x46,0x72,0x6f,0x6d,0x4d,0x6f,0x64,0x65,0x6c,0x4d,0x61,0x74,0x72,0x69,0x78,0x5b,
    0x33,0x5d,0x29,0x29,0x29,0x3b,0x0a,0x00,0x6c,0x61,0x79,0x6f,0x75,0x74,0x28,0x6c,
    0x6f,0x63,0x61,0x74,0x69,0x6f,0x6e,0x3d,0x36,0x29,0x20,0x63,0x65,0x6e,0x74,0x72,
    0x6f,0x69,0x64,0x20,0x6f,0x75,0x74,0x20,0x76,0x65,0x63,0x34,0x20,0x76,0x65,0x72,
    0x74,0x65,0x78,0x5f,0x77,0x6f,0x72,0x6c,0x64,0x50,0x6f,0x73,0x69,0x74,0x69,0x6f,
    0x6e,0x3b,0x0a,0x00,0x76,0x65,0x72,0x74,0x65,0x78,0x5f,0x77,0x6f,0x72,0x6c,0x64,
    0x50,0x6f,0x73,0x69,0x74,0x69,0x6f,0x6e,0x2e,0x77,0x3d,0x28,0x28,0x28,0x28,0x2d,
    0x28,0x66,0x72,0x61,0x6d,0x65,0x55,0x6e,0x69,0x66,0x6f,0x72,0x6d,0x73,0x2e,0x61,
    0x2a,0x00,0x29,0x2e,0x7a,0x29,0x2a,0x66,0x72,0x61,0x6d,0x65,0x55,0x6e,0x69,0x66,
    0x6f,0x72,0x6d,0x73,0x2e,0x75,0x29,0x2d,0x66,0x72,0x61,0x6d,0x65,0x55,0x6e,0x69,
    0x66,0x6f,0x72,0x6d,0x73,0x2e,0x76,0x29,0x2a,0x32,0x2e,0x30,0x29,0x2d,0x31,0x2e,
    0x30,0x3b,0x0a,0x00,0x5d,0x2e,0x77,0x6f,0x72,0x6c,0x64,0x46,0x72,0x6f,0x6d,0x4d,
    0x6f,0x64,0x65,0x6c,0x4d,0x61,0x74,0x72,0x69,0x78,0x5b,0x30,0x5d,0x2a,0x6d,0x65,
    0x73,0x68,0x5f,0x70,0x6f,0x73,0x69,0x74,0x69,0x6f,0x6e,0x2e,0x78,0x79,0x7a,0x2e,
    0x78,0x29,0x2b,0x28,0x28,0x6f,0x62,0x6a,0x65,0x63,0x74,0x55,0x6e,0x69,0x66,0x6f,
    0x72,0x6d,0x73,0x2e,0x61,0x5b,0x00,0x5d,0x2e,0x77,0x6f,0x72,0x6c,0x64,0x46,0x72,
    0x6f,0x6d,0x4d,0x6f,0x64,0x65,0x6c,0x4d,0x61,0x74,0x72,0x69,0x78,0x5b,0x31,0x5d,
    0x2a,0x6d,0x65,0x73,0x68,0x5f,0x70,0x6f,0x73,0x69,0x74,0x69,0x6f,0x6e,0x2e,0x78,
    0x79,0x7a,0x2e,0x79,0x29,0x2b,0x28,0x28,0x6f,0x62,0x6a,0x65,0x63,0x74,0x55,0x6e,
    0x69,0x66,0x6f,0x72,0x6d,0x73,0x2e,0x61,0x5b,0x00,0x5d,0x2e,0x77,0x6f,0x72,0x6c,
    0x64,0x46,0x72,0x6f,0x6d,0x4d,0x6f,0x64,0x65,0x6c,0x4d,0x61,0x74,0x72,0x69,0x78,
    0x5b,0x32,0x5d,0x2a,0x6d,0x65,0x73,0x68,0x5f,0x70,0x6f,0x73,0x69,0x74,0x69,0x6f,
    0x6e,0x2e,0x78,0x79,0x7a,0x2e,0x7a,0x29,0x2b,0x6f,0x62,0x6a,0x65,0x63,0x74,0x55,
    0x6e,0x69,0x66,0x6f,0x72,0x6d,0x73,0x2e,0x61,0x5b,0x00,0x2e,0x78,0x79,0x7a,0x2e,
    0x78,0x29,0x2b,0x28,0x28,0x6f,0x62,0x6a,0x65,0x63,0x74,0x55,0x6e,0x69,0x66,0x6f,
    0x72,0x6d,0x73,0x2e,0x61,0x5b,0x69,0x6e,0x73,0x74,0x61,0x6e,0x63,0x65,0x5f,0x69,
    0x6e,0x64,0x65,0x78,0x5d,0x2e,0x77,0x6f,0x72,0x6c,0x64,0x46,0x72,0x6f,0x6d,0x4d,
    0x6f,0x64,0x65,0x6c,0x4d,0x61,0x74,0x72,0x69,0x78,0x5b,0x31,0x5d,0x2a,0x00,0x2e,
    0x78,0x79,0x7a,0x2e,0x79,0x29,0x2b,0x28,0x28,0x6f,0x62,0x6a,0x65,0x63,0x74,0x55,
    0x6e,0x69,0x66,0x6f,0x72,0x6d,0x73,0x2e,0x61,0x5b,0x69,0x6e,0x73,0x74,0x61,0x6e,
    0x63,0x65,0x5f,0x69,0x6e,0x64,0x65,0x78,0x5d,0x2e,0x77,0x6f,0x72,0x6c,0x64,0x46,
    0x72,0x6f,0x6d,0x4d,0x6f,0x64,0x65,0x6c,0x4d,0x61,0x74,0x72,0x69,0x78,0x5b,0x32,
    0x5d,0x2a,0x00,0x2e,0x78,0x79,0x7a,0x2e,0x7a,0x29,0x2b,0x6f,0x62,0x6a,0x65,0x63,
    0x74,0x55,0x6e,0x69,0x66,0x6f,0x72,0x6d,0x73,0x2e,0x61,0x5b,0x69,0x6e,0x73,0x74,
    0x61,0x6e,0x63,0x65,0x5f,0x69,0x6e,0x64,0x65,0x78,0x5d,0x2e,0x77,0x6f,0x72,0x6c,
    0x64,0x46,0x72,0x6f,0x6d,0x4d,0x6f,0x64,0x65,0x6c,0x4d,0x61,0x74,0x72,0x69,0x78,
    0x5b,0x33,0x5d,0x29,0x29,0x29,0x2e,0x77,0x6f,0x72,0x6c,0x64,0x50,0x6f,0x73,0x69,
    0x74,0x69,0x6f,0x6e,0x3b,0x0a,0x00,0x5d,0x2e,0x77,0x6f,0x72,0x6c,0x64,0x46,0x72,
    0x6f,0x6d,0x4d,0x6f,0x64,0x65,0x6c,0x4d,0x61,0x74,0x72,0x69,0x78,0x5b,0x30,0x5d,
    0x2a,0x00,0x2e,0x78,0x79,0x7a,0x2e,0x78,0x29,0x2b,0x28,0x28,0x6f,0x62,0x6a,0x65,
    0x63,0x74,0x55,0x6e,0x69,0x66,0x6f,0x72,0x6d,0x73,0x2e,0x61,0x5b,0x00,0x5d,0x2e,
    0x77,0x6f,0x72,0x6c,0x64,0x46,0x72,0x6f,0x6d,0x4d,0x6f,0x64,0x65,0x6c,0x4d,0x61,
    0x74,0x72,0x69,0x78,0x5b,0x31,0x5d,0x2a,0x00,0x2e,0x78,0x79,0x7a,0x2e,0x79,0x29,
    0x2b,0x28,0x28,0x6f,0x62,0x6a,0x65,0x63,0x74,0x55,0x6e,0x69,0x66,0x6f,0x72,0x6d,
    0x73,0x2e,0x61,0x5b,0x00,0x5d,0x2e,0x77,0x6f,0x72,0x6c,0x64,0x46,0x72,0x6f,0x6d,
    0x4d,0x6f,0x64,0x65,0x6c,0x4d,0x61,0x74,0x72,0x69,0x78,0x5b,0x32,0x5d,0x2a,0x00,
    0x2e,0x78,0x79,0x7a,0x2e,0x7a,0x29,0x2b,0x6f,0x62,0x6a,0x65,0x63,0x74,0x55,0x6e,
    0x69,0x66,0x6f,0x72,0x6d,0x73,0x2e,0x61,0x5b,0x00,0x3d,0x4d,0x61,0x74,0x65,0x72,
    0x69,0x61,0x6c,0x56,0x65,0x72,0x74,0x65,0x78,0x49,0x6e,0x70,0x75,0x74,0x73,0x28,
    0x28,0x6f,0x62,0x6a,0x65,0x63,0x74,0x55,0x6e,0x69,0x66,0x6f,0x72,0x6d,0x73,0x2e,
    0x61,0x5b,0x69,0x6e,0x73,0x74,0x61,0x6e,0x63,0x65,0x5f,0x69,0x6e,0x64,0x65,0x78,
    0x5d,0x2e,0x77,0x6f,0x72,0x6c,0x64,0x46,0x72,0x6f,0x6d,0x4d,0x6f,0x64,0x65,0x6c,
    0x4d,0x61,0x74,0x72,0x69,0x78,0x5b,0x30,0x5d,0x2a,0x6d,0x65,0x73,0x68,0x5f,0x70,
    0x6f,0x73,0x69,0x74,0x69,0x6f,0x6e,0x2e,0x78,0x79,0x7a,0x2e,0x78,0x29,0x2b,0x28,
    0x28,0x6f,0x62,0x6a,0x65,0x63,0x74,0x55,0x6e,0x69,0x66,0x6f,0x72,0x6d,0x73,0x2e,
    0x61,0x5b,0x69,0x6e,0x73,0x74,0x61,0x6e,0x63,0x65,0x5f,0x69,0x6e,0x64,0x65,0x78,
    0x5d,0x2e,0x77,0x6f,0x72,0x6c,0x64,0x46,0x72,0x6f,0x6d,0x4d,0x6f,0x64,0x65,0x6c,
    0x4d,0x61,0x74,0x72,0x69,0x78,0x5b,0x31,0x5d,0x2a,0x6d,0x65,0x73,0x68,0x5f,0x70,
    0x6f,0x73,0x69,0x74,0x69,0x6f,0x6e,0x2e,0x78,0x79,0x7a,0x2e,0x79,0x29,0x2b,0x28,
    0x28,0x6f,0x62,0x6a,0x65,0x63,0x74,0x55,0x6e,0x69,0x66,0x6f,0x72,0x6d,0x73,0x2e,
    0x61,0x5b,0x69,0x6e,0x73,0x74,0x61,0x6e,0x63,0x65,0x5f,0x69,0x6e,0x64,0x65,0x78,
    0x5d,0x2e,0x77,0x6f,0x72,0x6c,0x64,0x46,0x72,0x6f,0x6d,0x4d,0x6f,0x64,0x65,0x6c,
    0x4d,0x61,0x74,0x72,0x69,0x78,0x5b,0x32,0x5d,0x2a,0x6d,0x65,0x73,0x68,0x5f,0x70,
    0x6f,0x73,0x69,0x74,0x69,0x6f,0x6e,0x2e,0x78,0x79,0x7a,0x2e,0x7a,0x29,0x2b,0x6f,
    0x62,0x6a,0x65,0x63,0x74,0x55,0x6e,0x69,0x66,0x6f,0x72,0x6d,0x73,0x2e,0x61,0x5b,
    0x69,0x6e,0x73,0x74,0x61,0x6e,0x63,0x65,0x5f,0x69,0x6e,0x64,0x65,0x78,0x5d,0x2e,
    0x77,0x6f,0x72,0x6c,0x64,0x46,0x72,0x6f,0x6d,0x4d,0x6f,0x64,0x65,0x6c,0x4d,0x61,
    0x74,0x72,0x69,0x78,0x5b,0x33,0x5d,0x29,0x29,0x29,0x2e,0x77,0x6f,0x72,0x6c,0x64,
    0x50,0x6f,0x73,0x69,0x74,0x69,0x6f,0x6e,0x3b,0x0a,0x00,0x3d,0x4d,0x61,0x74,0x65,
    0x72,0x69,0x61,0x6c,0x56,0x65,0x72,0x74,0x65,0x78,0x49,0x6e,0x70,0x75,0x74,0x73,
    0x28,0x28,0x6f,0x62,0x6a,0x65,0x63,0x74,0x55,0x6e,0x69,0x66,0x6f,0x72,0x6d,0x73,
    0x2e,0x61,0x5b,0x69,0x6e,0x73,0x74,0x61,0x6e,0x63,0x65,0x5f,0x69,0x6e,0x64,0x65,
    0x78,0x5d,0x2e,0x77,0x6f,0x72,0x6c,0x64,0x46,0x72,0x6f,0x6d,0x4d,0x6f,0x64,0x65,
    0x6c,0x4d,0x61,0x74,0x72,0x69,0x78,0x5b,0x30,0x5d,0x2a,0x00,0x69,0x66,0x20,0x28,
    0x28,0x6f,0x62,0x6a,0x65,0x63,0x74,0x55,0x6e,0x69,0x66,0x6f,0x72,0x6d,0x73,0x2e,
    0x61,0x5b,0x00,0x3d,0x66,0x72,0x61,0x6d,0x65,0x55,0x6e,0x69,0x66,0x6f,0x72,0x6d,
    0x73,0x2e,0x66,0x5b,0x69,0x6e,0x73,0x74,0x61,0x6e,0x63,0x65,0x5f,0x69,0x6e,0x64,
    0x65,0x78,0x20,0x25,0x20,0x43,0x4f,0x4e,0x46,0x49,0x47,0x5f,0x53,0x54,0x45,0x52,
    0x45,0x4f,0x5f,0x45,0x59,0x45,0x5f,0x43,0x4f,0x55,0x4e,0x54,0x5d,0x2a,0x4d,0x61,
    0x74,0x65,0x72,0x69,0x61,0x6c,0x56,0x65,0x72,0x74,0x65,0x78,0x49,0x6e,0x70,0x75,
    0x74,0x73,0x28,0x28,0x6f,0x62,0x6a,0x65,0x63,0x74,0x55,0x6e,0x69,0x66,0x6f,0x72,
    0x6d,0x73,0x2e,0x61,0x5b,0x00,0x6f,0x62,0x6a,0x65,0x63,0x74,0x5f,0x75,0x6e,0x69,
    0x66,0x6f,0x72,0x6d,0x73,0x5f,0x6d,0x6f,0x72,0x70,0x68,0x54,0x61,0x72,0x67,0x65,
    0x74,0x43,0x6f,0x75,0x6e,0x74,0x3d,0x6f,0x62,0x6a,0x65,0x63,0x74,0x55,0x6e,0x69,
    0x66,0x6f,0x72,0x6d,0x73,0x2e,0x61,0x5b,0x69,0x6e,0x73,0x74,0x61,0x6e,0x63,0x65,
    0x5f,0x69,0x6e,0x64,0x65,0x78,0x5d,0x2e,0x6d,0x6f,0x72,0x70,0x68,0x54,0x61,0x72,
    0x67,0x65,0x74,0x43,0x6f,0x75,0x6e,0x74,0x3b,0x0a,0x00,0x6f,0x62,0x6a,0x65,0x63,
    0x74,0x5f,0x75,0x6e,0x69,0x66,0x6f,0x72,0x6d,0x73,0x5f,0x66,0x6c,0x61,0x67,0x73,
    0x43,0x68,0x61,0x6e,0x6e,0x65,0x6c,0x73,0x3d,0x6f,0x62,0x6a,0x65,0x63,0x74,0x55,
    0x6e,0x69,0x66,0x6f,0x72,0x6d,0x73,0x2e,0x61,0x5b,0x69,0x6e,0x73,0x74,0x61,0x6e,
    0x63,0x65,0x5f,0x69,0x6e,0x64,0x65,0x78,0x5d,0x2e,0x66,0x6c,0x61,0x67,0x73,0x43,
    0x68,0x61,0x6e,0x6e,0x65,0x6c,0x73,0x3b,0x0a,0x00,0x6f,0x62,0x6a,0x65,0x63,0x74,
    0x5f,0x75,0x6e,0x69,0x66,0x6f,0x72,0x6d,0x73,0x5f,0x6d,0x6f,0x72,0x70,0x68,0x54,
    0x61,0x72,0x67,0x65,0x74,0x43,0x6f,0x75,0x6e,0x74,0x3d,0x6f,0x62,0x6a,0x65,0x63,
    0x74,0x55,0x6e,0x69,0x66,0x6f,0x72,0x6d,0x73,0x2e,0x61,0x5b,0x00,0x5d,0x2e,0x6d,
    0x6f,0x72,0x70,0x68,0x54,0x61,0x72,0x67,0x65,0x74,0x43,0x6f,0x75,0x6e,0x74,0x3b,
    0x0a,0x00,0x6f,0x62,0x6a,0x65,0x63,0x74,0x5f,0x75,0x6e,0x69,0x66,0x6f,0x72,0x6d,
    0x73,0x5f,0x66,0x6c,0x61,0x67,0x73,0x43,0x68,0x61,0x6e,0x6e,0x65,0x6c,0x73,0x3d,
    0x6f,0x62,0x6a,0x65,0x63,0x74,0x55,0x6e,0x69,0x66,0x6f,0x72,0x6d,0x73,0x2e,0x61,
    0x5b,0x00,0x5d,0x2e,0x66,0x6c,0x61,0x67,0x73,0x43,0x68,0x61,0x6e,0x6e,0x65,0x6c,
    0x73,0x3b,0x0a,0x00,0x69,0x66,0x20,0x28,0x28,0x6f,0x62,0x6a,0x65,0x63,0x74,0x55,
    0x6e,0x69,0x66,0x6f,0x72,0x6d,0x73,0x2e,0x61,0x5b,0x69,0x6e,0x73,0x74,0x61,0x6e,
    0x63,0x65,0x5f,0x69,0x6e,0x64,0x65,0x78,0x5d,0x2e,0x66,0x6c,0x61,0x67,0x73,0x43,
    0x68,0x61,0x6e,0x6e,0x65,0x6c,0x73,0x20,0x26,0x20,0x35,0x31,0x32,0x29,0x21,0x3d,
    0x30,0x29,0x0a,0x00,0x3c,0x6f,0x62,0x6a,0x65,0x63,0x74,0x55,0x6e,0x69,0x66,0x6f,
    0x72,0x6d,0x73,0x2e,0x61,0x5b,0x69,0x6e,0x73,0x74,0x61,0x6e,0x63,0x65,0x5f,0x69,
    0x6e,0x64,0x65,0x78,0x5d,0x2e,0x6d,0x6f,0x72,0x70,0x68,0x54,0x61,0x72,0x67,0x65,
    0x74,0x43,0x6f,0x75,0x6e,0x74,0x3b,0x20,0x00,0x69,0x66,0x20,0x28,0x28,0x6f,0x62,
    0x6a,0x65,0x63,0x74,0x55,0x6e,0x69,0x66,0x6f,0x72,0x6d,0x73,0x2e,0x61,0x5b,0x69,
    0x6e,0x73,0x74,0x61,0x6e,0x63,0x65,0x5f,0x69,0x6e,0x64,0x65,0x78,0x5d,0x2e,0x66,
    0x6c,0x61,0x67,0x73,0x43,0x68,0x61,0x6e,0x6e,0x65,0x6c,0x73,0x20,0x26,0x20,0x32,
    0x35,0x36,0x29,0x21,0x3d,0x30,0x29,0x0a,0x00,0x5d,0x2e,0x66,0x6c,0x61,0x67,0x73,
    0x43,0x68,0x61,0x6e,0x6e,0x65,0x6c,0x73,0x20,0x26,0x20,0x35,0x31,0x32,0x29,0x21,
    0x3d,0x30,0x29,0x0a,0x00,0x3c,0x6f,0x62,0x6a,0x65,0x63,0x74,0x55,0x6e,0x69,0x66,
    0x6f,0x72,0x6d,0x73,0x2e,0x61,0x5b,0x00,0x5d,0x2e,0x6d,0x6f,0x72,0x70,0x68,0x54,
    0x61,0x72,0x67,0x65,0x74,0x43,0x6f,0x75,0x6e,0x74,0x3b,0x20,0x00,0x5d,0x2e,0x66,
    0x6c,0x61,0x67,0x73,0x43,0x68,0x61,0x6e,0x6e,0x65,0x6c,0x73,0x20,0x26,0x20,0x32,
    0x35,0x36,0x29,0x21,0x3d,0x30,0x29,0x0a,0x00,0x3d,0x66,0x72,0x61,0x6d,0x65,0x55,
    0x6e,0x69,0x66,0x6f,0x72,0x6d,0x73,0x2e,0x66,0x5b,0x30,0x5d,0x2a,0x4d,0x61,0x74,
    0x65,0x72,0x69,0x61,0x6c,0x56,0x65,0x72,0x74,0x65,0x78,0x49,0x6e,0x70,0x75,0x74,
    0x73,0x28,0x28,0x6f,0x62,0x6a,0x65,0x63,0x74,0x55,0x6e,0x69,0x66,0x6f,0x72,0x6d,
    0x73,0x2e,0x61,0x5b,0x69,0x6e,0x73,0x74,0x61,0x6e,0x63,0x65,0x5f,0x69,0x6e,0x64,
    0x65,0x78,0x5d,0x2e,0x77,0x6f,0x72,0x6c,0x64,0x46,0x72,0x6f,0x6d,0x4d,0x6f,0x64,
    0x65,0x6c,0x4d,0x61,0x74,0x72,0x69,0x78,0x5b,0x30,0x5d,0x2a,0x6d,0x65,0x73,0x68,
    0x5f,0x70,0x6f,0x73,0x69,0x74,0x69,0x6f,0x6e,0x2e,0x78,0x79,0x7a,0x2e,0x78,0x29,
    0x2b,0x28,0x28,0x6f,0x62,0x6a,0x65,0x63,0x74,0x55,0x6e,0x69,0x66,0x6f,0x72,0x6d,
    0x73,0x2e,0x61,0x5b,0x69,0x6e,0x73,0x74,0x61,0x6e,0x63,0x65,0x5f,0x69,0x6e,0x64,
    0x65,0x78,0x5d,0x2e,0x77,0x6f,0x72,0x6c,0x64,0x46,0x72,0x6f,0x6d,0x4d,0x6f,0x64,
    0x65,0x6c,0x4d,0x61,0x74,0x72,0x69,0x78,0x5b,0x31,0x5d,0x2a,0x6d,0x65,0x73,0x68,
    0x5f,0x70,0x6f,0x73,0x69,0x74,0x69,0x6f,0x6e,0x2e,0x78,0x79,0x7a,0x2e,0x79,0x29,
    0x2b,0x28,0x28,0x6f,0x62,0x6a,0x65,0x63,0x74,0x55,0x6e,0x69,0x66,0x6f,0x72,0x6d,
    0x73,0x2e,0x61,0x5b,0x69,0x6e,0x73,0x74,0x61,0x6e,0x63,0x65,0x5f,0x69,0x6e,0x64,
    0x65,0x78,0x5d,0x2e,0x77,0x6f,0x72,0x6c,0x64,0x46,0x72,0x6f,0x6d,0x4d,0x6f,0x64,
    0x65,0x6c,0x4d,0x61,0x74,0x72,0x69,0x78,0x5b,0x32,0x5d,0x2a,0x6d,0x65,0x73,0x68,
    0x5f,0x70,0x6f,0x73,0x69,0x74,0x69,0x6f,0x6e,0x2e,0x78,0x79,0x7a,0x2e,0x7a,0x29,
    0x2b,0x6f,0x62,0x6a,0x65,0x63,0x74,0x55,0x6e,0x69,0x66,0x6f,0x72,0x6d,0x73,0x2e,
    0x61,0x5b,0x69,0x6e,0x73,0x74,0x61,0x6e,0x63,0x65,0x5f,0x69,0x6e,0x64,0x65,0x78,
    0x5d,0x2e,0x77,0x6f,0x72,0x6c,0x64,0x46,0x72,0x6f,0x6d,0x4d,0x6f,0x64,0x65,0x6c,
    0x4d,0x61,0x74,0x72,0x69,0x78,0x5b,0x33,0x5d,0x29,0x29,0x29,0x2e,0x77,0x6f,0x72,
    0x6c,0x64,0x50,0x6f,0x73,0x69,0x74,0x69,0x6f,0x6e,0x3b,0x0a,0x00,0x3d,0x66,0x72,
    0x61,0x6d,0x65,0x55,0x6e,0x69,0x66,0x6f,0x72,0x6d,0x73,0x2e,0x66,0x5b,0x30,0x5d,
    0x2a,0x4d,0x61,0x74,0x65,0x72,0x69,0x61,0x6c,0x56,0x65,0x72,0x74,0x65,0x78,0x49,
    0x6e,0x70,0x75,0x74,0x73,0x28,0x28,0x6f,0x62,0x6a,0x65,0x63,0x74,0x55,0x6e,0x69,
    0x66,0x6f,0x72,0x6d,0x73,0x2e,0x61,0x5b,0x69,0x6e,0x73,0x74,0x61,0x6e,0x63,0x65,
    0x5f,0x69,0x6e,0x64,0x65,0x78,0x5d,0x2e,0x77,0x6f,0x72,0x6c,0x64,0x46,0x72,0x6f,
    0x6d,0x4d,0x6f,0x64,0x65,0x6c,0x4d,0x61,0x74,0x72,0x69,0x78,0x5b,0x30,0x5d,0x2a,
    0x00,0x6c,0x61,0x79,0x6f,0x75,0x74,0x28,0x6c,0x6f,0x63,0x61,0x74,0x69,0x6f,0x6e,
    0x3d,0x30,0x29,0x20,0x6f,0x75,0x74,0x20,0x76,0x65,0x63,0x34,0x20,0x66,0x72,0x61,
    0x67,0x43,0x6f,0x6c,0x6f,0x72,0x3b,0x0a,0x00,0x73,0x74,0x72,0x75,0x63,0x74,0x20,
    0x4d,0x61,0x74,0x65,0x72,0x69,0x61,0x6c,0x49,0x6e,0x70,0x75,0x74,0x73,0x0a,0x00,
    0x76,0x65,0x63,0x34,0x20,0x62,0x61,0x73,0x65,0x43,0x6f,0x6c,0x6f,0x72,0x3b,0x0a,
    0x00,0x76,0x65,0x63,0x34,0x20,0x65,0x6d,0x69,0x73,0x73,0x69,0x76,0x65,0x3b,0x0a,
    0x00,0x66,0x6c,0x6f,0x61,0x74,0x20,0x63,0x6c,0x65,0x61,0x72,0x43,0x6f,0x61,0x74,
    0x3b,0x0a,0x00,0x66,0x6c,0x6f,0x61,0x74,0x20,0x63,0x6c,0x65,0x61,0x72,0x43,0x6f,
    0x61,0x74,0x52,0x6f,0x75,0x67,0x68,0x6e,0x65,0x73,0x73,0x3b,0x0a,0x00,0x66,0x6c,
    0x6f,0x61,0x74,0x20,0x61,0x6e,0x69,0x73,0x6f,0x74,0x72,0x6f,0x70,0x79,0x3b,0x0a,
    0x00,0x76,0x65,0x63,0x33,0x20,0x61,0x6e,0x69,0x73,0x6f,0x74,0x72,0x6f,0x70,0x79,
    0x44,0x69,0x72,0x65,0x63,0x74,0x69,0x6f,0x6e,0x3b,0x0a,0x00,0x6c,0x61,0x79,0x6f,
    0x75,0x74,0x28,0x73,0x74,0x64,0x31,0x34,0x30,0x29,0x20,0x75,0x6e,0x69,0x66,0x6f,
    0x72,0x6d,0x20,0x4d,0x61,0x74,0x65,0x72,0x69,0x61,0x6c,0x50,0x61,0x72,0x61,0x6d,
    0x73,0x0a,0x00,0x76,0x65,0x63,0x34,0x20,0x61,0x3b,0x0a,0x00,0x7d,0x20,0x6d,0x61,
    0x74,0x65,0x72,0x69,0x61,0x6c,0x50,0x61,0x72,0x61,0x6d,0x73,0x3b,0x0a,0x00,0x66,
    0x72,0x61,0x67,0x43,0x6f,0x6c,0x6f,0x72,0x3d,0x4d,0x61,0x74,0x65,0x72,0x69,0x61,
    0x6c,0x49,0x6e,0x70,0x75,0x74,0x73,0x28,0x4d,0x61,0x74,0x65,0x72,0x69,0x61,0x6c,
    0x49,0x6e,0x70,0x75,0x74,0x73,0x28,0x6d,0x61,0x74,0x65,0x72,0x69,0x61,0x6c,0x50,
    0x61,0x72,0x61,0x6d,0x73,0x2e,0x61,0x2c,0x00,0x29,0x2e,0x62,0x61,0x73,0x65,0x43,
    0x6f,0x6c,0x6f,0x72,0x2c,0x00,0x29,0x2e,0x62,0x61,0x73,0x65,0x43,0x6f,0x6c,0x6f,
    0x72,0x3b,0x0a,0x00,0x2a,0x00,0x69,0x66,0x20,0x28,0x00,0x72,0x65,0x74,0x75,0x72,
    0x6e,0x20,0x76,0x65,0x63,0x34,0x28,0x30,0x2e,0x30,0x29,0x3b,0x0a,0x00,0x2a,0x6d,
    0x61,0x78,0x28,0x00,0x2e,0x79,0x2c,0x00,0x2e,0x78,0x2c,0x00,0x75,0x6e,0x69,0x66,
    0x6f,0x72,0x6d,0x20,0x73,0x61,0x6d,0x70,0x6c,0x65,0x72,0x43,0x75,0x62,0x65,0x20,
    0x73,0x61,0x6d,0x70,0x6c,0x65,0x72,0x30,0x5f,0x66,0x6f,0x67,0x3b,0x0a,0x00,0x6c,
    0x61,0x79,0x6f,0x75,0x74,0x28,0x6c,0x6f,0x63,0x61,0x74,0x69,0x6f,0x6e,0x3d,0x36,
    0x29,0x20,0x69,0x6e,0x20,0x76,0x65,0x63,0x34,0x20,0x76,0x65,0x72,0x74,0x65,0x78,
    0x5f,0x77,0x6f,0x72,0x6c,0x64,0x50,0x6f,0x73,0x69,0x74,0x69,0x6f,0x6e,0x3b,0x0a,
    0x00,0x76,0x65,0x63,0x34,0x20,0x66,0x6f,0x67,0x28,0x76,0x65,0x63,0x33,0x20,0x76,
    0x69,0x65,0x77,0x2c,0x73,0x61,0x6d,0x70,0x6c,0x65,0x72,0x43,0x75,0x62,0x65,0x20,
    0x66,0x6f,0x67,0x43,0x6f,0x6c,0x6f,0x72,0x54,0x65,0x78,0x74,0x75,0x72,0x65,0x29,
    0x0a,0x00,0x3d,0x6c,0x65,0x6e,0x67,0x74,0x68,0x28,0x76,0x69,0x65,0x77,0x29,0x3b,
    0x0a,0x00,0x3c,0x66,0x72,0x61,0x6d,0x65,0x55,0x6e,0x69,0x66,0x6f,0x72,0x6d,0x73,
    0x2e,0x67,0x7a,0x7a,0x29,0x0a,0x00,0x3e,0x66,0x72,0x61,0x6d,0x65,0x55,0x6e,0x69,
    0x66,0x6f,0x72,0x6d,0x73,0x2e,0x6b,0x7a,0x7a,0x29,0x0a,0x00,0x3d,0x66,0x72,0x61,
    0x6d,0x65,0x55,0x6e,0x69,0x66,0x6f,0x72,0x6d,0x73,0x2e,0x6a,0x7a,0x7a,0x2a,0x76,
    0x69,0x65,0x77,0x2e,0x79,0x3b,0x0a,0x00,0x69,0x66,0x20,0x28,0x61,0x62,0x73,0x28,
    0x00,0x29,0x3e,0x30,0x2e,0x30,0x30,0x31,0x32,0x35,0x29,0x0a,0x00,0x3d,0x28,0x66,
    0x72,0x61,0x6d,0x65,0x55,0x6e,0x69,0x66,0x6f,0x72,0x6d,0x73,0x2e,0x66,0x7a,0x7a,
    0x2e,0x7a,0x2d,0x28,0x66,0x72,0x61,0x6d,0x65,0x55,0x6e,0x69,0x66,0x6f,0x72,0x6d,
    0x73,0x2e,0x66,0x7a,0x7a,0x2e,0x78,0x2a,0x65,0x78,0x70,0x28,0x66,0x72,0x61,0x6d,
    0x65,0x55,0x6e,0x69,0x66,0x6f,0x72,0x6d,0x73,0x2e,0x66,0x7a,0x7a,0x2e,0x79,0x2d,
    0x00,0x29,0x29,0x29,0x2f,0x00,0x3d,0x66,0x72,0x61,0x6d,0x65,0x55,0x6e,0x69,0x66,
    0x6f,0x72,0x6d,0x73,0x2e,0x66,0x7a,0x7a,0x2e,0x7a,0x3b,0x0a,0x00,0x3d,0x6d,0x69,
    0x6e,0x28,0x31,0x2e,0x30,0x2d,0x65,0x78,0x70,0x28,0x2d,0x28,0x00,0x2d,0x66,0x72,
    0x61,0x6d,0x65,0x55,0x6e,0x69,0x66,0x6f,0x72,0x6d,0x73,0x2e,0x67,0x7a,0x7a,0x2c,
    0x30,0x2e,0x30,0x29,0x29,0x29,0x2c,0x66,0x72,0x61,0x6d,0x65,0x55,0x6e,0x69,0x66,
    0x6f,0x72,0x6d,0x73,0x2e,0x68,0x7a,0x7a,0x29,0x3b,0x0a,0x00,0x69,0x66,0x20,0x28,
    0x66,0x72,0x61,0x6d,0x65,0x55,0x6e,0x69,0x66,0x6f,0x72,0x6d,0x73,0x2e,0x6d,0x7a,
    0x7a,0x3e,0x30,0x2e,0x30,0x29,0x0a,0x00,0x3d,0x75,0x6e,0x70,0x61,0x63,0x6b,0x48,
    0x61,0x6c,0x66,0x32,0x78,0x31,0x36,0x28,0x66,0x72,0x61,0x6d,0x65,0x55,0x6e,0x69,
    0x66,0x6f,0x72,0x6d,0x73,0x2e,0x69,0x7a,0x7a,0x29,0x3b,0x0a,0x00,0x3d,0x66,0x72,
    0x61,0x6d,0x65,0x55,0x6e,0x69,0x66,0x6f,0x72,0x6d,0x73,0x2e,0x6c,0x7a,0x7a,0x2a,
    0x74,0x65,0x78,0x74,0x75,0x72,0x65,0x4c,0x6f,0x64,0x28,0x66,0x6f,0x67,0x43,0x6f,
    0x6c,0x6f,0x72,0x54,0x65,0x78,0x74,0x75,0x72,0x65,0x2c,0x74,0x72,0x61,0x6e,0x73,
    0x70,0x6f,0x73,0x65,0x28,0x6d,0x61,0x74,0x33,0x28,0x66,0x72,0x61,0x6d,0x65,0x55,
    0x6e,0x69,0x66,0x6f,0x72,0x6d,0x73,0x2e,0x69,0x5b,0x30,0x5d,0x2e,0x78,0x79,0x7a,
    0x2c,0x66,0x72,0x61,0x6d,0x65,0x55,0x6e,0x69,0x66,0x6f,0x72,0x6d,0x73,0x2e,0x69,
    0x5b,0x31,0x5d,0x2e,0x78,0x79,0x7a,0x2c,0x66,0x72,0x61,0x6d,0x65,0x55,0x6e,0x69,
    0x66,0x6f,0x72,0x6d,0x73,0x2e,0x69,0x5b,0x32,0x5d,0x2e,0x78,0x79,0x7a,0x29,0x29,
    0x2a,0x76,0x69,0x65,0x77,0x2c,0x6d,0x69,0x78,0x28,0x00,0x2e,0x78,0x2c,0x63,0x6c,
    0x61,0x6d,0x70,0x28,0x28,0x00,0x2a,0x66,0x72,0x61,0x6d,0x65,0x55,0x6e,0x69,0x66,
    0x6f,0x72,0x6d,0x73,0x2e,0x70,0x7a,0x7a,0x29,0x2d,0x66,0x72,0x61,0x6d,0x65,0x55,
    0x6e,0x69,0x66,0x6f,0x72,0x6d,0x73,0x2e,0x71,0x7a,0x7a,0x2c,0x30,0x2e,0x30,0x2c,
    0x31,0x2e,0x30,0x29,0x29,0x29,0x2e,0x78,0x79,0x7a,0x3b,0x0a,0x00,0x3d,0x66,0x72,
    0x61,0x6d,0x65,0x55,0x6e,0x69,0x66,0x6f,0x72,0x6d,0x73,0x2e,0x6c,0x7a,0x7a,0x3b,
    0x0a,0x00,0x2a,0x28,0x66,0x72,0x61,0x6d,0x65,0x55,0x6e,0x69,0x66,0x6f,0x72,0x6d,
    0x73,0x2e,0x6b,0x7a,0x2a,0x00,0x69,0x66,0x20,0x28,0x66,0x72,0x61,0x6d,0x65,0x55,
    0x6e,0x69,0x66,0x6f,0x72,0x6d,0x73,0x2e,0x6f,0x7a,0x7a,0x3e,0x30,0x2e,0x30,0x29,
    0x0a,0x00,0x2b,0x28,0x28,0x66,0x72,0x61,0x6d,0x65,0x55,0x6e,0x69,0x66,0x6f,0x72,
    0x6d,0x73,0x2e,0x70,0x7a,0x2e,0x78,0x79,0x7a,0x2a,0x66,0x72,0x61,0x6d,0x65,0x55,
    0x6e,0x69,0x66,0x6f,0x72,0x6d,0x73,0x2e,0x70,0x7a,0x2e,0x77,0x29,0x2a,0x28,0x70,
    0x6f,0x77,0x28,0x6d,0x61,0x78,0x28,0x64,0x6f,0x74,0x28,0x6e,0x6f,0x72,0x6d,0x61,
    0x6c,0x69,0x7a,0x65,0x28,0x76,0x69,0x65,0x77,0x29,0x2c,0x66,0x72,0x61,0x6d,0x65,
    0x55,0x6e,0x69,0x66,0x6f,0x72,0x6d,0x73,0x2e,0x6e,0x7a,0x29,0x2c,0x30,0x2e,0x30,
    0x29,0x2c,0x66,0x72,0x61,0x6d,0x65,0x55,0x6e,0x69,0x66,0x6f,0x72,0x6d,0x73,0x2e,
    0x6f,0x7a,0x7a,0x29,0x2a,0x28,0x31,0x2e,0x30,0x2d,0x65,0x78,0x70,0x28,0x2d,0x28,
    0x00,0x2d,0x66,0x72,0x61,0x6d,0x65,0x55,0x6e,0x69,0x66,0x6f,0x72,0x6d,0x73,0x2e,
    0x6e,0x7a,0x7a,0x2c,0x30,0x2e,0x30,0x29,0x29,0x29,0x29,0x29,0x29,0x3b,0x0a,0x00,
    0x72,0x65,0x74,0x75,0x72,0x6e,0x20,0x76,0x65,0x63,0x34,0x28,0x00,0x76,0x65,0x63,
    0x33,0x20,0x70,0x61,0x72,0x61,0x6d,0x3d,0x66,0x72,0x61,0x6d,0x65,0x55,0x6e,0x69,
    0x66,0x6f,0x72,0x6d,0x73,0x2e,0x72,0x7a,0x7a,0x2a,0x28,0x76,0x65,0x72,0x74,0x65,
    0x78,0x5f,0x77,0x6f,0x72,0x6c,0x64,0x50,0x6f,0x73,0x69,0x74,0x69,0x6f,0x6e,0x2e,
    0x78,0x79,0x7a,0x2d,0x66,0x72,0x61,0x6d,0x65,0x55,0x6e,0x69,0x66,0x6f,0x72,0x6d,
    0x73,0x2e,0x62,0x5b,0x33,0x5d,0x2e,0x78,0x79,0x7a,0x29,0x3b,0x0a,0x00,0x3d,0x66,
    0x6f,0x67,0x28,0x70,0x61,0x72,0x61,0x6d,0x2c,0x73,0x61,0x6d,0x70,0x6c,0x65,0x72,
    0x30,0x5f,0x66,0x6f,0x67,0x29,0x3b,0x0a,0x00,0x3d,0x66,0x72,0x61,0x67,0x43,0x6f,
    0x6c,0x6f,0x72,0x3b,0x0a,0x00,0x3d,0x28,0x00,0x2e,0x78,0x79,0x7a,0x2a,0x28,0x31,
    0x2e,0x30,0x2d,0x00,0x2e,0x77,0x29,0x29,0x2b,0x00,0x66,0x72,0x61,0x67,0x43,0x6f,
    0x6c,0x6f,0x72,0x2e,0x78,0x3d,0x00,0x66,0x72,0x61,0x67,0x43,0x6f,0x6c,0x6f,0x72,
    0x2e,0x79,0x3d,0x00,0x66,0x72,0x61,0x67,0x43,0x6f,0x6c,0x6f,0x72,0x2e,0x7a,0x3d,
    0x00,0x6c,0x61,0x79,0x6f,0x75,0x74,0x28,0x6c,0x6f,0x63,0x61,0x74,0x69,0x6f,0x6e,
    0x3d,0x31,0x30,0x29,0x20,0x66,0x6c,0x61,0x74,0x20,0x69,0x6e,0x20,0x69,0x6e,0x74,
    0x20,0x69,0x6e,0x73,0x74,0x61,0x6e,0x63,0x65,0x5f,0x69,0x6e,0x64,0x65,0x78,0x3b,
    0x0a,0x00,0x6c,0x61,0x79,0x6f,0x75,0x74,0x28,0x6c,0x6f,0x63,0x61,0x74,0x69,0x6f,
    0x6e,0x3d,0x30,0x29,0x20,0x6f,0x75,0x74,0x20,0x75,0x76,0x65,0x63,0x32,0x20,0x6f,
    0x75,0x74,0x50,0x69,0x63,0x6b,0x69,0x6e,0x67,0x3b,0x0a,0x00,0x6c,0x61,0x79,0x6f,
    0x75,0x74,0x28,0x6c,0x6f,0x63,0x61,0x74,0x69,0x6f,0x6e,0x3d,0x39,0x29,0x20,0x69,
    0x6e,0x20,0x76,0x65,0x63,0x34,0x20,0x76,0x65,0x72,0x74,0x65,0x78,0x5f,0x70,0x6f,
    0x73,0x69,0x74,0x69,0x6f,0x6e,0x3b,0x0a,0x00,0x6c,0x61,0x79,0x6f,0x75,0x74,0x28,
    0x6c,0x6f,0x63,0x61,0x74,0x69,0x6f,0x6e,0x3d,0x31,0x32,0x29,0x20,0x69,0x6e,0x20,
    0x76,0x65,0x63,0x34,0x20,0x76,0x65,0x72,0x74,0x65,0x78,0x5f,0x70,0x72,0x65,0x76,
    0x50,0x6f,0x73,0x69,0x74,0x69,0x6f,0x6e,0x3b,0x0a,0x00,0x6c,0x61,0x79,0x6f,0x75,
    0x74,0x28,0x6c,0x6f,0x63,0x61,0x74,0x69,0x6f,0x6e,0x3d,0x31,0x29,0x20,0x6f,0x75,
    0x74,0x20,0x76,0x65,0x63,0x32,0x20,0x6f,0x75,0x74,0x56,0x65,0x6c,0x6f,0x63,0x69,
    0x74,0x79,0x3b,0x0a,0x00,0x6f,0x75,0x74,0x50,0x69,0x63,0x6b,0x69,0x6e,0x67,0x2e,
    0x78,0x3d,0x75,0x69,0x6e,0x74,0x28,0x6f,0x62,0x6a,0x65,0x63,0x74,0x55,0x6e,0x69,
    0x66,0x6f,0x72,0x6d,0x73,0x2e,0x61,0x5b,0x69,0x6e,0x73,0x74,0x61,0x6e,0x63,0x65,
    0x5f,0x69,0x6e,0x64,0x65,0x78,0x5d,0x2e,0x6f,0x62,0x6a,0x65,0x63,0x74,0x49,0x64,
    0x29,0x3b,0x0a,0x00,0x6f,0x75,0x74,0x50,0x69,0x63,0x6b,0x69,0x6e,0x67,0x2e,0x79,
    0x3d,0x66,0x6c,0x6f,0x61,0x74,0x42,0x69,0x74,0x73,0x54,0x6f,0x55,0x69,0x6e,0x74,
    0x28,0x76,0x65,0x72,0x74,0x65,0x78,0x5f,0x70,0x6f,0x73,0x69,0x74,0x69,0x6f,0x6e,
    0x2e,0x7a,0x2f,0x76,0x65,0x72,0x74,0x65,0x78,0x5f,0x70,0x6f,0x73,0x69,0x74,0x69,
    0x6f,0x6e,0x2e,0x77,0x29,0x3b,0x0a,0x00,0x6f,0x75,0x74,0x56,0x65,0x6c,0x6f,0x63,
    0x69,0x74,0x79,0x3d,0x28,0x28,0x28,0x76,0x65,0x72,0x74,0x65,0x78,0x5f,0x70,0x6f,
    0x73,0x69,0x74,0x69,0x6f,0x6e,0x2e,0x78,0x79,0x2f,0x76,0x65,0x63,0x32,0x28,0x76,
    0x65,0x72,0x74,0x65,0x78,0x5f,0x70,0x6f,0x73,0x69,0x74,0x69,0x6f,0x6e,0x2e,0x77,
    0x29,0x29,0x2d,0x28,0x76,0x65,0x72,0x74,0x65,0x78,0x5f,0x70,0x72,0x65,0x76,0x50,
    0x6f,0x73,0x69,0x74,0x69,0x6f,0x6e,0x2e,0x78,0x79,0x2f,0x76,0x65,0x63,0x32,0x28,
    0x76,0x65,0x72,0x74,0x65,0x78,0x5f,0x70,0x72,0x65,0x76,0x50,0x6f,0x73,0x69,0x74,
    0x69,0x6f,0x6e,0x2e,0x77,0x29,0x29,0x29,0x2a,0x30,0x2e,0x35,0x29,0x2a,0x66,0x72,
    0x61,0x6d,0x65,0x55,0x6e,0x69,0x66,0x6f,0x72,0x6d,0x73,0x2e,0x6f,0x2e,0x78,0x79,
    0x3b,0x0a,0x00,0x6c,0x61,0x79,0x6f,0x75,0x74,0x28,0x6c,0x6f,0x63,0x61,0x74,0x69,
    0x6f,0x6e,0x3d,0x36,0x29,0x20,0x63,0x65,0x6e,0x74,0x72,0x6f,0x69,0x64,0x20,0x69,
    0x6e,0x20,0x76,0x65,0x63,0x34,0x20,0x76,0x65,0x72,0x74,0x65,0x78,0x5f,0x77,0x6f,
    0x72,0x6c,0x64,0x50,0x6f,0x73,0x69,0x74,0x69,0x6f,0x6e,0x3b,0x0a,0x00,0x3d,0x65,
    0x78,0x70,0x28,0x66,0x72,0x61,0x6d,0x65,0x55,0x6e,0x69,0x66,0x6f,0x72,0x6d,0x73,
    0x2e,0x62,0x7a,0x7a,0x2a,0x76,0x65,0x72,0x74,0x65,0x78,0x5f,0x77,0x6f,0x72,0x6c,
    0x64,0x50,0x6f,0x73,0x69,0x74,0x69,0x6f,0x6e,0x2e,0x77,0x29,0x3b,0x0a,0x00,0x3d,
    0x76,0x65,0x63,0x32,0x28,0x00,0x2c,0x28,0x2d,0x31,0x2e,0x30,0x29,0x2f,0x00,0x3d,
    0x64,0x46,0x64,0x78,0x28,0x76,0x65,0x72,0x74,0x65,0x78,0x5f,0x77,0x6f,0x72,0x6c,
    0x64,0x50,0x6f,0x73,0x69,0x74,0x69,0x6f,0x6e,0x2e,0x77,0x29,0x3b,0x0a,0x00,0x3d,
    0x64,0x46,0x64,0x79,0x28,0x76,0x65,0x72,0x74,0x65,0x78,0x5f,0x77,0x6f,0x72,0x6c,
    0x64,0x50,0x6f,0x73,0x69,0x74,0x69,0x6f,0x6e,0x2e,0x77,0x29,0x3b,0x0a,0x00,0x3d,
    0x6d,0x69,0x6e,0x28,0x00,0x2b,0x28,0x28,0x00,0x2a,0x28,0x66,0x72,0x61,0x6d,0x65,
    0x55,0x6e,0x69,0x66,0x6f,0x72,0x6d,0x73,0x2e,0x62,0x7a,0x7a,0x2a,0x66,0x72,0x61,
    0x6d,0x65,0x55,0x6e,0x69,0x66,0x6f,0x72,0x6d,0x73,0x2e,0x62,0x7a,0x7a,0x29,0x29,
    0x2a,0x28,0x30,0x2e,0x32,0x35,0x2a,0x28,0x28,0x00,0x29,0x2b,0x28,0x00,0x29,0x29,
    0x29,0x29,0x2c,0x76,0x65,0x63,0x32,0x28,0x66,0x72,0x61,0x6d,0x65,0x55,0x6e,0x69,
    0x66,0x6f,0x72,0x6d,0x73,0x2e,0x63,0x7a,0x7a,0x29,0x29,0x3b,0x0a,0x00,0x66,0x72,
    0x61,0x67,0x43,0x6f,0x6c,0x6f,0x72,0x3d,0x76,0x65,0x63,0x34,0x28,0x00,0x4c,0x53,
    0x4c,0x47,0x5f,0x54,0x41,0x4d,0x22,0x26,0x00,0x00,0x82,0x00,0xb6,0x00,0x4a,0x00,
    0x00,0x00,0x12,0x00,0x00,0x00,0x00,0x00,0x00,0x00,0x02,0x00,0x00,0x8e,0x00,0x00,
    0x00,0x02,0x00,0x01,0x6e,0x01,0x00,0x00,0x02,0x02,0x00,0xc0,0x01,0x00,0x00,0x02,
    0x08,0x00,0x1f,0x03,0x00,0x00,0x02,0x0a,0x00,0x1d,0x06,0x00,0x00,0x02,0x10,0x00,
    0xa9,0x09,0x00,0x00,0x02,0x10,0x01,0x76,0x0a,0x00,0x00,0x02,0x12,0x00,0x8f,0x0a,
    0x00,0x00,0x02,0x18,0x00,0xe0,0x0b,0x00,0x00,0x02,0x1a,0x00,0xd6,0x10,0x00,0x00,
    0x02,0x20,0x01,0x5a,0x16,0x00,0x00,0x02,0x30,0x01,0xde,0x17,0x00,0x00,0x02,0x50,
    0x00,0x71,0x18,0x00,0x00,0x02,0x50,0x01,0x50,0x19,0x00,0x00,0x02,0x52,0x00,0x21,
    0x1a,0x00,0x00,0x02,0x58,0x00,0x84,0x1b,0x00,0x00,0x02,0x5a,0x00,0x8c,0x20,0x00,
    0x00,0x02,0x70,0x01,0x6e,0x01,0x00,0x00,0x38,0x0a,0x00,0x00,0xad,0x00,0x00,0x00,
    0x05,0x00,0x00,0x00,0xad,0x00,0x00,0x00,0x1a,0x00,0x00,0x00,0x0c,0x0d,0x8e,0x00,
    0x8f,0x07,0x72,0x00,0x73,0x74,0x75,0x76,0x77,0x78,0x79,0x7a,0x07,0x7b,0x7c,0x08,
    0x7d,0x90,0x91,0x08,0x92,0x7e,0x00,0x7f,0x80,0x0f,0x00,0x10,0x11,0x12,0x13,0x14,
    0x15,0x16,0x17,0x18,0x19,0x1a,0x1b,0x1c,0x1d,0x1e,0x1f,0x20,0x21,0x22,0x23,0x24,
    0x25,0x26,0x27,0x28,0x29,0x2a,0x2b,0x2c,0x2d,0x2e,0x2f,0x30,0x31,0x32,0x33,0x34,
    0x35,0x36,0x37,0x38,0x39,0x3a,0x3b,0x3c,0x3d,0x3e,0x3f,0x40,0x41,0x42,0x43,0x44,
    0x45,0x46,0x47,0x48,0x49,0x4a,0x4b,0x4c,0x4d,0x4e,0x4f,0x50,0x51,0x52,0x53,0x54,
    0x55,0x56,0x57,0x58,0x59,0x5a,0x5b,0x5c,0x5d,0x5e,0x5f,0x60,0x61,0x62,0x63,0x64,
    0x65,0x66,0x67,0x68,0x69,0x6a,0x6b,0x6c,0x93,0x94,0xc8,0x95,0x0e,0x00,0x96,0x00,
    0x97,0x02,0x05,0x00,0x98,0x02,0x04,0xfe,0xf0,0x09,0xfe,0x03,0xfe,0x6d,0xf0,0xfe,
    0x6e,0xf0,0xfe,0x6f,0xf0,0xfe,0x70,0x04,0xfe,0xf0,0xfe,0x01,0x99,0xfe,0x01,0xfe,
    0x9a,0xfe,0x9b,0xfe,0x9c,0x9d,0xfe,0x01,0x02,0x35,0x0c,0x0d,0x0e,0x0f,0xd3,0x7f,
    0xa4,0xc1,0xd3,0x7f,0xa4,0xc1,0xa4,0xc1,0xa4,0xc1,0xbb,0x44,0xd3,0x7f,0xbb,0x44,
    0xbb,0x44,0xbb,0x44,0xbb,0x44,0xbb,0x44,0xd6,0x01,0x00,0x00,0x31,0x00,0x00,0x00,
    0x00,0x00,0x00,0x00,0x31,0x00,0x00,0x00,0x0d,0x00,0x00,0x00,0x0c,0x0d,0x83,0x00,
    0x84,0x85,0x86,0x87,0x88,0x89,0x07,0x04,0xfe,0x01,0x0a,0xfe,0x01,0x09,0xfe,0x01,
    0x8a,0x00,0x8b,0x8c,0x82,0x0e,0x00,0x8d,0xfe,0x06,0xfe,0x06,0xfe,0x06,0xfe,0x06,
    0xfe,0x8e,0xfe,0x06,0xfe,0x06,0xfe,0x06,0xfe,0x06,0xfe,0x8f,0x02,0x02,0x03,0x04,
    0x02,0x03,0x03,0x03,0x04,0x02,0x03,0x03,0x03,0x04,0x81,0x0c,0x00,0x00,0xf1,0x00,
    0x00,0x00,0x08,0x00,0x00,0x00,0xf1,0x00,0x00,0x00,0x52,0x00,0x00,0x00,0x0c,0x0d,
    0x8e,0x00,0x8f,0x07,0x72,0x00,0x73,0x74,0x75,0x76,0x77,0x78,0x79,0x7a,0x07,0x7b,
    0x7c,0x08,0x7d,0xd5,0xd6,0x08,0xd7,0x90,0x91,0x08,0x92,0x7e,0x00,0x7f,0x80,0x0f,
    0x00,0x10,0x11,0x12,0x13,0x14,0x15,0x16,0x17,0x18,0x19,0x1a,0x1b,0x1c,0x1d,0x1e,
    0x1f,0x20,0x21,0x22,0x23,0x24,0x25,0x26,0x27,0x28,0x29,0x2a,0x2b,0x2c,0x2d,0x2e,
    0x2f,0x30,0x31,0x32,0x33,0x34,0x35,0x36,0x37,0x38,0x39,0x3a,0x3b,0x3c,0x3d,0x3e,
    0x3f,0x40,0x41,0x42,0x43,0x44,0x45,0x46,0x47,0x48,0x49,0x4a,0x4b,0x4c,0x4d,0x4e,
    0x4f,0x50,0x51,0x52,0x53,0x54,0x55,0x56,0x57,0x58,0x59,0x5a,0x5b,0x5c,0x5d,0x5e,
    0x5f,0x60,0x61,0x62,0x63,0x64,0x65,0x66,0x67,0x68,0x69,0x6a,0x6b,0x6c,0x94,0x93,
    0xc8,0x95,0x0e,0x00,0x96,0x00,0x97,0x02,0x05,0x00,0x98,0x02,0x87,0xfe,0xd8,0x04,
    0xfe,0xf0,0xfe,0xf0,0xfe,0xf0,0xfe,0xf0,0xfe,0xd9,0x09,0xfe,0x03,0xfe,0x6d,0xf0,
    0xfe,0x6e,0xf0,0xfe,0x6f,0xf0,0xfe,0x70,0x04,0xfe,0xf0,0xfe,0x01,0x99,0xfe,0x01,
    0x87,0xfe,0xda,0x0a,0xfe,0xdb,0x0a,0xfe,0xdc,0xfe,0x01,0x0a,0xfe,0x03,0xfe,0x9e,
    0xfe,0x0b,0xfe,0x88,0xfe,0xdd,0xfe,0x0b,0xfe,0x88,0xfe,0xde,0xfe,0xdf,0xfe,0x9f,
    0xfe,0xa0,0xe0,0xfe,0xe1,0xfe,0x9f,0xfe,0xa0,0xe2,0xfe,0xe3,0xfe,0x9e,0xfe,0xe4,
    0xfe,0xe5,0xfe,0x9a,0xfe,0x9b,0xfe,0x9c,0x9d,0xfe,0x01,0xe6,0xfe,0x01,0x02,0x10,
    0x29,0x2a,0x2b,0x0c,0x0d,0x0e,0x11,0xae,0xb0,0xd3,0x7f,0xae,0xb0,0xae,0xb0,0xae,
    0xb0,0xae,0xb0,0xa4,0xc1,0xd3,0x7f,0xa4,0xc1,0xa4,0xc1,0xa4,0xc1,0xbf,0x41,0xd3,
    0x7f,0xbf,0x41,0xe4,0x66,0xb6,0x4b,0x95,0x6f,0xb6,0x4b,0x91,0x98,0x95,0x6f,0xe4,
    0x66,0xbf,0x41,0xbf,0x41,0xb6,0x4b,0xbf,0x41,0xbf,0x41,0x95,0x6f,0x91,0x98,0xbf,
    0x41,0xbf,0x41,0x91,0x98,0xbf,0x41,0xbf,0x41,0x95,0x6f,0xe4,0x66,0xbf,0x41,0xbf,
    0x41,0xbf,0x41,0xbf,0x41,0xbf,0x41,0xae,0xb0,0x46,0x15,0x00,0x00,0xdc,0x01,0x00,
    0x00,0x17,0x00,0x00,0x00,0xdc,0x01,0x00,0x00,0xf7,0x00,0x00,0x00,0x0c,0x0d,0x8e,
    0x00,0x8f,0x07,0x72,0x00,0x73,0x74,0x75,0x76,0x77,0x78,0x79,0x7a,0x07,0x7b,0x7c,
    0x08,0x7d,0xe7,0x00,0xe8,0xe9,0xea,0x07,0xeb,0x00,0xec,0x07,0x90,0x91,0x08,0x92,
    0x04,0xfe,0x01,0x7e,0x00,0x7f,0x80,0x0f,0x00,0x10,0x11,0x12,0x13,0x14,0x15,0x16,
    0x17,0x18,0x19,0x1a,0x1b,0x1c,0x1d,0x1e,0x1f,0x20,0x21,0x22,0x23,0x24,0x25,0x26,
    0x27,0x28,0x29,0x2a,0x2b,0x2c,0x2d,0x2e,0x2f,0x30,0x31,0x32,0x33,0x34,0x35,0x36,
    0x37,0x38,0x39,0x3a,0x3b,0x3c,0x3d,0x3e,0x3f,0x40,0x41,0x42,0x43,0x44,0x45,0x46,
    0x47,0x48,0x49,0x4a,0x4b,0x4c,0x4d,0x4e,0x4f,0x50,0x51,0x52,0x53,0x54,0x55,0x56,
    0x57,0x58,0x59,0x5a,0x5b,0x5c,0x5d,0x5e,0x5f,0x60,0x61,0x62,0x63,0x64,0x65,0x66,
    0x67,0x68,0x69,0x6a,0x6b,0x6c,0xed,0x00,0xa4,0xee,0xef,0x00,0xa5,0xf0,0xf0,0xf0,
    0xf0,0x93,0xf0,0xf0,0x94,0xc8,0x95,0xf0,0x00,0xa6,0x00,0x82,0xfe,0xa1,0x82,0xfe,
    0xa2,0x82,0xfe,0xa3,0x82,0xfe,0xf0,0xa7,0xfe,0x83,0xfe,0x84,0xfe,0x85,0xfe,0x89,
    0xfe,0x83,0xfe,0x84,0xfe,0x85,0xfe,0x8a,0xfe,0x83,0xfe,0x84,0xfe,0x85,0xfe,0xa8,
    0xfe,0x83,0xfe,0x84,0xfe,0x85,0xfe,0xa9,0xaa,0x02,0x82,0xfe,0xa1,0x82,0xfe,0xa2,
    0x82,0xfe,0xa3,0x8b,0xfe,0xab,0x8b,0xfe,0x03,0xfe,0xac,0x09,0xfe,0x01,0xfe,0xad,
    0xfe,0x83,0xfe,0x84,0xfe,0x85,0xfe,0x89,0xfe,0x83,0xfe,0x84,0xfe,0x85,0xfe,0x8a,
    0xfe,0x83,0xfe,0x84,0xfe,0x85,0xfe,0xae,0xaf,0xfe,0x03,0xfe,0xb0,0xfe,0xb1,0xfe,
    0xb2,0x00,0x71,0xfe,0xb3,0xfe,0xb4,0xfe,0xb5,0x82,0xfe,0xf0,0xfe,0xb6,0xfe,0xb7,
    0xfe,0x83,0xfe,0x84,0xfe,0x85,0xfe,0xb8,0xfe,0x81,0xfe,0xb9,0xba,0x02,0xbb,0xfe,
    0x01,0x02,0x0e,0x00,0x96,0x00,0x97,0x02,0x05,0x00,0x98,0x02,0x04,0xfe,0x01,0xf0,
    0x00,0x87,0xfe,0xbc,0x86,0xfe,0x01,0x04,0xfe,0x01,0xfe,0xbd,0xfe,0xbe,0xfe,0xbf,
    0xfe,0x8c,0x86,0xfe,0x01,0x04,0xfe,0x01,0xc0,0xfe,0xc1,0xfe,0xf0,0xfe,0x03,0xfe,
    0x06,0xfe,0x03,0xfe,0x06,0xfe,0xc2,0x00,0xf0,0xfe,0xc3,0x00,0x86,0xfe,0x03,0xfe,
    0x01,0xfe,0x8d,0xfe,0x01,0xfe,0x03,0xfe,0x01,0xfe,0x03,0xfe,0xc4,0xfe,0xf0,0xfe,
    0xc5,0x02,0x05,0x00,0xfe,0x03,0xfe,0x01,0xfe,0x03,0xfe,0x01,0x02,0x02,0xfe,0x03,
    0xfe,0x01,0x02,0x05,0x00,0xfe,0x8c,0x02,0x04,0xfe,0x01,0xf0,0x00,0x09,0xfe,0x03,
    0xfe,0x6d,0xf0,0xfe,0xc6,0x04,0xfe,0x01,0xfe,0x88,0xfe,0x6e,0xfe,0xc7,0xfe,0x6f,
    0xfe,0x8d,0xfe,0x70,0xfe,0x03,0xfe,0x01,0x02,0x05,0x00,0xfe,0x03,0xfe,0x01,0x02,
    0x04,0xfe,0xf0,0xfe,0xf0,0xfe,0xf0,0xfe,0xf0,0x09,0xfe,0x03,0xfe,0x6d,0xf0,0xfe,
    0x6e,0xf0,0xfe,0x6f,0xf0,0xfe,0x70,0x04,0xfe,0xf0,0xfe,0x01,0x99,0xfe,0x01,0xfe,
    0x9a,0xfe,0x9b,0xfe,0x9c,0x9d,0xfe,0x01,0x02,0x00,0x01,0x02,0x03,0x04,0x05,0x06,
    0x07,0x08,0x3f,0x40,0x09,0x0a,0x41,0x0b,0x36,0x2c,0x2d,0x2e,0x0c,0x0d,0x0e,0x0f,
    0x02,0xe0,0x61,0xe1,0x61,0xe2,0x61,0xe3,0x61,0xe0,0x61,0xe0,0x61,0xe0,0x61,0xe0,
    0x61,0xe1,0x61,0xe1,0x61,0xe1,0x61,0xe1,0x61,0xe2,0x61,0xe2,0x61,0xe2,0x61,0xe2,
    0x61,0xe3,0x61,0xe3,0x61,0xe3,0x61,0xe3,0x61,0xe4,0x61,0xe5,0x61,0xe6,0x61,0xb0,
    0xb6,0xf9,0x3d,0xb0,0xb6,0x9d,0x42,0x9d,0x42,0xe4,0x61,0xe4,0x61,0xe4,0x61,0xe4,
    0x61,0xe5,0x61,0xe5,0x61,0xe5,0x61,0xe5,0x61,0xe6,0x61,0xe6,0x61,0xe6,0x61,0xe6,
    0x61,0x8b,0x60,0xb0,0xb6,0x8b,0x60,0xf9,0x3d,0x9a,0x91,0x8b,0x60,0x8b,0x60,0xe7,
    0x61,0x9a,0x91,0x9d,0x42,0xe7,0x61,0xe7,0x61,0xe7,0x61,0xe7,0x61,0x9a,0x91,0x8b,
    0x60,0x9d,0x42,0xe8,0x99,0xcb,0xa6,0xd0,0x66,0xa5,0x75,0xd0,0x66,0xcb,0xa6,0xcb,
    0xa6,0xa5,0x75,0x9c,0x67,0xb6,0x7a,0xe2,0x4c,0xe2,0x4c,0xd0,0x66,0x9c,0x67,0xa5,
    0x75,0xb6,0x7a,0xe2,0x4c,0xe2,0x4c,0xcc,0x75,0xd0,0x66,0xcc,0x75,0xe2,0x4c,0x9c,
    0x67,0xcc,0x75,0xb6,0x7a,0xa5,0x75,0xcc,0x75,0xe2,0x4c,0x9c,0x67,0xd0,0x66,0xb6,
    0x7a,0xa5,0x75,0xe8,0x99,0xa5,0x75,0xe8,0x99,0xd3,0x99,0xba,0x53,0xe8,0x99,0xba,
    0x53,0xdd,0x54,0xdd,0x54,0xba,0x53,0xdd,0x54,0xba,0x53,0xdd,0x54,0xba,0x53,0xd3,
    0x99,0xdd,0x54,0xd3,0x99,0xe8,0x99,0xd3,0x7f,0xd3,0x99,0xd3,0x99,0xd3,0x99,0xa4,
    0xc1,0xd3,0x7f,0xa4,0xc1,0xa4,0xc1,0xa4,0xc1,0xbb,0x44,0xd3,0x7f,0xbb,0x44,0xbb,
    0x44,0xbb,0x44,0xbb,0x44,0xbb,0x44,0x77,0x17,0x00,0x00,0x26,0x02,0x00,0x00,0x1d,
    0x00,0x00,0x00,0x26,0x02,0x00,0x00,0x35,0x01,0x00,0x00,0x0c,0x0d,0x8e,0x00,0x8f,
    0x07,0x72,0x00,0x73,0x74,0x75,0x76,0x77,0x78,0x79,0x7a,0x07,0x7b,0x7c,0x08,0x7d,
    0xd5,0xd6,0x08,0xd7,0xe7,0x00,0xe8,0xe9,0xea,0x07,0xeb,0x00,0xec,0x07,0x90,0x91,
    0x08,0x92,0x04,0xfe,0x01,0x7e,0x00,0x7f,0x80,0x0f,0x00,0x10,0x11,0x12,0x13,0x14,
    0x15,0x16,0x17,0x18,0x19,0x1a,0x1b,0x1c,0x1d,0x1e,0x1f,0x20,0x21,0x22,0x23,0x24,
    0x25,0x26,0x27,0x28,0x29,0x2a,0x2b,0x2c,0x2d,0x2e,0x2f,0x30,0x31,0x32,0x33,0x34,
    0x35,0x36,0x37,0x38,0x39,0x3a,0x3b,0x3c,0x3d,0x3e,0x3f,0x40,0x41,0x42,0x43,0x44,
    0x45,0x46,0x47,0x48,0x49,0x4a,0x4b,0x4c,0x4d,0x4e,0x4f,0x50,0x51,0x52,0x53,0x54,
    0x55,0x56,0x57,0x58,0x59,0x5a,0x5b,0x5c,0x5d,0x5e,0x5f,0x60,0x61,0x62,0x63,0x64,
    0x65,0x66,0x67,0x68,0x69,0x6a,0x6b,0x6c,0xed,0x00,0xa4,0xee,0xef,0x00,0xa5,0xf0,
    0xf0,0xf0,0xf0,0x94,0x93,0xf0,0xf0,0xc8,0x95,0xf0,0x00,0xa6,0x00,0x82,0xfe,0xa1,
    0x82,0xfe,0xa2,0x82,0xfe,0xa3,0x82,0xfe,0xf0,0xa7,0xfe,0x83,0xfe,0x84,0xfe,0x85,
    0xfe,0x89,0xfe,0x83,0xfe,0x84,0xfe,0x85,0xfe,0x8a,0xfe,0x83,0xfe,0x84,0xfe,0x85,
    0xfe,0xa8,0xfe,0x83,0xfe,0x84,0xfe,0x85,0xfe,0xa9,0xaa,0x02,0x82,0xfe,0xa1,0x82,
    0xfe,0xa2,0x82,0xfe,0xa3,0x8b,0xfe,0xab,0x8b,0xfe,0x03,0xfe,0xac,0x09,0xfe,0x01,
    0xfe,0xad,0xfe,0x83,0xfe,0x84,0xfe,0x85,0xfe,0x89,0xfe,0x83,0xfe,0x84,0xfe,0x85,
    0xfe,0x8a,0xfe,0x83,0xfe,0x84,0xfe,0x85,0xfe,0xae,0xaf,0xfe,0x03,0xfe,0xb0,0xfe,
    0xb1,0xfe,0xb2,0x00,0x71,0xfe,0xb3,0xfe,0xb4,0xfe,0xb5,0x82,0xfe,0xf0,0xfe,0xb6,
    0xfe,0xb7,0xfe,0x83,0xfe,0x84,0xfe,0x85,0xfe,0xb8,0xfe,0x81,0xfe,0xb9,0xba,0x02,
    0xbb,0xfe,0x01,0x02,0x0e,0x00,0x96,0x00,0x97,0x02,0x05,0x00,0x98,0x02,0x87,0xfe,
    0xd8,0x04,0xfe,0x01,0xf0,0xfe,0xf0,0x00,0x87,0xfe,0xbc,0x86,0xfe,0x01,0x04,0xfe,
    0x01,0xfe,0xbd,0xfe,0xbe,0xfe,0xbf,0xfe,0x8c,0x86,0xfe,0x01,0x04,0xfe,0x01,0xc0,
    0xfe,0xc1,0xfe,0xf0,0xfe,0xf0,0xfe,0x03,0xfe,0x06,0xfe,0x03,0xfe,0x06,0xfe,0xc2,
    0x00,0xf0,0xfe,0xc3,0x00,0x86,0xfe,0x03,0xfe,0x01,0xfe,0x8d,0xfe,0x01,0xfe,0x03,
    0xfe,0x01,0xfe,0x03,0xfe,0xc4,0xfe,0xf0,0xfe,0xc5,0x02,0x05,0x00,0xfe,0x03,0xfe,
    0x01,0xfe,0x03,0xfe,0x01,0x02,0x02,0xfe,0x03,0xfe,0x01,0x02,0x05,0x00,0xfe,0x8c,
    0x02,0x04,0xfe,0x01,0xf0,0xfe,0xf0,0x00,0x09,0xfe,0x03,0xfe,0x6d,0xf0,0xfe,0xc6,
    0x04,0xfe,0x01,0xfe,0x88,0xfe,0x6e,0xfe,0xc7,0xfe,0x6f,0xfe,0x8d,0xfe,0x70,0xfe,
    0x03,0xfe,0x01,0x02,0x05,0x00,0xfe,0x03,0xfe,0x01,0x02,0x04,0xfe,0xf0,0xfe,0xf0,
    0xfe,0xf0,0xfe,0xf0,0xfe,0xf0,0xfe,0xf0,0xfe,0xf0,0xfe,0xd9,0x09,0xfe,0x03,0xfe,
    0x6d,0xf0,0xfe,0x6e,0xf0,0xfe,0x6f,0xf0,0xfe,0x70,0x04,0xfe,0xf0,0xfe,0x01,0x99,
    0xfe,0x01,0x87,0xfe,0xda,0x0a,0xfe,0xdb,0x0a,0xfe,0xdc,0xfe,0x01,0x0a,0xfe,0x03,
    0xfe,0x9e,0xfe,0x0b,0xfe,0x88,0xfe,0xdd,0xfe,0x0b,0xfe,0x88,0xfe,0xde,0xfe,0xdf,
    0xfe,0x9f,0xfe,0xa0,0xe0,0xfe,0xe1,0xfe,0x9f,0xfe,0xa0,0xe2,0xfe,0xe3,0xfe,0x9e,
    0xfe,0xe4,0xfe,0xe5,0xfe,0x9a,0xfe,0x9b,0xfe,0x9c,0x9d,0xfe,0x01,0xe6,0xfe,0x01,
    0x02,0x00,0x01,0x02,0x03,0x04,0x05,0x06,0x07,0x08,0x37,0x42,0x43,0x44,0x09,0x0a,
    0x37,0x45,0x0b,0x10,0x2f,0x30,0x31,0x32,0x33,0x34,0x0c,0x0d,0x0e,0x11,0x02,0xe0,
    0x61,0xe1,0x61,0xe2,0x61,0xe3,0x61,0xe0,0x61,0xe0,0x61,0xe0,0x61,0xe0,0x61,0xe1,
    0x61,0xe1,0x61,0xe1,0x61,0xe1,0x61,0xe2,0x61,0xe2,0x61,0xe2,0x61,0xe2,0x61,0xe3,
    0x61,0xe3,0x61,0xe3,0x61,0xe3,0x61,0xe4,0x61,0xe5,0x61,0xe6,0x61,0xb0,0xb6,0xf9,
    0x3d,0xb0,0xb6,0x9d,0x42,0x9d,0x42,0xe4,0x61,0xe4,0x61,0xe4,0x61,0xe4,0x61,0xe5,
    0x61,0xe5,0x61,0xe5,0x61,0xe5,0x61,0xe6,0x61,0xe6,0x61,0xe6,0x61,0xe6,0x61,0x8b,
    0x60,0xb0,0xb6,0x8b,0x60,0xf9,0x3d,0x9a,0x91,0x8b,0x60,0x8b,0x60,0xe7,0x61,0x9a,
    0x91,0x9d,0x42,0xe7,0x61,0xe7,0x61,0xe7,0x61,0xe7,0x61,0x9a,0x91,0x8b,0x60,0x9d,
    0x42,0xae,0xb0,0xe8,0x99,0xae,0xb0,0xcb,0xa6,0xd0,0x66,0xa5,0x75,0xd0,0x66,0xcb,
    0xa6,0xcb,0xa6,0xa5,0x75,0x9c,0x67,0xb6,0x7a,0xe2,0x4c,0xe2,0x4c,0xae,0xb0,0xd0,
    0x66,0x9c,0x67,0xa5,0x75,0xb6,0x7a,0xe2,0x4c,0xe2,0x4c,0xcc,0x75,0xd0,0x66,0xcc,
    0x75,0xe2,0x4c,0x9c,0x67,0xcc,0x75,0xb6,0x7a,0xa5,0x75,0xcc,0x75,0xe2,0x4c,0x9c,
    0x67,0xd0,0x66,0xb6,0x7a,0xa5,0x75,0xe8,0x99,0xa5,0x75,0xe8,0x99,0xd3,0x99,0xae,
    0xb0,0xba,0x53,0xe8,0x99,0xba,0x53,0xdd,0x54,0xdd,0x54,0xba,0x53,0xdd,0x54,0xba,
    0x53,0xdd,0x54,0xba,0x53,0xd3,0x99,0xdd,0x54,0xd3,0x99,0xe8,0x99,0xd3,0x7f,0xae,
    0xb0,0xd3,0x99,0xae,0xb0,0xd3,0x99,0xae,0xb0,0xd3,0x99,0xae,0xb0,0xa4,0xc1,0xd3,
    0x7f,0xa4,0xc1,0xa4,0xc1,0xa4,0xc1,0xbf,0x41,0xd3,0x7f,0xbf,0x41,0xe4,0x66,0xb6,
    0x4b,0x95,0x6f,0xb6,0x4b,0x91,0x98,0x95,0x6f,0xe4,0x66,0xbf,0x41,0xbf,0x41,0xb6,
    0x4b,0xbf,0x41,0xbf,0x41,0x95,0x6f,0x91,0x98,0xbf,0x41,0xbf,0x41,0x91,0x98,0xbf,
    0x41,0xbf,0x41,0x95,0x6f,0xe4,0x66,0xbf,0x41,0xbf,0x41,0xbf,0x41,0xbf,0x41,0xbf,
    0x41,0xae,0xb0,0x36,0x0c,0x00,0x00,0xa8,0x00,0x00,0x00,0x03,0x00,0x00,0x00,0xa8,
    0x00,0x00,0x00,0x0e,0x00,0x00,0x00,0x0c,0x0d,0x8e,0x00,0x8f,0x07,0x72,0x00,0x73,
    0x74,0x75,0x76,0x77,0x78,0x79,0x7a,0x07,0x7b,0x7c,0x08,0x7d,0x90,0x91,0x08,0x92,
    0x7e,0x00,0x7f,0x80,0x0f,0x00,0x10,0x11,0x12,0x13,0x14,0x15,0x16,0x17,0x18,0x19,
    0x1a,0x1b,0x1c,0x1d,0x1e,0x1f,0x20,0x21,0x22,0x23,0x24,0x25,0x26,0x27,0x28,0x29,
    0x2a,0x2b,0x2c,0x2d,0x2e,0x2f,0x30,0x31,0x32,0x33,0x34,0x35,0x36,0x37,0x38,0x39,
    0x3a,0x3b,0x3c,0x3d,0x3e,0x3f,0x40,0x41,0x42,0x43,0x44,0x45,0x46,0x47,0x48,0x49,
    0x4a,0x4b,0x4c,0x4d,0x4e,0x4f,0x50,0x51,0x52,0x53,0x54,0x55,0x56,0x57,0x58,0x59,
    0x5a,0x5b,0x5c,0x5d,0x5e,0x5f,0x60,0x61,0x62,0x63,0x64,0x65,0x66,0x67,0x68,0x69,
    0x6a,0x6b,0x6c,0x93,0x94,0x95,0xc9,0xc8,0xca,0xcb,0x00,0xcc,0x00,0xcd,0x02,0xf0,
    0x02,0x0e,0x00,0x96,0x00,0x97,0x02,0x05,0x00,0x98,0x02,0xf0,0x04,0xfe,0xf0,0x99,
    0xfe,0x01,0xce,0xfe,0x0b,0xfe,0x9a,0xfe,0x9b,0xfe,0x9c,0x9d,0xfe,0x01,0x02,0x12,
    0x13,0x46,0xff,0x60,0xff,0x60,0xff,0x60,0xff,0x60,0xff,0x60,0xff,0x60,0xff,0x60,
    0x52,0x00,0x00,0x00,0x05,0x00,0x00,0x00,0x00,0x00,0x00,0x00,0x05,0x00,0x00,0x00,
    0x00,0x00,0x00,0x00,0x0c,0x0d,0x0e,0x00,0x02,0x80,0x0e,0x00,0x00,0xee,0x00,0x00,
    0x00,0x07,0x00,0x00,0x00,0xee,0x00,0x00,0x00,0x48,0x00,0x00,0x00,0x0c,0x0d,0x8e,
    0x00,0x8f,0x07,0x72,0x00,0x73,0x74,0x75,0x76,0x77,0x78,0x79,0x7a,0x07,0x7b,0x7c,
    0x08,0x7d,0xd5,0xd6,0x08,0xd7,0x90,0x91,0x08,0x92,0x7e,0x00,0x7f,0x80,0x0f,0x00,
    0x10,0x11,0x12,0x13,0x14,0x15,0x16,0x17,0x18,0x19,0x1a,0x1b,0x1c,0x1d,0x1e,0x1f,
    0x20,0x21,0x22,0x23,0x24,0x25,0x26,0x27,0x28,0x29,0x2a,0x2b,0x2c,0x2d,0x2e,0x2f,
    0x30,0x31,0x32,0x33,0x34,0x35,0x36,0x37,0x38,0x39,0x3a,0x3b,0x3c,0x3d,0x3e,0x3f,
    0x40,0x41,0x42,0x43,0x44,0x45,0x46,0x47,0x48,0x49,0x4a,0x4b,0x4c,0x4d,0x4e,0x4f,
    0x50,0x51,0x52,0x53,0x54,0x55,0x56,0x57,0x58,0x59,0x5a,0x5b,0x5c,0x5d,0x5e,0x5f,
    0x60,0x61,0x62,0x63,0x64,0x65,0x66,0x67,0x68,0x69,0x6a,0x6b,0x6c,0x94,0x93,0x95,
    0xc9,0xc8,0xca,0xcb,0x00,0xcc,0x00,0xcd,0x02,0xf0,0x02,0x0e,0x00,0x96,0x00,0x97,
    0x02,0x05,0x00,0x98,0x02,0x87,0xfe,0xd8,0xf0,0xfe,0xf0,0x04,0xfe,0xf0,0xfe,0xf0,
    0xfe,0xf0,0xfe,0xf0,0xfe,0xd9,0x99,0xfe,0x01,0xce,0xfe,0x0b,0x87,0xfe,0xda,0x0a,
    0xfe,0xdb,0x0a,0xfe,0xdc,0xfe,0x01,0x0a,0xfe,0x03,0xfe,0x9e,0xfe,0x0b,0xfe,0x88,
    0xfe,0xdd,0xfe,0x0b,0xfe,0x88,0xfe,0xde,0xfe,0xdf,0xfe,0x9f,0xfe,0xa0,0xe0,0xfe,
    0xe1,0xfe,0x9f,0xfe,0xa0,0xe2,0xfe,0xe3,0xfe,0x9e,0xfe,0xe4,0xfe,0xe5,0xfe,0x9a,
    0xfe,0x9b,0xfe,0x9c,0x9d,0xfe,0x01,0xe6,0xfe,0x01,0x02,0x12,0x14,0x15,0x38,0x29,
    0x2a,0x2b,0xae,0xb0,0xae,0xb0,0xff,0x60,0xae,0xb0,0xae,0xb0,0xae,0xb0,0xae,0xb0,
    0xff,0x60,0xff,0x60,0xe4,0x66,0xb6,0x4b,0x95,0x6f,0xb6,0x4b,0x91,0x98,0x95,0x6f,
    0xe4,0x66,0xff,0x60,0xff,0x60,0xb6,0x4b,0xff,0x60,0xff,0x60,0x95,0x6f,0x91,0x98,
    0xff,0x60,0xff,0x60,0x91,0x98,0xff,0x60,0xff,0x60,0x95,0x6f,0xe4,0x66,0xff,0x60,
    0xff,0x60,0xff,0x60,0xff,0x60,0xff,0x60,0xae,0xb0,0xca,0x21,0x00,0x00,0xf8,0x02,
    0x00,0x00,0x23,0x00,0x00,0x00,0xf8,0x02,0x00,0x00,0xc7,0x01,0x00,0x00,0x0c,0x0d,
    0x8e,0x00,0x8f,0x07,0x72,0x00,0x73,0x74,0x75,0x76,0x77,0x78,0x79,0x7a,0x07,0x7b,
    0x7c,0x08,0x7d,0xe7,0x00,0xe8,0xe9,0xea,0x07,0xeb,0x00,0xec,0x07,0x90,0x91,0x08,
    0x92,0x04,0xfe,0x01,0x7e,0x00,0x7f,0x80,0x0f,0x00,0x10,0x11,0x12,0x13,0x14,0x15,
    0x16,0x17,0x18,0x19,0x1a,0x1b,0x1c,0x1d,0x1e,0x1f,0x20,0x21,0x22,0x23,0x24,0x25,
    0x26,0x27,0x28,0x29,0x2a,0x2b,0x2c,0x2d,0x2e,0x2f,0x30,0x31,0x32,0x33,0x34,0x35,
    0x36,0x37,0x38,0x39,0x3a,0x3b,0x3c,0x3d,0x3e,0x3f,0x40,0x41,0x42,0x43,0x44,0x45,
    0x46,0x47,0x48,0x49,0x4a,0x4b,0x4c,0x4d,0x4e,0x4f,0x50,0x51,0x52,0x53,0x54,0x55,
    0x56,0x57,0x58,0x59,0x5a,0x5b,0x5c,0x5d,0x5e,0x5f,0x60,0x61,0x62,0x63,0x64,0x65,
    0x66,0x67,0x68,0x69,0x6a,0x6b,0x6c,0xed,0x00,0xa4,0xee,0xef,0x00,0xa5,0xf0,0xf0,
    0x00,0xa4,0xf0,0xf0,0x00,0xa5,0xf0,0xf0,0xf0,0xf0,0x93,0xf0,0xf0,0x94,0x95,0xc9,
    0xc8,0xf0,0xf0,0xca,0xf0,0x00,0xa6,0x00,0x82,0xfe,0xa1,0x82,0xfe,0xa2,0x82,0xfe,
    0xa3,0x82,0xfe,0xf0,0xa7,0xfe,0x83,0xfe,0x84,0xfe,0x85,0xfe,0x89,0xfe,0x83,0xfe,
    0x84,0xfe,0x85,0xfe,0x8a,0xfe,0x83,0xfe,0x84,0xfe,0x85,0xfe,0xa8,0xfe,0x83,0xfe,
    0x84,0xfe,0x85,0xfe,0xa9,0xaa,0x02,0x82,0xfe,0xa1,0x82,0xfe,0xa2,0x82,0xfe,0xa3,
    0x8b,0xfe,0xab,0x8b,0xfe,0x03,0xfe,0xac,0x09,0xfe,0x01,0xfe,0xad,0xfe,0x83,0xfe,
    0x84,0xfe,0x85,0xfe,0x89,0xfe,0x83,0xfe,0x84,0xfe,0x85,0xfe,0x8a,0xfe,0x83,0xfe,
    0x84,0xfe,0x85,0xfe,0xae,0xaf,0xfe,0x03,0xfe,0xb0,0xfe,0xb1,0xfe,0xb2,0x00,0x71,
    0xfe,0xb3,0xfe,0xb4,0xfe,0xb5,0x82,0xfe,0xf0,0xfe,0xb6,0xfe,0xb7,0xfe,0x83,0xfe,
    0x84,0xfe,0x85,0xfe,0xb8,0xfe,0x81,0xfe,0xb9,0xba,0x02,0xbb,0xfe,0x01,0x02,0xf0,
    0x00,0xa6,0x00,0x82,0xfe,0xcf,0x82,0xfe,0xd0,0x82,0xfe,0xd1,0x82,0xfe,0xf0,0xa7,
    0xfe,0x83,0xfe,0x84,0xfe,0x85,0xfe,0x89,0xfe,0x83,0xfe,0x84,0xfe,0x85,0xfe,0x8a,
    0xfe,0x83,0xfe,0x84,0xfe,0x85,0xfe,0xa8,0xfe,0x83,0xfe,0x84,0xfe,0x85,0xfe,0xa9,
    0xaa,0x02,0x82,0xfe,0xcf,0x82,0xfe,0xd0,0x82,0xfe,0xd1,0x8b,0xfe,0xab,0x8b,0xfe,
    0x03,0xfe,0xac,0x09,0xfe,0x01,0xfe,0xad,0xfe,0x83,0xfe,0x84,0xfe,0x85,0xfe,0x89,
    0xfe,0x83,0xfe,0x84,0xfe,0x85,0xfe,0x8a,0xfe,0x83,0xfe,0x84,0xfe,0x85,0xfe,0xae,
    0xaf,0xfe,0x03,0xfe,0xb0,0xfe,0xb1,0xfe,0xb2,0x00,0x71,0xfe,0xb3,0xfe,0xb4,0xfe,
    0xb5,0x82,0xfe,0xf0,0xfe,0xb6,0xfe,0xb7,0xfe,0x83,0xfe,0x84,0xfe,0x85,0xfe,0xb8,
    0xfe,0x81,0xfe,0xb9,0xba,0x02,0xbb,0xfe,0x01,0x02,0xcb,0x00,0xcc,0x00,0xcd,0x02,
    0x04,0xfe,0x01,0xd2,0x00,0x87,0xfe,0xbc,0x86,0xfe,0x01,0x04,0xfe,0x01,0xfe,0xbd,
    0xfe,0xbe,0xfe,0xbf,0xfe,0x8c,0x86,0xfe,0x01,0x04,0xfe,0x01,0xc0,0xfe,0xc1,0xfe,
    0xd3,0xfe,0x03,0xfe,0x06,0xfe,0x03,0xfe,0x06,0xfe,0xc2,0x00,0xf0,0xfe,0xc3,0x00,
    0x86,0xfe,0x03,0xfe,0x01,0xfe,0x8d,0xfe,0x01,0xfe,0x03,0xfe,0x01,0xfe,0x03,0xfe,
    0xc4,0xfe,0xf0,0xfe,0xc5,0x02,0x05,0x00,0xfe,0x03,0xfe,0x01,0xfe,0x03,0xfe,0x01,
    0x02,0x02,0xfe,0x03,0xfe,0x01,0x02,0x05,0x00,0xfe,0x8c,0x02,0x04,0xfe,0x01,0xd4,
    0x00,0x09,0xfe,0x03,0xfe,0x6d,0xf0,0xfe,0xc6,0x04,0xfe,0x01,0xfe,0x88,0xfe,0x6e,
    0xfe,0xc7,0xfe,0x6f,0xfe,0x8d,0xfe,0x70,0xfe,0x03,0xfe,0x01,0x02,0x05,0x00,0xfe,
    0x03,0xfe,0x01,0x02,0xf0,0xfe,0xf0,0xfe,0xf0,0xfe,0xf0,0x02,0x0e,0x00,0x96,0x00,
    0x97,0x02,0x05,0x00,0x98,0x02,0xf0,0xf0,0xf0,0x04,0xfe,0x01,0xd2,0x00,0x87,0xfe,
    0xbc,0x86,0xfe,0x01,0x04,0xfe,0x01,0xfe,0xbd,0xfe,0xbe,0xfe,0xbf,0xfe,0x8c,0x86,
    0xfe,0x01,0x04,0xfe,0x01,0xc0,0xfe,0xc1,0xfe,0xd3,0xfe,0x03,0xfe,0x06,0xfe,0x03,
    0xfe,0x06,0xfe,0xc2,0x00,0xf0,0xfe,0xc3,0x00,0x86,0xfe,0x03,0xfe,0x01,0xfe,0x8d,
    0xfe,0x01,0xfe,0x03,0xfe,0x01,0xfe,0x03,0xfe,0xc4,0xfe,0xf0,0xfe,0xc5,0x02,0x05,
    0x00,0xfe,0x03,0xfe,0x01,0xfe,0x03,0xfe,0x01,0x02,0x02,0xfe,0x03,0xfe,0x01,0x02,
    0x05,0x00,0xfe,0x8c,0x02,0x04,0xfe,0x01,0xd4,0x00,0x09,0xfe,0x03,0xfe,0x6d,0xf0,
    0xfe,0xc6,0x04,0xfe,0x01,0xfe,0x88,0xfe,0x6e,0xfe,0xc7,0xfe,0x6f,0xfe,0x8d,0xfe,
    0x70,0xfe,0x03,0xfe,0x01,0x02,0x05,0x00,0xfe,0x03,0xfe,0x01,0x02,0x04,0xfe,0xf0,
    0xfe,0xf0,0xfe,0xf0,0xfe,0xf0,0x99,0xfe,0x01,0xce,0xfe,0x0b,0xfe,0x9a,0xfe,0x9b,
    0xfe,0x9c,0x9d,0xfe,0x01,0x02,0x00,0x16,0x17,0x18,0x19,0x01,0x02,0x03,0x04,0x05,
    0x1a,0x1b,0x06,0x07,0x08,0x1c,0x1d,0x1e,0x1f,0x20,0x21,0x22,0x23,0x24,0x25,0x39,
    0x3a,0x13,0x09,0x0a,0x0b,0x47,0x2c,0x2d,0x2e,0x02,0xa8,0x73,0xa9,0x73,0xaa,0x73,
    0xab,0x73,0xa8,0x73,0xa8,0x73,0xa8,0x73,0xa8,0x73,0xa9,0x73,0xa9,0x73,0xa9,0x73,
    0xa9,0x73,0xaa,0x73,0xaa,0x73,0xaa,0x73,0xaa,0x73,0xab,0x73,0xab,0x73,0xab,0x73,
    0xab,0x73,0xac,0x73,0xad,0x73,0xae,0x73,0xf9,0x32,0x87,0xb2,0xf9,0x32,0xe5,0x53,
    0xe5,0x53,0xac,0x73,0xac,0x73,0xac,0x73,0xac,0x73,0xad,0x73,0xad,0x73,0xad,0x73,
    0xad,0x73,0xae,0x73,0xae,0x73,0xae,0x73,0xae,0x73,0x9a,0x3f,0xf9,0x32,0x9a,0x3f,
    0x87,0xb2,0xe2,0xa2,0x9a,0x3f,0x9a,0x3f,0xaf,0x73,0xe2,0xa2,0xe5,0x53,0xaf,0x73,
    0xaf,0x73,0xaf,0x73,0xaf,0x73,0xe2,0xa2,0x9a,0x3f,0xe5,0x53,0xd6,0x54,0xd7,0x54,
    0xd8,0x54,0xd9,0x54,0xd6,0x54,0xd6,0x54,0xd6,0x54,0xd6,0x54,0xd7,0x54,0xd7,0x54,
    0xd7,0x54,0xd7,0x54,0xd8,0x54,0xd8,0x54,0xd8,0x54,0xd8,0x54,0xd9,0x54,0xd9,0x54,
    0xd9,0x54,0xd9,0x54,0xda,0x54,0xdb,0x54,0xdc,0x54,0xa6,0xa9,0xef,0x30,0xa6,0xa9,
    0xcc,0x67,0xcc,0x67,0xda,0x54,0xda,0x54,0xda,0x54,0xda,0x54,0xdb,0x54,0xdb,0x54,
    0xdb,0x54,0xdb,0x54,0xdc,0x54,0xdc,0x54,0xdc,0x54,0xdc,0x54,0x81,0x53,0xa6,0xa9,
    0x81,0x53,0xef,0x30,0xc9,0xb6,0x81,0x53,0x81,0x53,0xde,0x54,0xc9,0xb6,0xcc,0x67,
    0xde,0x54,0xde,0x54,0xde,0x54,0xde,0x54,0xc9,0xb6,0x81,0x53,0xcc,0x67,0x88,0xb0,
    0x94,0x93,0x99,0x53,0xee,0x61,0x99,0x53,0x94,0x93,0x94,0x93,0xee,0x61,0xe6,0x53,
    0xff,0x66,0xab,0x39,0xab,0x39,0x99,0x53,0xe6,0x53,0xee,0x61,0xff,0x66,0xab,0x39,
    0xab,0x39,0x95,0x62,0x99,0x53,0x95,0x62,0xab,0x39,0xe6,0x53,0x95,0x62,0xff,0x66,
    0xee,0x61,0x95,0x62,0xab,0x39,0xe6,0x53,0x99,0x53,0xff,0x66,0xee,0x61,0x88,0xb0,
    0xee,0x61,0x88,0xb0,0x9c,0x86,0xd8,0xac,0x88,0xb0,0xd8,0xac,0xdf,0x73,0xdf,0x73,
    0xd8,0xac,0xdf,0x73,0xd8,0xac,0xdf,0x73,0xd8,0xac,0x9c,0x86,0xdf,0x73,0x9c,0x86,
    0x88,0xb0,0x9c,0x86,0x9c,0x86,0x9c,0x86,0xbf,0xc3,0xcb,0xa6,0xd0,0x66,0xa5,0x75,
    0xd0,0x66,0xcb,0xa6,0xcb,0xa6,0xa5,0x75,0x9c,0x67,0xb6,0x7a,0xe2,0x4c,0xe2,0x4c,
    0xd0,0x66,0x9c,0x67,0xa5,0x75,0xb6,0x7a,0xe2,0x4c,0xe2,0x4c,0xcc,0x75,0xd0,0x66,
    0xcc,0x75,0xe2,0x4c,0x9c,0x67,0xcc,0x75,0xb6,0x7a,0xa5,0x75,0xcc,0x75,0xe2,0x4c,
    0x9c,0x67,0xd0,0x66,0xb6,0x7a,0xa5,0x75,0xbf,0xc3,0xa5,0x75,0xbf,0xc3,0xd3,0x99,
    0xba,0x53,0xbf,0xc3,0xba,0x53,0xdd,0x54,0xdd,0x54,0xba,0x53,0xdd,0x54,0xba,0x53,
    0xdd,0x54,0xba,0x53,0xd3,0x99,0xdd,0x54,0xd3,0x99,0xbf,0xc3,0xff,0x60,0xd3,0x99,
    0xd3,0x99,0xd3,0x99,0xff,0x60,0xff,0x60,0xff,0x60,0xff,0x60,0xff,0x60,0xff,0x60,
    0x04,0x24,0x00,0x00,0x42,0x03,0x00,0x00,0x29,0x00,0x00,0x00,0x42,0x03,0x00,0x00,
    0x05,0x02,0x00,0x00,0x0c,0x0d,0x8e,0x00,0x8f,0x07,0x72,0x00,0x73,0x74,0x75,0x76,
    0x77,0x78,0x79,0x7a,0x07,0x7b,0x7c,0x08,0x7d,0xd5,0xd6,0x08,0xd7,0xe7,0x00,0xe8,
    0xe9,0xea,0x07,0xeb,0x00,0xec,0x07,0x90,0x91,0x08,0x92,0x04,0xfe,0x01,0x7e,0x00,
    0x7f,0x80,0x0f,0x00,0x10,0x11,0x12,0x13,0x14,0x15,0x16,0x17,0x18,0x19,0x1a,0x1b,
    0x1c,0x1d,0x1e,0x1f,0x20,0x21,0x22,0x23,0x24,0x25,0x26,0x27,0x28,0x29,0x2a,0x2b,
    0x2c,0x2d,0x2e,0x2f,0x30,0x31,0x32,0x33,0x34,0x35,0x36,0x37,0x38,0x39,0x3a,0x3b,
    0x3c,0x3d,0x3e,0x3f,0x40,0x41,0x42,0x43,0x44,0x45,0x46,0x47,0x48,0x49,0x4a,0x4b,
    0x4c,0x4d,0x4e,0x4f,0x50,0x51,0x52,0x53,0x54,0x55,0x56,0x57,0x58,0x59,0x5a,0x5b,
    0x5c,0x5d,0x5e,0x5f,0x60,0x61,0x62,0x63,0x64,0x65,0x66,0x67,0x68,0x69,0x6a,0x6b,
    0x6c,0xed,0x00,0xa4,0xee,0xef,0x00,0xa5,0xf0,0xf0,0x00,0xa4,0xf0,0xf0,0x00,0xa5,
    0xf0,0xf0,0xf0,0xf0,0x94,0x93,0xf0,0xf0,0x95,0xc9,0xc8,0xf0,0xf0,0xca,0xf0,0x00,
    0xa6,0x00,0x82,0xfe,0xa1,0x82,0xfe,0xa2,0x82,0xfe,0xa3,0x82,0xfe,0xf0,0xa7,0xfe,
    0x83,0xfe,0x84,0xfe,0x85,0xfe,0x89,0xfe,0x83,0xfe,0x84,0xfe,0x85,0xfe,0x8a,0xfe,
    0x83,0xfe,0x84,0xfe,0x85,0xfe,0xa8,0xfe,0x83,0xfe,0x84,0xfe,0x85,0xfe,0xa9,0xaa,
    0x02,0x82,0xfe,0xa1,0x82,0xfe,0xa2,0x82,0xfe,0xa3,0x8b,0xfe,0xab,0x8b,0xfe,0x03,
    0xfe,0xac,0x09,0xfe,0x01,0xfe,0xad,0xfe,0x83,0xfe,0x84,0xfe,0x85,0xfe,0x89,0xfe,
    0x83,0xfe,0x84,0xfe,0x85,0xfe,0x8a,0xfe,0x83,0xfe,0x84,0xfe,0x85,0xfe,0xae,0xaf,
    0xfe,0x03,0xfe,0xb0,0xfe,0xb1,0xfe,0xb2,0x00,0x71,0xfe,0xb3,0xfe,0xb4,0xfe,0xb5,
    0x82,0xfe,0xf0,0xfe,0xb6,0xfe,0xb7,0xfe,0x83,0xfe,0x84,0xfe,0x85,0xfe,0xb8,0xfe,
    0x81,0xfe,0xb9,0xba,0x02,0xbb,0xfe,0x01,0x02,0xf0,0x00,0xa6,0x00,0x82,0xfe,0xcf,
    0x82,0xfe,0xd0,0x82,0xfe,0xd1,0x82,0xfe,0xf0,0xa7,0xfe,0x83,0xfe,0x84,0xfe,0x85,
    0xfe,0x89,0xfe,0x83,0xfe,0x84,0xfe,0x85,0xfe,0x8a,0xfe,0x83,0xfe,0x84,0xfe,0x85,
    0xfe,0xa8,0xfe,0x83,0xfe,0x84,0xfe,0x85,0xfe,0xa9,0xaa,0x02,0x82,0xfe,0xcf,0x82,
    0xfe,0xd0,0x82,0xfe,0xd1,0x8b,0xfe,0xab,0x8b,0xfe,0x03,0xfe,0xac,0x09,0xfe,0x01,
    0xfe,0xad,0xfe,0x83,0xfe,0x84,0xfe,0x85,0xfe,0x89,0xfe,0x83,0xfe,0x84,0xfe,0x85,
    0xfe,0x8a,0xfe,0x83,0xfe,0x84,0xfe,0x85,0xfe,0xae,0xaf,0xfe,0x03,0xfe,0xb0,0xfe,
    0xb1,0xfe,0xb2,0x00,0x71,0xfe,0xb3,0xfe,0xb4,0xfe,0xb5,0x82,0xfe,0xf0,0xfe,0xb6,
    0xfe,0xb7,0xfe,0x83,0xfe,0x84,0xfe,0x85,0xfe,0xb8,0xfe,0x81,0xfe,0xb9,0xba,0x02,
    0xbb,0xfe,0x01,0x02,0xcb,0x00,0xcc,0x00,0xcd,0x02,0x04,0xfe,0x01,0xd2,0x00,0x87,
    0xfe,0xbc,0x86,0xfe,0x01,0x04,0xfe,0x01,0xfe,0xbd,0xfe,0xbe,0xfe,0xbf,0xfe,0x8c,
    0x86,0xfe,0x01,0x04,0xfe,0x01,0xc0,0xfe,0xc1,0xfe,0xd3,0xfe,0x03,0xfe,0x06,0xfe,
    0x03,0xfe,0x06,0xfe,0xc2,0x00,0xf0,0xfe,0xc3,0x00,0x86,0xfe,0x03,0xfe,0x01,0xfe,
    0x8d,0xfe,0x01,0xfe,0x03,0xfe,0x01,0xfe,0x03,0xfe,0xc4,0xfe,0xf0,0xfe,0xc5,0x02,
    0x05,0x00,0xfe,0x03,0xfe,0x01,0xfe,0x03,0xfe,0x01,0x02,0x02,0xfe,0x03,0xfe,0x01,
    0x02,0x05,0x00,0xfe,0x8c,0x02,0x04,0xfe,0x01,0xd4,0x00,0x09,0xfe,0x03,0xfe,0x6d,
    0xf0,0xfe,0xc6,0x04,0xfe,0x01,0xfe,0x88,0xfe,0x6e,0xfe,0xc7,0xfe,0x6f,0xfe,0x8d,
    0xfe,0x70,0xfe,0x03,0xfe,0x01,0x02,0x05,0x00,0xfe,0x03,0xfe,0x01,0x02,0xf0,0xfe,
    0xf0,0xfe,0xf0,0xfe,0xf0,0x02,0x0e,0x00,0x96,0x00,0x97,0x02,0x05,0x00,0x98,0x02,
    0x87,0xfe,0xd8,0xf0,0xfe,0xf0,0xf0,0xfe,0xf0,0xf0,0xfe,0xf0,0x04,0xfe,0x01,0xd2,
    0x00,0x87,0xfe,0xbc,0x86,0xfe,0x01,0x04,0xfe,0x01,0xfe,0xbd,0xfe,0xbe,0xfe,0xbf,
    0xfe,0x8c,0x86,0xfe,0x01,0x04,0xfe,0x01,0xc0,0xfe,0xc1,0xfe,0xd3,0xfe,0x03,0xfe,
    0x06,0xfe,0x03,0xfe,0x06,0xfe,0xc2,0x00,0xf0,0xfe,0xc3,0x00,0x86,0xfe,0x03,0xfe,
    0x01,0xfe,0x8d,0xfe,0x01,0xfe,0x03,0xfe,0x01,0xfe,0x03,0xfe,0xc4,0xfe,0xf0,0xfe,
    0xc5,0x02,0x05,0x00,0xfe,0x03,0xfe,0x01,0xfe,0x03,0xfe,0x01,0x02,0x02,0xfe,0x03,
    0xfe,0x01,0x02,0x05,0x00,0xfe,0x8c,0x02,0x04,0xfe,0x01,0xd4,0x00,0x09,0xfe,0x03,
    0xfe,0x6d,0xf0,0xfe,0xc6,0x04,0xfe,0x01,0xfe,0x88,0xfe,0x6e,0xfe,0xc7,0xfe,0x6f,
    0xfe,0x8d,0xfe,0x70,0xfe,0x03,0xfe,0x01,0x02,0x05,0x00,0xfe,0x03,0xfe,0x01,0x02,
    0x04,0xfe,0xf0,0xfe,0xf0,0xfe,0xf0,0xfe,0xf0,0xfe,0xf0,0xfe,0xf0,0xfe,0xf0,0xfe,
    0xd9,0x99,0xfe,0x01,0xce,0xfe,0x0b,0x87,0xfe,0xda,0x0a,0xfe,0xdb,0x0a,0xfe,0xdc,
    0xfe,0x01,0x0a,0xfe,0x03,0xfe,0x9e,0xfe,0x0b,0xfe,0x88,0xfe,0xdd,0xfe,0x0b,0xfe,
    0x88,0xfe,0xde,0xfe,0xdf,0xfe,0x9f,0xfe,0xa0,0xe0,0xfe,0xe1,0xfe,0x9f,0xfe,0xa0,
    0xe2,0xfe,0xe3,0xfe,0x9e,0xfe,0xe4,0xfe,0xe5,0xfe,0x9a,0xfe,0x9b,0xfe,0x9c,0x9d,
    0xfe,0x01,0xe6,0xfe,0x01,0x02,0x00,0x16,0x17,0x18,0x19,0x01,0x02,0x03,0x04,0x05,
    0x1a,0x1b,0x06,0x07,0x08,0x1c,0x1d,0x1e,0x1f,0x20,0x21,0x22,0x23,0x24,0x25,0x3b,
    0x3c,0x3d,0x3e,0x14,0x15,0x09,0x0a,0x0b,0x38,0x2f,0x30,0x31,0x32,0x33,0x34,0x02,
    0xa8,0x73,0xa9,0x73,0xaa,0x73,0xab,0x73,0xa8,0x73,0xa8,0x73,0xa8,0x73,0xa8,0x73,
    0xa9,0x73,0xa9,0x73,0xa9,0x73,0xa9,0x73,0xaa,0x73,0xaa,0x73,0xaa,0x73,0xaa,0x73,
    0xab,0x73,0xab,0x73,0xab,0x73,0xab,0x73,0xac,0x73,0xad,0x73,0xae,0x73,0xf9,0x32,
    0x87,0xb2,0xf9,0x32,0xe5,0x53,0xe5,0x53,0xac,0x73,0xac,0x73,0xac,0x73,0xac,0x73,
    0xad,0x73,0xad,0x73,0xad,0x73,0xad,0x73,0xae,0x73,0xae,0x73,0xae,0x73,0xae,0x73,
    0x9a,0x3f,0xf9,0x32,0x9a,0x3f,0x87,0xb2,0xe2,0xa2,0x9a,0x3f,0x9a,0x3f,0xaf,0x73,
    0xe2,0xa2,0xe5,0x53,0xaf,0x73,0xaf,0x73,0xaf,0x73,0xaf,0x73,0xe2,0xa2,0x9a,0x3f,
    0xe5,0x53,0xd6,0x54,0xd7,0x54,0xd8,0x54,0xd9,0x54,0xd6,0x54,0xd6,0x54,0xd6,0x54,
    0xd6,0x54,0xd7,0x54,0xd7,0x54,0xd7,0x54,0xd7,0x54,0xd8,0x54,0xd8,0x54,0xd8,0x54,
    0xd8,0x54,0xd9,0x54,0xd9,0x54,0xd9,0x54,0xd9,0x54,0xda,0x54,0xdb,0x54,0xdc,0x54,
    0xa6,0xa9,0xef,0x30,0xa6,0xa9,0xcc,0x67,0xcc,0x67,0xda,0x54,0xda,0x54,0xda,0x54,
    0xda,0x54,0xdb,0x54,0xdb,0x54,0xdb,0x54,0xdb,0x54,0xdc,0x54,0xdc,0x54,0xdc,0x54,
    0xdc,0x54,0x81,0x53,0xa6,0xa9,0x81,0x53,0xef,0x30,0xc9,0xb6,0x81,0x53,0x81,0x53,
    0xde,0x54,0xc9,0xb6,0xcc,0x67,0xde,0x54,0xde,0x54,0xde,0x54,0xde,0x54,0xc9,0xb6,
    0x81,0x53,0xcc,0x67,0x88,0xb0,0x94,0x93,0x99,0x53,0xee,0x61,0x99,0x53,0x94,0x93,
    0x94,0x93,0xee,0x61,0xe6,0x53,0xff,0x66,0xac,0x39,0xac,0x39,0x99,0x53,0xe6,0x53,
    0xee,0x61,0xff,0x66,0xac,0x39,0xac,0x39,0x95,0x62,0x99,0x53,0x95,0x62,0xac,0x39,
    0xe6,0x53,0x95,0x62,0xff,0x66,0xee,0x61,0x95,0x62,0xac,0x39,0xe6,0x53,0x99,0x53,
    0xff,0x66,0xee,0x61,0x88,0xb0,0xee,0x61,0x88,0xb0,0x9c,0x86,0xd8,0xac,0x88,0xb0,
    0xd8,0xac,0xdf,0x73,0xdf,0x73,0xd8,0xac,0xdf,0x73,0xd8,0xac,0xdf,0x73,0xd8,0xac,
    0x9c,0x86,0xdf,0x73,0x9c,0x86,0x88,0xb0,0x9c,0x86,0x9c,0x86,0x9c,0x86,0xae,0xb0,
    0xae,0xb0,0xae,0xb0,0xae,0xb0,0xbf,0xc3,0xcb,0xa6,0xd0,0x66,0xa5,0x75,0xd0,0x66,
    0xcb,0xa6,0xcb,0xa6,0xa5,0x75,0x9c,0x67,0xb6,0x7a,0xe2,0x4c,0xe2,0x4c,0xd0,0x66,
    0x9c,0x67,0xa5,0x75,0xb6,0x7a,0xe2,0x4c,0xe2,0x4c,0xcc,0x75,0xd0,0x66,0xcc,0x75,
    0xe2,0x4c,0x9c,0x67,0xcc,0x75,0xb6,0x7a,0xa5,0x75,0xcc,0x75,0xe2,0x4c,0x9c,0x67,
    0xd0,0x66,0xb6,0x7a,0xa5,0x75,0xbf,0xc3,0xa5,0x75,0xbf,0xc3,0xd3,0x99,0xba,0x53,
    0xbf,0xc3,0xba,0x53,0xdd,0x54,0xdd,0x54,0xba,0x53,0xdd,0x54,0xba,0x53,0xdd,0x54,
    0xba,0x53,0xd3,0x99,0xdd,0x54,0xd3,0x99,0xbf,0xc3,0xff,0x60,0xae,0xb0,0xd3,0x99,
    0xae,0xb0,0xd3,0x99,0xae,0xb0,0xd3,0x99,0xae,0xb0,0xff,0x60,0xff,0x60,0xe4,0x66,
    0xb6,0x4b,0x95,0x6f,0xb6,0x4b,0x91,0x98,0x95,0x6f,0xe4,0x66,0xff,0x60,0xff,0x60,
    0xb6,0x4b,0xff,0x60,0xff,0x60,0x95,0x6f,0x91,0x98,0xff,0x60,0xff,0x60,0x91,0x98,
    0xff,0x60,0xff,0x60,0x95,0x6f,0xe4,0x66,0xff,0x60,0xff,0x60,0xff,0x60,0xff,0x60,
    0xff,0x60,0xae,0xb0,0x75,0x0b,0x00,0x00,0x11,0x01,0x00,0x00,0x00,0x00,0x00,0x00,
    0x11,0x01,0x00,0x00,0x5f,0x00,0x00,0x00,0x0c,0x0d,0x83,0x00,0x84,0x85,0x86,0x87,
    0x88,0x89,0x07,0x04,0xfe,0x01,0x0a,0xfe,0x01,0x09,0xfe,0x01,0x0f,0x00,0x10,0x11,
    0x12,0x13,0x14,0x15,0x16,0x17,0x18,0x19,0x1a,0x1b,0x1c,0x1d,0x1e,0x1f,0x20,0x21,
    0x22,0x23,0x24,0x25,0x26,0x27,0x28,0x29,0x2a,0x2b,0x2c,0x2d,0x2e,0x2f,0x30,0x31,
    0x32,0x33,0x34,0x35,0x36,0x37,0x38,0x39,0x3a,0x3b,0x3c,0x3d,0x3e,0x3f,0x40,0x41,
    0x42,0x43,0x44,0x45,0x46,0x47,0x48,0x49,0x4a,0x4b,0x4c,0x4d,0x4e,0x4f,0x50,0x51,
    0x52,0x53,0x54,0x55,0x56,0x57,0x58,0x59,0x5a,0x5b,0x5c,0x5d,0x5e,0x5f,0x60,0x61,
    0x62,0x63,0x64,0x65,0x66,0x67,0x68,0x69,0x6a,0x6b,0x6c,0x8a,0x00,0x8b,0x8c,0x96,
    0x97,0x82,0x98,0x00,0x0a,0xfe,0x99,0x91,0xfe,0x9a,0x00,0x92,0x02,0x91,0xfe,0x9b,
    0x00,0x92,0x02,0x0a,0xfe,0x9c,0x0a,0xfe,0x01,0x9d,0xfe,0x9e,0x00,0xfe,0x9f,0xfe,
    0xa0,0xfe,0x01,0x02,0x05,0x00,0xfe,0xa1,0x02,0x0a,0xfe,0xa2,0xfe,0x93,0xfe,0xa3,
    0x09,0xfe,0x01,0xa4,0x00,0x71,0xfe,0xa5,0xfe,0xa6,0xfe,0x94,0xfe,0xa7,0xfe,0xa8,
    0x02,0x05,0x00,0xfe,0xa9,0x02,0x09,0xfe,0x03,0xfe,0xaa,0xfe,0x0b,0x09,0xfe,0x01,
    0xab,0x00,0xfe,0x03,0xfe,0xac,0xfe,0x93,0xfe,0xad,0x02,0x05,0x00,0xfe,0x03,0xfe,
    0x01,0x02,0xae,0xfe,0x06,0xfe,0x0b,0x02,0x0e,0x00,0x8d,0xfe,0x06,0xfe,0x06,0xfe,
    0x06,0xfe,0x06,0xfe,0x8e,0xfe,0x06,0xfe,0x06,0xfe,0x06,0xfe,0x06,0xfe,0x8f,0xaf,
    0x04,0xfe,0xb0,0x04,0xfe,0xb1,0x09,0xfe,0xb2,0xfe,0xb3,0xfe,0xb4,0xfe,0x6d,0xb5,
    0xfe,0x6e,0xb6,0xfe,0x6f,0xb7,0xfe,0x70,0x02,0x02,0x03,0x04,0xe9,0xc3,0xe9,0xc3,
    0xe9,0xc3,0xab,0x5c,0x9f,0x5d,0xab,0x5c,0x9f,0x5d,0xab,0x5c,0xab,0x5c,0x9f,0x5d,
    0xe6,0x47,0x9f,0x5d,0xe9,0xc3,0xb4,0xbd,0xe9,0x63,0xb4,0xbd,0xe9,0x63,0xe9,0x63,
    0xe9,0xc3,0xb4,0xbd,0xea,0xc2,0xb4,0xbd,0xe6,0x47,0xe0,0xaa,0xe0,0xaa,0xea,0xc2,
    0x9f,0x5d,0xe9,0xc3,0xe0,0xaa,0xea,0xc2,0xe0,0xaa,0xe6,0x47,0x02,0x03,0x03,0x03,
    0x04,0x02,0x03,0x03,0x03,0x04,0x87,0x8b,0xfc,0x7a,0xcd,0x40,0xfc,0x7a,0x87,0x8b,
    0x87,0x8b,0xcd,0x40,0xcd,0x40,0xcd,0x40,0xbb,0x07,0x00,0x00,0x7f,0x00,0x00,0x00,
    0x00,0x00,0x00,0x00,0x7f,0x00,0x00,0x00,0x00,0x00,0x00,0x00,0x0c,0x0d,0x72,0x00,
    0x73,0x74,0x75,0x76,0x77,0x78,0x79,0x7a,0x07,0x7b,0x7c,0x08,0x7d,0x7e,0x00,0x7f,
    0x80,0x0f,0x00,0x10,0x11,0x12,0x13,0x14,0x15,0x16,0x17,0x18,0x19,0x1a,0x1b,0x1c,
    0x1d,0x1e,0x1f,0x20,0x21,0x22,0x23,0x24,0x25,0x26,0x27,0x28,0x29,0x2a,0x2b,0x2c,
    0x2d,0x2e,0x2f,0x30,0x31,0x32,0x33,0x34,0x35,0x36,0x37,0x38,0x39,0x3a,0x3b,0x3c,
    0x3d,0x3e,0x3f,0x40,0x41,0x42,0x43,0x44,0x45,0x46,0x47,0x48,0x49,0x4a,0x4b,0x4c,
    0x4d,0x4e,0x4f,0x50,0x51,0x52,0x53,0x54,0x55,0x56,0x57,0x58,0x59,0x5a,0x5b,0x5c,
    0x5d,0x5e,0x5f,0x60,0x61,0x62,0x63,0x64,0x65,0x66,0x67,0x68,0x69,0x6a,0x6b,0x6c,
    0xb8,0xb9,0xba,0xbb,0xbc,0x0e,0x00,0xbd,0xbe,0xbf,0x02,0xb7,0x0c,0x00,0x00,0xb0,
    0x00,0x00,0x00,0x07,0x00,0x00,0x00,0xb0,0x00,0x00,0x00,0x14,0x00,0x00,0x00,0x0c,
    0x0d,0x8e,0x00,0x8f,0x07,0x72,0x00,0x73,0x74,0x75,0x76,0x77,0x78,0x79,0x7a,0x07,
    0x7b,0x7c,0x08,0x7d,0x90,0x91,0x08,0x92,0x7e,0x00,0x7f,0x80,0x0f,0x00,0x10,0x11,
    0x12,0x13,0x14,0x15,0x16,0x17,0x18,0x19,0x1a,0x1b,0x1c,0x1d,0x1e,0x1f,0x20,0x21,
    0x22,0x23,0x24,0x25,0x26,0x27,0x28,0x29,0x2a,0x2b,0x2c,0x2d,0x2e,0x2f,0x30,0x31,
    0x32,0x33,0x34,0x35,0x36,0x37,0x38,0x39,0x3a,0x3b,0x3c,0x3d,0x3e,0x3f,0x40,0x41,
    0x42,0x43,0x44,0x45,0x46,0x47,0x48,0x49,0x4a,0x4b,0x4c,0x4d,0x4e,0x4f,0x50,0x51,
    0x52,0x53,0x54,0x55,0x56,0x57,0x58,0x59,0x5a,0x5b,0x5c,0x5d,0x5e,0x5f,0x60,0x61,
    0x62,0x63,0x64,0x65,0x66,0x67,0x68,0x69,0x6a,0x6b,0x6c,0x93,0x94,0xf0,0x95,0xc9,
    0xca,0xcb,0x00,0xcc,0x00,0xcd,0x02,0xf0,0x02,0x0e,0x00,0x96,0x00,0x97,0x02,0x05,
    0x00,0x98,0x02,0xf0,0x04,0xfe,0xf0,0x04,0xfe,0xf0,0xfe,0x01,0xf0,0xfe,0xf0,0x99,
    0xfe,0x01,0xce,0xfe,0x0b,0xfe,0x9a,0xfe,0x9b,0xfe,0x9c,0x9d,0xfe,0x01,0x02,0x26,
    0x12,0x13,0x35,0x0f,0x27,0x28,0xce,0xb0,0xc4,0x5d,0xce,0xb0,0xce,0xb0,0xc4,0x5d,
    0xc4,0x5d,0xc4,0x5d,0xc4,0x5d,0xc4,0x5d,0xc4,0x5d,0x00,0x06,0x00,0x00,0x95,0x00,
    0x00,0x00,0x00,0x00,0x00,0x00,0x95,0x00,0x00,0x00,0x28,0x00,0x00,0x00,0x0c,0x0d,
    0x0f,0x00,0x10,0x11,0x12,0x13,0x14,0x15,0x16,0x17,0x18,0x19,0x1a,0x1b,0x1c,0x1d,
    0x1e,0x1f,0x20,0x21,0x22,0x23,0x24,0x25,0x26,0x27,0x28,0x29,0x2a,0x2b,0x2c,0x2d,
    0x2e,0x2f,0x30,0x31,0x32,0x33,0x34,0x35,0x36,0x37,0x38,0x39,0x3a,0x3b,0x3c,0x3d,
    0x3e,0x3f,0x40,0x41,0x42,0x43,0x44,0x45,0x46,0x47,0x48,0x49,0x4a,0x4b,0x4c,0x4d,
    0x4e,0x4f,0x50,0x51,0x52,0x53,0x54,0x55,0x56,0x57,0x58,0x59,0x5a,0x5b,0x5c,0x5d,
    0x5e,0x5f,0x60,0x61,0x62,0x63,0x64,0x65,0x66,0x67,0x68,0x69,0x6a,0x6b,0x6c,0xc0,
    0x82,0x0e,0x00,0x0a,0xfe,0xc1,0x71,0xfe,0xc2,0xfe,0xc3,0xfe,0x0b,0x71,0xfe,0x03,
    0xfe,0x90,0xfe,0x01,0x0a,0xfe,0xc4,0x0a,0xfe,0xc5,0x71,0xfe,0xc6,0xfe,0xc7,0xfe,
    0xc8,0xfe,0x90,0xfe,0xc9,0xfe,0x90,0xfe,0xca,0xcb,0xfe,0x95,0xfe,0x95,0xfe,0x94,
    0xfe,0x81,0x02,0x97,0x3d,0xe5,0x43,0x97,0x3d,0x97,0x3d,0xdc,0xbf,0xe5,0x43,0xe5,
    0x43,0xa7,0x92,0x84,0xb7,0x94,0xc1,0xdc,0xbf,0xdc,0xbf,0xa7,0x92,0xa7,0x92,0x84,
    0xb7,0x84,0xb7,0xe5,0x43,0x94,0xc1,0xe5,0x43,0x94,0xc1,0x01,0x0f,0x00,0x00,0xf6,
    0x00,0x00,0x00,0x0b,0x00,0x00,0x00,0xf6,0x00,0x00,0x00,0x4e,0x00,0x00,0x00,0x0c,
    0x0d,0x8e,0x00,0x8f,0x07,0x72,0x00,0x73,0x74,0x75,0x76,0x77,0x78,0x79,0x7a,0x07,
    0x7b,0x7c,0x08,0x7d,0xd5,0xd6,0x08,0xd7,0x90,0x91,0x08,0x92,0x7e,0x00,0x7f,0x80,
    0x0f,0x00,0x10,0x11,0x12,0x13,0x14,0x15,0x16,0x17,0x18,0x19,0x1a,0x1b,0x1c,0x1d,
    0x1e,0x1f,0x20,0x21,0x22,0x23,0x24,0x25,0x26,0x27,0x28,0x29,0x2a,0x2b,0x2c,0x2d,
    0x2e,0x2f,0x30,0x31,0x32,0x33,0x34,0x35,0x36,0x37,0x38,0x39,0x3a,0x3b,0x3c,0x3d,
    0x3e,0x3f,0x40,0x41,0x42,0x43,0x44,0x45,0x46,0x47,0x48,0x49,0x4a,0x4b,0x4c,0x4d,
    0x4e,0x4f,0x50,0x51,0x52,0x53,0x54,0x55,0x56,0x57,0x58,0x59,0x5a,0x5b,0x5c,0x5d,
    0x5e,0x5f,0x60,0x61,0x62,0x63,0x64,0x65,0x66,0x67,0x68,0x69,0x6a,0x6b,0x6c,0x94,
    0x93,0xf0,0x95,0xc9,0xca,0xcb,0x00,0xcc,0x00,0xcd,0x02,0xf0,0x02,0x0e,0x00,0x96,
    0x00,0x97,0x02,0x05,0x00,0x98,0x02,0x87,0xfe,0xd8,0xf0,0xfe,0xf0,0x04,0xfe,0xf0,
    0xfe,0xf0,0xfe,0xf0,0xfe,0xf0,0xfe,0xd9,0x04,0xfe,0xf0,0xfe,0x01,0xf0,0xfe,0xf0,
    0x99,0xfe,0x01,0xce,0xfe,0x0b,0x87,0xfe,0xda,0x0a,0xfe,0xdb,0x0a,0xfe,0xdc,0xfe,
    0x01,0x0a,0xfe,0x03,0xfe,0x9e,0xfe,0x0b,0xfe,0x88,0xfe,0xdd,0xfe,0x0b,0xfe,0x88,
    0xfe,0xde,0xfe,0xdf,0xfe,0x9f,0xfe,0xa0,0xe0,0xfe,0xe1,0xfe,0x9f,0xfe,0xa0,0xe2,
    0xfe,0xe3,0xfe,0x9e,0xfe,0xe4,0xfe,0xe5,0xfe,0x9a,0xfe,0x9b,0xfe,0x9c,0x9d,0xfe,
    0x01,0xe6,0xfe,0x01,0x02,0x26,0x12,0x14,0x15,0x10,0x29,0x2a,0x2b,0x11,0x27,0x28,
    0xae,0xb0,0xae,0xb0,0xce,0xb0,0xae,0xb0,0xae,0xb0,0xae,0xb0,0xae,0xb0,0xc4,0x5d,
    0xce,0xb0,0xce,0xb0,0xc4,0x5d,0xc4,0x5d,0xe4,0x66,0xb6,0x4b,0x95,0x6f,0xb6,0x4b,
    0x91,0x98,0x95,0x6f,0xe4,0x66,0xc4,0x5d,0xc4,0x5d,0xb6,0x4b,0xc4,0x5d,0xc4,0x5d,
    0x95,0x6f,0x91,0x98,0xc4,0x5d,0xc4,0x5d,0x91,0x98,0xc4,0x5d,0xc4,0x5d,0x95,0x6f,
    0xe4,0x66,0xc4,0x5d,0xc4,0x5d,0xc4,0x5d,0xc4,0x5d,0xc4,0x5d,0xae,0xb0,0x4b,0x22,
    0x00,0x00,0x00,0x03,0x00,0x00,0x27,0x00,0x00,0x00,0x00,0x03,0x00,0x00,0xcd,0x01,
    0x00,0x00,0x0c,0x0d,0x8e,0x00,0x8f,0x07,0x72,0x00,0x73,0x74,0x75,0x76,0x77,0x78,
    0x79,0x7a,0x07,0x7b,0x7c,0x08,0x7d,0xe7,0x00,0xe8,0xe9,0xea,0x07,0xeb,0x00,0xec,
    0x07,0x90,0x91,0x08,0x92,0x04,0xfe,0x01,0x7e,0x00,0x7f,0x80,0x0f,0x00,0x10,0x11,
    0x12,0x13,0x14,0x15,0x16,0x17,0x18,0x19,0x1a,0x1b,0x1c,0x1d,0x1e,0x1f,0x20,0x21,
    0x22,0x23,0x24,0x25,0x26,0x27,0x28,0x29,0x2a,0x2b,0x2c,0x2d,0x2e,0x2f,0x30,0x31,
    0x32,0x33,0x34,0x35,0x36,0x37,0x38,0x39,0x3a,0x3b,0x3c,0x3d,0x3e,0x3f,0x40,0x41,
    0x42,0x43,0x44,0x45,0x46,0x47,0x48,0x49,0x4a,0x4b,0x4c,0x4d,0x4e,0x4f,0x50,0x51,
    0x52,0x53,0x54,0x55,0x56,0x57,0x58,0x59,0x5a,0x5b,0x5c,0x5d,0x5e,0x5f,0x60,0x61,
    0x62,0x63,0x64,0x65,0x66,0x67,0x68,0x69,0x6a,0x6b,0x6c,0xed,0x00,0xa4,0xee,0xef,
    0x00,0xa5,0xf0,0xf0,0x00,0xa4,0xf0,0xf0,0x00,0xa5,0xf0,0xf0,0xf0,0xf0,0x93,0xf0,
    0xf0,0x94,0xf0,0x95,0xc9,0xf0,0xf0,0xca,0xf0,0x00,0xa6,0x00,0x82,0xfe,0xa1,0x82,
    0xfe,0xa2,0x82,0xfe,0xa3,0x82,0xfe,0xf0,0xa7,0xfe,0x83,0xfe,0x84,0xfe,0x85,0xfe,
    0x89,0xfe,0x83,0xfe,0x84,0xfe,0x85,0xfe,0x8a,0xfe,0x83,0xfe,0x84,0xfe,0x85,0xfe,
    0xa8,0xfe,0x83,0xfe,0x84,0xfe,0x85,0xfe,0xa9,0xaa,0x02,0x82,0xfe,0xa1,0x82,0xfe,
    0xa2,0x82,0xfe,0xa3,0x8b,0xfe,0xab,0x8b,0xfe,0x03,0xfe,0xac,0x09,0xfe,0x01,0xfe,
    0xad,0xfe,0x83,0xfe,0x84,0xfe,0x85,0xfe,0x89,0xfe,0x83,0xfe,0x84,0xfe,0x85,0xfe,
    0x8a,0xfe,0x83,0xfe,0x84,0xfe,0x85,0xfe,0xae,0xaf,0xfe,0x03,0xfe,0xb0,0xfe,0xb1,
    0xfe,0xb2,0x00,0x71,0xfe,0xb3,0xfe,0xb4,0xfe,0xb5,0x82,0xfe,0xf0,0xfe,0xb6,0xfe,
    0xb7,0xfe,0x83,0xfe,0x84,0xfe,0x85,0xfe,0xb8,0xfe,0x81,0xfe,0xb9,0xba,0x02,0xbb,
    0xfe,0x01,0x02,0xf0,0x00,0xa6,0x00,0x82,0xfe,0xcf,0x82,0xfe,0xd0,0x82,0xfe,0xd1,
    0x82,0xfe,0xf0,0xa7,0xfe,0x83,0xfe,0x84,0xfe,0x85,0xfe,0x89,0xfe,0x83,0xfe,0x84,
    0xfe,0x85,0xfe,0x8a,0xfe,0x83,0xfe,0x84,0xfe,0x85,0xfe,0xa8,0xfe,0x83,0xfe,0x84,
    0xfe,0x85,0xfe,0xa9,0xaa,0x02,0x82,0xfe,0xcf,0x82,0xfe,0xd0,0x82,0xfe,0xd1,0x8b,
    0xfe,0xab,0x8b,0xfe,0x03,0xfe,0xac,0x09,0xfe,0x01,0xfe,0xad,0xfe,0x83,0xfe,0x84,
    0xfe,0x85,0xfe,0x89,0xfe,0x83,0xfe,0x84,0xfe,0x85,0xfe,0x8a,0xfe,0x83,0xfe,0x84,
    0xfe,0x85,0xfe,0xae,0xaf,0xfe,0x03,0xfe,0xb0,0xfe,0xb1,0xfe,0xb2,0x00,0x71,0xfe,
    0xb3,0xfe,0xb4,0xfe,0xb5,0x82,0xfe,0xf0,0xfe,0xb6,0xfe,0xb7,0xfe,0x83,0xfe,0x84,
    0xfe,0x85,0xfe,0xb8,0xfe,0x81,0xfe,0xb9,0xba,0x02,0xbb,0xfe,0x01,0x02,0xcb,0x00,
    0xcc,0x00,0xcd,0x02,0x04,0xfe,0x01,0xd2,0x00,0x87,0xfe,0xbc,0x86,0xfe,0x01,0x04,
    0xfe,0x01,0xfe,0xbd,0xfe,0xbe,0xfe,0xbf,0xfe,0x8c,0x86,0xfe,0x01,0x04,0xfe,0x01,
    0xc0,0xfe,0xc1,0xfe,0xd3,0xfe,0x03,0xfe,0x06,0xfe,0x03,0xfe,0x06,0xfe,0xc2,0x00,
    0xf0,0xfe,0xc3,0x00,0x86,0xfe,0x03,0xfe,0x01,0xfe,0x8d,0xfe,0x01,0xfe,0x03,0xfe,
    0x01,0xfe,0x03,0xfe,0xc4,0xfe,0xf0,0xfe,0xc5,0x02,0x05,0x00,0xfe,0x03,0xfe,0x01,
    0xfe,0x03,0xfe,0x01,0x02,0x02,0xfe,0x03,0xfe,0x01,0x02,0x05,0x00,0xfe,0x8c,0x02,
    0x04,0xfe,0x01,0xd4,0x00,0x09,0xfe,0x03,0xfe,0x6d,0xf0,0xfe,0xc6,0x04,0xfe,0x01,
    0xfe,0x88,0xfe,0x6e,0xfe,0xc7,0xfe,0x6f,0xfe,0x8d,0xfe,0x70,0xfe,0x03,0xfe,0x01,
    0x02,0x05,0x00,0xfe,0x03,0xfe,0x01,0x02,0xf0,0xfe,0xf0,0xfe,0xf0,0xfe,0xf0,0x02,
    0x0e,0x00,0x96,0x00,0x97,0x02,0x05,0x00,0x98,0x02,0xf0,0xf0,0xf0,0x04,0xfe,0x01,
    0xd2,0x00,0x87,0xfe,0xbc,0x86,0xfe,0x01,0x04,0xfe,0x01,0xfe,0xbd,0xfe,0xbe,0xfe,
    0xbf,0xfe,0x8c,0x86,0xfe,0x01,0x04,0xfe,0x01,0xc0,0xfe,0xc1,0xfe,0xd3,0xfe,0x03,
    0xfe,0x06,0xfe,0x03,0xfe,0x06,0xfe,0xc2,0x00,0xf0,0xfe,0xc3,0x00,0x86,0xfe,0x03,
    0xfe,0x01,0xfe,0x8d,0xfe,0x01,0xfe,0x03,0xfe,0x01,0xfe,0x03,0xfe,0xc4,0xfe,0xf0,
    0xfe,0xc5,0x02,0x05,0x00,0xfe,0x03,0xfe,0x01,0xfe,0x03,0xfe,0x01,0x02,0x02,0xfe,
    0x03,0xfe,0x01,0x02,0x05,0x00,0xfe,0x8c,0x02,0x04,0xfe,0x01,0xd4,0x00,0x09,0xfe,
    0x03,0xfe,0x6d,0xf0,0xfe,0xc6,0x04,0xfe,0x01,0xfe,0x88,0xfe,0x6e,0xfe,0xc7,0xfe,
    0x6f,0xfe,0x8d,0xfe,0x70,0xfe,0x03,0xfe,0x01,0x02,0x05,0x00,0xfe,0x03,0xfe,0x01,
    0x02,0x04,0xfe,0xf0,0xfe,0xf0,0xfe,0xf0,0xfe,0xf0,0x04,0xfe,0xf0,0xfe,0x01,0xf0,
    0xfe,0xf0,0x99,0xfe,0x01,0xce,0xfe,0x0b,0xfe,0x9a,0xfe,0x9b,0xfe,0x9c,0x9d,0xfe,
    0x01,0x02,0x00,0x16,0x17,0x18,0x19,0x01,0x02,0x03,0x04,0x05,0x26,0x1a,0x1b,0x06,
    0x07,0x08,0x1c,0x1d,0x1e,0x1f,0x20,0x21,0x22,0x23,0x24,0x25,0x39,0x3a,0x13,0x09,
    0x0a,0x0b,0x36,0x2c,0x2d,0x2e,0x0f,0x27,0x28,0x02,0xa8,0x73,0xa9,0x73,0xaa,0x73,
    0xab,0x73,0xa8,0x73,0xa8,0x73,0xa8,0x73,0xa8,0x73,0xa9,0x73,0xa9,0x73,0xa9,0x73,
    0xa9,0x73,0xaa,0x73,0xaa,0x73,0xaa,0x73,0xaa,0x73,0xab,0x73,0xab,0x73,0xab,0x73,
    0xab,0x73,0xac,0x73,0xad,0x73,0xae,0x73,0xf9,0x32,0x87,0xb2,0xf9,0x32,0xe5,0x53,
    0xe5,0x53,0xac,0x73,0xac,0x73,0xac,0x73,0xac,0x73,0xad,0x73,0xad,0x73,0xad,0x73,
    0xad,0x73,0xae,0x73,0xae,0x73,0xae,0x73,0xae,0x73,0x9a,0x3f,0xf9,0x32,0x9a,0x3f,
    0x87,0xb2,0xe2,0xa2,0x9a,0x3f,0x9a,0x3f,0xaf,0x73,0xe2,0xa2,0xe5,0x53,0xaf,0x73,
    0xaf,0x73,0xaf,0x73,0xaf,0x73,0xe2,0xa2,0x9a,0x3f,0xe5,0x53,0xd6,0x54,0xd7,0x54,
    0xd8,0x54,0xd9,0x54,0xd6,0x54,0xd6,0x54,0xd6,0x54,0xd6,0x54,0xd7,0x54,0xd7,0x54,
    0xd7,0x54,0xd7,0x54,0xd8,0x54,0xd8,0x54,0xd8,0x54,0xd8,0x54,0xd9,0x54,0xd9,0x54,
    0xd9,0x54,0xd9,0x54,0xda,0x54,0xdb,0x54,0xdc,0x54,0xa6,0xa9,0xef,0x30,0xa6,0xa9,
    0xcc,0x67,0xcc,0x67,0xda,0x54,0xda,0x54,0xda,0x54,0xda,0x54,0xdb,0x54,0xdb,0x54,
    0xdb,0x54,0xdb,0x54,0xdc,0x54,0xdc,0x54,0xdc,0x54,0xdc,0x54,0x81,0x53,0xa6,0xa9,
    0x81,0x53,0xef,0x30,0xc9,0xb6,0x81,0x53,0x81,0x53,0xde,0x54,0xc9,0xb6,0xcc,0x67,
    0xde,0x54,0xde,0x54,0xde,0x54,0xde,0x54,0xc9,0xb6,0x81,0x53,0xcc,0x67,0x88,0xb0,
    0x94,0x93,0x99,0x53,0xee,0x61,0x99,0x53,0x94,0x93,0x94,0x93,0xee,0x61,0xe6,0x53,
    0xff,0x66,0xab,0x39,0xab,0x39,0x99,0x53,0xe6,0x53,0xee,0x61,0xff,0x66,0xab,0x39,
    0xab,0x39,0x95,0x62,0x99,0x53,0x95,0x62,0xab,0x39,0xe6,0x53,0x95,0x62,0xff,0x66,
    0xee,0x61,0x95,0x62,0xab,0x39,0xe6,0x53,0x99,0x53,0xff,0x66,0xee,0x61,0x88,0xb0,
    0xee,0x61,0x88,0xb0,0x9c,0x86,0xd8,0xac,0x88,0xb0,0xd8,0xac,0xdf,0x73,0xdf,0x73,
    0xd8,0xac,0xdf,0x73,0xd8,0xac,0xdf,0x73,0xd8,0xac,0x9c,0x86,0xdf,0x73,0x9c,0x86,
    0x88,0xb0,0x9c,0x86,0x9c,0x86,0x9c,0x86,0xbf,0xc3,0xcb,0xa6,0xd0,0x66,0xa5,0x75,
    0xd0,0x66,0xcb,0xa6,0xcb,0xa6,0xa5,0x75,0x9c,0x67,0xb6,0x7a,0xe2,0x4c,0xe2,0x4c,
    0xd0,0x66,0x9c,0x67,0xa5,0x75,0xb6,0x7a,0xe2,0x4c,0xe2,0x4c,0xcc,0x75,0xd0,0x66,
    0xcc,0x75,0xe2,0x4c,0x9c,0x67,0xcc,0x75,0xb6,0x7a,0xa5,0x75,0xcc,0x75,0xe2,0x4c,
    0x9c,0x67,0xd0,0x66,0xb6,0x7a,0xa5,0x75,0xbf,0xc3,0xa5,0x75,0xbf,0xc3,0xd3,0x99,
    0xba,0x53,0xbf,0xc3,0xba,0x53,0xdd,0x54,0xdd,0x54,0xba,0x53,0xdd,0x54,0xba,0x53,
    0xdd,0x54,0xba,0x53,0xd3,0x99,0xdd,0x54,0xd3,0x99,0xbf,0xc3,0xce,0xb0,0xd3,0x99,
    0xd3,0x99,0xd3,0x99,0xc4,0x5d,0xce,0xb0,0xce,0xb0,0xc4,0x5d,0xc4,0x5d,0xc4,0x5d,
    0xc4,0x5d,0xc4,0x5d,0xc4,0x5d,0x85,0x24,0x00,0x00,0x4a,0x03,0x00,0x00,0x2d,0x00,
    0x00,0x00,0x4a,0x03,0x00,0x00,0x0b,0x02,0x00,0x00,0x0c,0x0d,0x8e,0x00,0x8f,0x07,
    0x72,0x00,0x73,0x74,0x75,0x76,0x77,0x78,0x79,0x7a,0x07,0x7b,0x7c,0x08,0x7d,0xd5,
    0xd6,0x08,0xd7,0xe7,0x00,0xe8,0xe9,0xea,0x07,0xeb,0x00,0xec,0x07,0x90,0x91,0x08,
    0x92,0x04,0xfe,0x01,0x7e,0x00,0x7f,0x80,0x0f,0x00,0x10,0x11,0x12,0x13,0x14,0x15,
    0x16,0x17,0x18,0x19,0x1a,0x1b,0x1c,0x1d,0x1e,0x1f,0x20,0x21,0x22,0x23,0x24,0x25,
    0x26,0x27,0x28,0x29,0x2a,0x2b,0x2c,0x2d,0x2e,0x2f,0x30,0x31,0x32,0x33,0x34,0x35,
    0x36,0x37,0x38,0x39,0x3a,0x3b,0x3c,0x3d,0x3e,0x3f,0x40,0x41,0x42,0x43,0x44,0x45,
    0x46,0x47,0x48,0x49,0x4a,0x4b,0x4c,0x4d,0x4e,0x4f,0x50,0x51,0x52,0x53,0x54,0x55,
    0x56,0x57,0x58,0x59,0x5a,0x5b,0x5c,0x5d,0x5e,0x5f,0x60,0x61,0x62,0x63,0x64,0x65,
    0x66,0x67,0x68,0x69,0x6a,0x6b,0x6c,0xed,0x00,0xa4,0xee,0xef,0x00,0xa5,0xf0,0xf0,
    0x00,0xa4,0xf0,0xf0,0x00,0xa5,0xf0,0xf0,0xf0,0xf0,0x94,0x93,0xf0,0xf0,0xf0,0x95,
    0xc9,0xf0,0xf0,0xca,0xf0,0x00,0xa6,0x00,0x82,0xfe,0xa1,0x82,0xfe,0xa2,0x82,0xfe,
    0xa3,0x82,0xfe,0xf0,0xa7,0xfe,0x83,0xfe,0x84,0xfe,0x85,0xfe,0x89,0xfe,0x83,0xfe,
    0x84,0xfe,0x85,0xfe,0x8a,0xfe,0x83,0xfe,0x84,0xfe,0x85,0xfe,0xa8,0xfe,0x83,0xfe,
    0x84,0xfe,0x85,0xfe,0xa9,0xaa,0x02,0x82,0xfe,0xa1,0x82,0xfe,0xa2,0x82,0xfe,0xa3,
    0x8b,0xfe,0xab,0x8b,0xfe,0x03,0xfe,0xac,0x09,0xfe,0x01,0xfe,0xad,0xfe,0x83,0xfe,
    0x84,0xfe,0x85,0xfe,0x89,0xfe,0x83,0xfe,0x84,0xfe,0x85,0xfe,0x8a,0xfe,0x83,0xfe,
    0x84,0xfe,0x85,0xfe,0xae,0xaf,0xfe,0x03,0xfe,0xb0,0xfe,0xb1,0xfe,0xb2,0x00,0x71,
    0xfe,0xb3,0xfe,0xb4,0xfe,0xb5,0x82,0xfe,0xf0,0xfe,0xb6,0xfe,0xb7,0xfe,0x83,0xfe,
    0x84,0xfe,0x85,0xfe,0xb8,0xfe,0x81,0xfe,0xb9,0xba,0x02,0xbb,0xfe,0x01,0x02,0xf0,
    0x00,0xa6,0x00,0x82,0xfe,0xcf,0x82,0xfe,0xd0,0x82,0xfe,0xd1,0x82,0xfe,0xf0,0xa7,
    0xfe,0x83,0xfe,0x84,0xfe,0x85,0xfe,0x89,0xfe,0x83,0xfe,0x84,0xfe,0x85,0xfe,0x8a,
    0xfe,0x83,0xfe,0x84,0xfe,0x85,0xfe,0xa8,0xfe,0x83,0xfe,0x84,0xfe,0x85,0xfe,0xa9,
    0xaa,0x02,0x82,0xfe,0xcf,0x82,0xfe,0xd0,0x82,0xfe,0xd1,0x8b,0xfe,0xab,0x8b,0xfe,
    0x03,0xfe,0xac,0x09,0xfe,0x01,0xfe,0xad,0xfe,0x83,0xfe,0x84,0xfe,0x85,0xfe,0x89,
    0xfe,0x83,0xfe,0x84,0xfe,0x85,0xfe,0x8a,0xfe,0x83,0xfe,0x84,0xfe,0x85,0xfe,0xae,
    0xaf,0xfe,0x03,0xfe,0xb0,0xfe,0xb1,0xfe,0xb2,0x00,0x71,0xfe,0xb3,0xfe,0xb4,0xfe,
    0xb5,0x82,0xfe,0xf0,0xfe,0xb6,0xfe,0xb7,0xfe,0x83,0xfe,0x84,0xfe,0x85,0xfe,0xb8,
    0xfe,0x81,0xfe,0xb9,0xba,0x02,0xbb,0xfe,0x01,0x02,0xcb,0x00,0xcc,0x00,0xcd,0x02,
    0x04,0xfe,0x01,0xd2,0x00,0x87,0xfe,0xbc,0x86,0xfe,0x01,0x04,0xfe,0x01,0xfe,0xbd,
    0xfe,0xbe,0xfe,0xbf,0xfe,0x8c,0x86,0xfe,0x01,0x04,0xfe,0x01,0xc0,0xfe,0xc1,0xfe,
    0xd3,0xfe,0x03,0xfe,0x06,0xfe,0x03,0xfe,0x06,0xfe,0xc2,0x00,0xf0,0xfe,0xc3,0x00,
    0x86,0xfe,0x03,0xfe,0x01,0xfe,0x8d,0xfe,0x01,0xfe,0x03,0xfe,0x01,0xfe,0x03,0xfe,
    0xc4,0xfe,0xf0,0xfe,0xc5,0x02,0x05,0x00,0xfe,0x03,0xfe,0x01,0xfe,0x03,0xfe,0x01,
    0x02,0x02,0xfe,0x03,0xfe,0x01,0x02,0x05,0x00,0xfe,0x8c,0x02,0x04,0xfe,0x01,0xd4,
    0x00,0x09,0xfe,0x03,0xfe,0x6d,0xf0,0xfe,0xc6,0x04,0xfe,0x01,0xfe,0x88,0xfe,0x6e,
    0xfe,0xc7,0xfe,0x6f,0xfe,0x8d,0xfe,0x70,0xfe,0x03,0xfe,0x01,0x02,0x05,0x00,0xfe,
    0x03,0xfe,0x01,0x02,0xf0,0xfe,0xf0,0xfe,0xf0,0xfe,0xf0,0x02,0x0e,0x00,0x96,0x00,
    0x97,0x02,0x05,0x00,0x98,0x02,0x87,0xfe,0xd8,0xf0,0xfe,0xf0,0xf0,0xfe,0xf0,0xf0,
    0xfe,0xf0,0x04,0xfe,0x01,0xd2,0x00,0x87,0xfe,0xbc,0x86,0xfe,0x01,0x04,0xfe,0x01,
    0xfe,0xbd,0xfe,0xbe,0xfe,0xbf,0xfe,0x8c,0x86,0xfe,0x01,0x04,0xfe,0x01,0xc0,0xfe,
    0xc1,0xfe,0xd3,0xfe,0x03,0xfe,0x06,0xfe,0x03,0xfe,0x06,0xfe,0xc2,0x00,0xf0,0xfe,
    0xc3,0x00,0x86,0xfe,0x03,0xfe,0x01,0xfe,0x8d,0xfe,0x01,0xfe,0x03,0xfe,0x01,0xfe,
    0x03,0xfe,0xc4,0xfe,0xf0,0xfe,0xc5,0x02,0x05,0x00,0xfe,0x03,0xfe,0x01,0xfe,0x03,
    0xfe,0x01,0x02,0x02,0xfe,0x03,0xfe,0x01,0x02,0x05,0x00,0xfe,0x8c,0x02,0x04,0xfe,
    0x01,0xd4,0x00,0x09,0xfe,0x03,0xfe,0x6d,0xf0,0xfe,0xc6,0x04,0xfe,0x01,0xfe,0x88,
    0xfe,0x6e,0xfe,0xc7,0xfe,0x6f,0xfe,0x8d,0xfe,0x70,0xfe,0x03,0xfe,0x01,0x02,0x05,
    0x00,0xfe,0x03,0xfe,0x01,0x02,0x04,0xfe,0xf0,0xfe,0xf0,0xfe,0xf0,0xfe,0xf0,0xfe,
    0xf0,0xfe,0xf0,0xfe,0xf0,0xfe,0xd9,0x04,0xfe,0xf0,0xfe,0x01,0xf0,0xfe,0xf0,0x99,
    0xfe,0x01,0xce,0xfe,0x0b,0x87,0xfe,0xda,0x0a,0xfe,0xdb,0x0a,0xfe,0xdc,0xfe,0x01,
    0x0a,0xfe,0x03,0xfe,0x9e,0xfe,0x0b,0xfe,0x88,0xfe,0xdd,0xfe,0x0b,0xfe,0x88,0xfe,
    0xde,0xfe,0xdf,0xfe,0x9f,0xfe,0xa0,0xe0,0xfe,0xe1,0xfe,0x9f,0xfe,0xa0,0xe2,0xfe,
    0xe3,0xfe,0x9e,0xfe,0xe4,0xfe,0xe5,0xfe,0x9a,0xfe,0x9b,0xfe,0x9c,0x9d,0xfe,0x01,
    0xe6,0xfe,0x01,0x02,0x00,0x16,0x17,0x18,0x19,0x01,0x02,0x03,0x04,0x05,0x26,0x1a,
    0x1b,0x06,0x07,0x08,0x1c,0x1d,0x1e,0x1f,0x20,0x21,0x22,0x23,0x24,0x25,0x3b,0x3c,
    0x3d,0x3e,0x14,0x15,0x09,0x0a,0x0b,0x10,0x2f,0x30,0x31,0x32,0x33,0x34,0x11,0x27,
    0x28,0x02,0xa8,0x73,0xa9,0x73,0xaa,0x73,0xab,0x73,0xa8,0x73,0xa8,0x73,0xa8,0x73,
    0xa8,0x73,0xa9,0x73,0xa9,0x73,0xa9,0x73,0xa9,0x73,0xaa,0x73,0xaa,0x73,0xaa,0x73,
    0xaa,0x73,0xab,0x73,0xab,0x73,0xab,0x73,0xab,0x73,0xac,0x73,0xad,0x73,0xae,0x73,
    0xf9,0x32,0x87,0xb2,0xf9,0x32,0xe5,0x53,0xe5,0x53,0xac,0x73,0xac,0x73,0xac,0x73,
    0xac,0x73,0xad,0x73,0xad,0x73,0xad,0x73,0xad,0x73,0xae,0x73,0xae,0x73,0xae,0x73,
    0xae,0x73,0x9a,0x3f,0xf9,0x32,0x9a,0x3f,0x87,0xb2,0xe2,0xa2,0x9a,0x3f,0x9a,0x3f,
    0xaf,0x73,0xe2,0xa2,0xe5,0x53,0xaf,0x73,0xaf,0x73,0xaf,0x73,0xaf,0x73,0xe2,0xa2,
    0x9a,0x3f,0xe5,0x53,0xd6,0x54,0xd7,0x54,0xd8,0x54,0xd9,0x54,0xd6,0x54,0xd6,0x54,
    0xd6,0x54,0xd6,0x54,0xd7,0x54,0xd7,0x54,0xd7,0x54,0xd7,0x54,0xd8,0x54,0xd8,0x54,
    0xd8,0x54,0xd8,0x54,0xd9,0x54,0xd9,0x54,0xd9,0x54,0xd9,0x54,0xda,0x54,0xdb,0x54,
    0xdc,0x54,0xa6,0xa9,0xef,0x30,0xa6,0xa9,0xcc,0x67,0xcc,0x67,0xda,0x54,0xda,0x54,
    0xda,0x54,0xda,0x54,0xdb,0x54,0xdb,0x54,0xdb,0x54,0xdb,0x54,0xdc,0x54,0xdc,0x54,
    0xdc,0x54,0xdc,0x54,0x81,0x53,0xa6,0xa9,0x81,0x53,0xef,0x30,0xc9,0xb6,0x81,0x53,
    0x81,0x53,0xde,0x54,0xc9,0xb6,0xcc,0x67,0xde,0x54,0xde,0x54,0xde,0x54,0xde,0x54,
    0xc9,0xb6,0x81,0x53,0xcc,0x67,0x88,0xb0,0x94,0x93,0x99,0x53,0xee,0x61,0x99,0x53,
    0x94,0x93,0x94,0x93,0xee,0x61,0xe6,0x53,0xff,0x66,0xac,0x39,0xac,0x39,0x99,0x53,
    0xe6,0x53,0xee,0x61,0xff,0x66,0xac,0x39,0xac,0x39,0x95,0x62,0x99,0x53,0x95,0x62,
    0xac,0x39,0xe6,0x53,0x95,0x62,0xff,0x66,0xee,0x61,0x95,0x62,0xac,0x39,0xe6,0x53,
    0x99,0x53,0xff,0x66,0xee,0x61,0x88,0xb0,0xee,0x61,0x88,0xb0,0x9c,0x86,0xd8,0xac,
    0x88,0xb0,0xd8,0xac,0xdf,0x73,0xdf,0x73,0xd8,0xac,0xdf,0x73,0xd8,0xac,0xdf,0x73,
    0xd8,0xac,0x9c,0x86,0xdf,0x73,0x9c,0x86,0x88,0xb0,0x9c,0x86,0x9c,0x86,0x9c,0x86,
    0xae,0xb0,0xae,0xb0,0xae,0xb0,0xae,0xb0,0xbf,0xc3,0xcb,0xa6,0xd0,0x66,0xa5,0x75,
    0xd0,0x66,0xcb,0xa6,0xcb,0xa6,0xa5,0x75,0x9c,0x67,0xb6,0x7a,0xe2,0x4c,0xe2,0x4c,
    0xd0,0x66,0x9c,0x67,0xa5,0x75,0xb6,0x7a,0xe2,0x4c,0xe2,0x4c,0xcc,0x75,0xd0,0x66,
    0xcc,0x75,0xe2,0x4c,0x9c,0x67,0xcc,0x75,0xb6,0x7a,0xa5,0x75,0xcc,0x75,0xe2,0x4c,
    0x9c,0x67,0xd0,0x66,0xb6,0x7a,0xa5,0x75,0xbf,0xc3,0xa5,0x75,0xbf,0xc3,0xd3,0x99,
    0xba,0x53,0xbf,0xc3,0xba,0x53,0xdd,0x54,0xdd,0x54,0xba,0x53,0xdd,0x54,0xba,0x53,
    0xdd,0x54,0xba,0x53,0xd3,0x99,0xdd,0x54,0xd3,0x99,0xbf,0xc3,0xce,0xb0,0xae,0xb0,
    0xd3,0x99,0xae,0xb0,0xd3,0x99,0xae,0xb0,0xd3,0x99,0xae,0xb0,0xc4,0x5d,0xce,0xb0,
    0xce,0xb0,0xc4,0x5d,0xc4,0x5d,0xe4,0x66,0xb6,0x4b,0x95,0x6f,0xb6,0x4b,0x91,0x98,
    0x95,0x6f,0xe4,0x66,0xc4,0x5d,0xc4,0x5d,0xb6,0x4b,0xc4,0x5d,0xc4,0x5d,0x95,0x6f,
    0x91,0x98,0xc4,0x5d,0xc4,0x5d,0x91,0x98,0xc4,0x5d,0xc4,0x5d,0x95,0x6f,0xe4,0x66,
    0xc4,0x5d,0xc4,0x5d,0xc4,0x5d,0xc4,0x5d,0xc4,0x5d,0xae,0xb0,0x52,0x49,0x50,0x53,
    0x5f,0x43,0x49,0x44,0x57,0xd9,0x00,0x00,0x01,0x00,0x00,0x00,0x11,0x00,0x00,0x00,
    0xb7,0x05,0x00,0x00,0x00,0x00,0x00,0x00,0x4c,0x4f,0x4d,0x53,0x00,0x03,0x01,0x00,
    0x0b,0x00,0x08,0x00,0xa5,0x60,0x00,0x00,0x00,0x00,0x00,0x00,0x44,0x16,0x00,0x00,
    0x91,0x02,0x01,0xd1,0x10,0x02,0x47,0x4c,0x53,0x4c,0x2e,0x73,0x74,0x64,0x2e,0x34,
    0x35,0x30,0x00,0x00,0x00,0x00,0xa0,0x04,0x00,0x01,0xaf,0x0f,0x00,0x9f,0x2c,0xed,
    0xc2,0xa5,0xf3,0x06,0x00,0x82,0x1f,0x8c,0x1a,0xb0,0x23,0xab,0x22,0xd9,0x1b,0xc2,
    0x26,0x10,0xe0,0x14,0x06,0x10,0x37,0xec,0x0a,0x0e,0x00,0x05,0x00,0x07,0x01,0x10,
    0x00,0x23,0x00,0x01,0x05,0x00,0x07,0x01,0x10,0x00,0x23,0x40,0x01,0x23,0x30,0x01,
    0x23,0x04,0x01,0x23,0x04,0x01,0x23,0x04,0x01,0x05,0x00,0x07,0x01,0x10,0x00,0x23,
    0x04,0x01,0x23,0x40,0x10,0xfa,0x2e,0x01,0x01,0x10,0xe1,0x35,0x06,0x80,0x02,0x00,
    0xa3,0x07,0x02,0x47,0x00,0x01,0x00,0x23,0x00,0x10,0xf4,0x21,0x21,0x00,0x10,0x00,
    0x22,0x01,0x10,0xe9,0x21,0x06,0x40,0x10,0x02,0x06,0x40,0x10,0xce,0x01,0x06,0x10,
    0x10,0xc8,0x01,0x06,0x10,0x10,0x02,0x06,0x10,0x10,0x02,0x06,0x10,0x10,0x02,0x06,
    0x10,0x00,0xbc,0x19,0x02,0x37,0x00,0x99,0x00,0x05,0x00,0x07,0x01,0x10,0x00,0x23,
    0x00,0x01,0x05,0x00,0x07,0x01,0x10,0x00,0x23,0x40,0x01,0x05,0x00,0x07,0x01,0x10,
    0x00,0x23,0x40,0x01,0x05,0x00,0x07,0x01,0x10,0x00,0x23,0x40,0x01,0x05,0x00,0x07,
    0x01,0x10,0x00,0x23,0x40,0x01,0x05,0x00,0x07,0x01,0x10,0x00,0x23,0x80,0x02,0x01,
    0x05,0x00,0x07,0x01,0x10,0x00,0x23,0x80,0x02,0x01,0x05,0x00,0x07,0x01,0x10,0x00,
    0x23,0x40,0x01,0x05,0x00,0x07,0x01,0x10,0x00,0x23,0x30,0x01,0x23,0x40,0x01,0x23,
    0x10,0x01,0x23,0x08,0x01,0x23,0x04,0x01,0x23,0x04,0x01,0x23,0x10,0x01,0x23,0x10,
    0x01,0x23,0x08,0x01,0x23,0x08,0x01,0x23,0x04,0x01,0x00,0x00,0x23,0x04,0x01,0x23,
    0x08,0x01,0x23,0x04,0x01,0x23,0x04,0x01,0x23,0x04,0x01,0x23,0x04,0x01,0x23,0x04,
    0x01,0x00,0x00,0x23,0x04,0x01,0x00,0x00,0x23,0x04,0x01,0x00,0x00,0x23,0x04,0x01,
    0x00,0x00,0x23,0x10,0x01,0x00,0x00,0x23,0x0c,0x01,0x00,0x00,0x23,0x04,0x01,0x00,
    0x00,0x23,0x08,0x01,0x00,0x00,0x23,0x04,0x01,0x00,0x00,0x23,0x04,0x01,0x00,0x00,
    0x23,0x04,0x01,0x23,0x04,0x01,0x00,0x00,0x23,0x04,0x01,0x00,0x00,0x23,0x04,0x01,
    0x23,0x90,0x01,0x01,0x00,0x00,0x23,0x0c,0x01,0x23,0x04,0x01,0x23,0x10,0x01,0x23,
    0x10,0x01,0x00,0x00,0x23,0x08,0x01,0x00,0x00,0x23,0x04,0x01,0x23,0x04,0x01,0x00,
    0x00,0x23,0x08,0x01,0x00,0x00,0x23,0x04,0x01,0x23,0x04,0x01,0x00,0x00,0x23,0x10,
    0x01,0x00,0x00,0x23,0x04,0x01,0x23,0x04,0x01,0x00,0x00,0x23,0x08,0x01,0x23,0x04,
    0x01,0x00,0x00,0x23,0x04,0x01,0x00,0x00,0x23,0x04,0x01,0x23,0x04,0x01,0x23,0x0c,
    0x01,0x23,0x04,0x01,0x23,0x04,0x01,0x23,0x04,0x01,0x23,0x04,0x01,0x23,0x04,0x01,
    0x23,0x0c,0x01,0x23,0x04,0x01,0x23,0x04,0x01,0x23,0x04,0x01,0x23,0x04,0x01,0x05,
    0x00,0x07,0x01,0x10,0x00,0x23,0x04,0x01,0x23,0x30,0x01,0x23,0x08,0x01,0x05,0x00,
    0x07,0x01,0x10,0x00,0x23,0x08,0x01,0x05,0x00,0x07,0x01,0x10,0x00,0x23,0x40,0x01,
    0x00,0x00,0x23,0x40,0x01,0x00,0x00,0x23,0x04,0x01,0x00,0x00,0x23,0x04,0x01,0x00,
    0x00,0x23,0x04,0x01,0x23,0x04,0x01,0x23,0x40,0x01,0x00,0x00,0x23,0x04,0x01,0x00,
    0x00,0x23,0x04,0x01,0x00,0x00,0x23,0x04,0x01,0x23,0x04,0x01,0x23,0x40,0x01,0x00,
    0x00,0x23,0x40,0x01,0x00,0x00,0x23,0x04,0x01,0x00,0x00,0x23,0x04,0x01,0x00,0x00,
    0x23,0x04,0x01,0x05,0x00,0x07,0x01,0x10,0x00,0x23,0x04,0x01,0x23,0x40,0x01,0x00,
    0x00,0x23,0x10,0x10,0xe6,0x10,0x21,0x00,0x10,0x00,0x22,0x00,0x10,0x85,0x01,0x1e,
    0x00,0x00,0xeb,0x09,0x0e,0x10,0x00,0x1e,0x0a,0x10,0xc8,0x12,0x0b,0x2b,0x10,0x89,
    0x02,0x1e,0x06,0x10,0xa3,0x0d,0x1e,0x09,0x00,0xcb,0x25,0x02,0x47,0x00,0x04,0x00,
    0x0b,0x01,0x00,0x01,0x0b,0x01,0x01,0x01,0x0b,0x01,0x03,0x01,0x0b,0x01,0x04,0x93,
    0x02,0x0e,0xa1,0x04,0xf4,0x13,0x08,0xa6,0x02,0xe9,0x13,0x20,0xb7,0x02,0x20,0x0d,
    0x04,0xb8,0x02,0x90,0x01,0x1d,0x04,0xb7,0x02,0x99,0x01,0x0d,0x03,0xb5,0x02,0x17,
    0x20,0x01,0xae,0x02,0xda,0x0f,0x1d,0xb5,0x02,0xdb,0x0f,0x20,0x00,0xbb,0x04,0x0b,
    0xfe,0x27,0x00,0x00,0x00,0x00,0xbb,0x04,0x0c,0x02,0x00,0x00,0x00,0x00,0xbb,0x04,
    0x0b,0x04,0x01,0x00,0x00,0x00,0xbb,0x04,0x0b,0x06,0x02,0x00,0x00,0x00,0xb8,0x02,
    0x93,0x27,0x18,0x03,0xbb,0x04,0x0b,0xa0,0x27,0x04,0x00,0x00,0x00,0xbc,0x02,0xcb,
    0x13,0x1d,0x96,0x14,0x9e,0x03,0xec,0x0a,0x65,0x46,0x0c,0x0c,0x0c,0x0d,0x65,0xb0,
    0x0a,0xb2,0x06,0x0c,0xfa,0x2e,0x40,0x00,0x00,0x00,0xbc,0x02,0xe1,0x35,0xe6,0x0f,
    0xa3,0x27,0xae,0x02,0xa3,0x07,0xb2,0x0c,0x3e,0xfa,0x09,0x02,0xe0,0x08,0x39,0xdd,
    0x0d,0xfa,0x17,0x02,0x3e,0xef,0x27,0x02,0x65,0xbb,0x04,0x0c,0xf0,0x1c,0x05,0x00,
    0x00,0x00,0xbc,0x02,0xe9,0x16,0x65,0x96,0x14,0xbc,0x02,0x02,0x65,0x96,0x14,0xb7,
    0x02,0xa5,0x11,0x0d,0x02,0xb7,0x02,0x02,0x0b,0x03,0xbb,0x04,0x0b,0xa2,0x28,0x09,
    0x00,0x00,0x00,0xbc,0x02,0xaf,0x15,0x18,0xa5,0x14,0xbc,0x02,0xc8,0x01,0x1d,0x96,
    0x14,0xbc,0x02,0x02,0x1d,0x96,0x14,0xbc,0x02,0x02,0x1d,0x96,0x14,0xbc,0x02,0x02,
    0x1d,0x96,0x14,0xde,0x83,0xc0,0x02,0xbc,0x19,0x65,0x65,0x65,0x65,0xe5,0x08,0xe6,
    0x08,0x65,0x46,0x65,0x1d,0x13,0x0d,0x0d,0x1d,0x1d,0x13,0x13,0x0d,0x0d,0x13,0x0d,
    0x0d,0x0d,0x0d,0x0d,0x0d,0x0d,0x0d,0x1d,0x14,0x0c,0x13,0x0c,0x0c,0x0c,0x0c,0x0d,
    0x0d,0xcd,0x09,0x18,0x0d,0x1d,0x1d,0x13,0x0c,0x0d,0x13,0x0d,0x0d,0x1d,0x0c,0x0d,
    0x13,0x0d,0x0d,0x0d,0x0b,0x18,0x0d,0x0d,0x0b,0x0d,0x0d,0x18,0x0d,0x0d,0x0d,0x0d,
    0x0d,0x46,0x13,0x13,0x65,0x65,0x0d,0x0d,0x0d,0x0d,0xb1,0x0a,0x0c,0x0d,0x0d,0x0d,
    0xb2,0x0a,0xb3,0x0a,0x0c,0x0c,0x0c,0x0c,0x65,0x1d,0xb4,0x0a,0x3e,0x8b,0x25,0x02,
    0x92,0x17,0x39,0xcc,0x04,0xf2,0x35,0x02,0x3e,0xd5,0x34,0x01,0x1d,0x39,0x9a,0x05,
    0xd0,0x33,0x01,0x3e,0xf1,0x33,0x03,0x0c,0x39,0x89,0x05,0x86,0x2a,0x03,0x3e,0x83,
    0x2a,0x01,0x0c,0x39,0x8a,0x05,0xcc,0x3c,0x01,0x3e,0xa9,0x3c,0x03,0x1d,0x39,0x9b,
    0x05,0xa0,0x3a,0x03,0x3e,0xbf,0x3a,0x03,0x0d,0x39,0x9b,0x05,0x9c,0x2d,0x03,0xbc,
    0x02,0xcf,0x2c,0x0d,0x8d,0x14,0xde,0x02,0x84,0x07,0x1d,0x0d,0xb1,0x05,0xb1,0x05,
    0x3e,0xfa,0x09,0x03,0xf3,0x08,0x39,0xf0,0x0d,0xa4,0x31,0x03,0xc6,0x06,0x08,0xba,
    0x0b,0x00,0x82,0x0a,0x18,0xf4,0x60,0x01,0x0c,0xba,0xa9,0x01,0x8c,0x9c,0x02,0x22,
    0xd4,0xae,0x02,0x00,0x01,0x0c,0xbf,0x9f,0x01,0x94,0x8f,0x01,0x33,0xe2,0x05,0xe2,
    0x3c,0xda,0x19,0x8b,0x14,0xd6,0x61,0x8b,0x14,0x01,0x65,0x95,0x9d,0x01,0x95,0x9d,
    0x01,0x01,0x1d,0xe6,0x76,0xda,0x9b,0x01,0x3d,0x18,0xe4,0x17,0xe4,0x17,0xe4,0x17,
    0x18,0xc1,0x0a,0x0d,0xc5,0x73,0xc5,0x73,0x00,0xc1,0x0a,0x1d,0xa0,0x84,0x01,0xa4,
    0x9f,0x01,0x00,0xce,0x10,0x1d,0xec,0x1b,0xec,0x1b,0x8c,0xa0,0x01,0xc1,0x0a,0x0d,
    0xbe,0x14,0x84,0x41,0x01,0xc1,0x0a,0x1d,0x99,0xd0,0x01,0x4b,0x01,0xce,0x10,0x1d,
    0xde,0xbb,0x01,0xde,0xbb,0x01,0xbb,0x14,0xc1,0x0a,0x0d,0xbe,0x14,0x86,0x41,0x02,
    0xc1,0x0a,0x1d,0x99,0xd0,0x01,0x49,0x02,0xce,0x10,0x1d,0xfa,0xc9,0x01,0xfa,0xc9,
    0x01,0x9f,0x06,0xc1,0x0a,0x1d,0xaf,0x7f,0x80,0x4a,0x03,0x4b,0x1d,0x95,0x0d,0xc5,
    0x8c,0x01,0x95,0x0d,0x4b,0x1d,0xf6,0x41,0xb1,0x3c,0xf6,0x41,0x4b,0x1d,0x8a,0x24,
    0xa5,0x18,0x8a,0x24,0xb0,0x0a,0xf9,0x07,0xe6,0x0b,0xe6,0x0b,0xc1,0x0a,0x1d,0xa1,
    0x12,0xa1,0x12,0x00,0x3d,0x18,0xa2,0x83,0x01,0xa2,0x83,0x01,0xa2,0x83,0x01,0x18,
    0x13,0x8b,0x05,0xdd,0x8f,0x02,0xab,0x22,0x8a,0x14,0xc1,0x0a,0x0d,0xec,0x7b,0xf1,
    0x93,0x01,0x00,0x22,0xec,0x7b,0x00,0x13,0x8b,0x05,0xf0,0x2f,0xab,0x22,0x8d,0x14,
    0xc1,0x0a,0x0d,0xe1,0x6e,0xe3,0xd2,0x01,0x01,0x22,0xe1,0x6e,0x00,0x13,0x8b,0x05,
    0xe4,0x6e,0xab,0x22,0x90,0x14,0xc1,0x0a,0x0d,0xe1,0x6e,0xe1,0xd2,0x01,0x02,0x22,
    0xe1,0x6e,0x00,0x23,0xe2,0x05,0xba,0xbd,0x01,0xc5,0x1f,0x9a,0x14,0x8b,0x14,0x01,
    0x65,0xb1,0x89,0x01,0xb1,0x89,0x01,0xc1,0x12,0x1d,0xf7,0x5a,0xf7,0x5a,0xaf,0x76,
    0x22,0xc4,0x51,0x00,0xc1,0x0a,0x0d,0x90,0xa9,0x01,0x90,0xa9,0x01,0x01,0x3f,0x0d,
    0xe6,0x10,0xe6,0x10,0xd2,0x0a,0x1d,0xe1,0x3d,0xe1,0x3d,0x94,0x7c,0x01,0x13,0x9b,
    0x05,0xae,0x19,0xc2,0x26,0x8b,0x14,0x22,0x00,0xae,0x19,0x8d,0x1e,0x88,0x06,0x00,
    0x1f,0x01,0x00,0x00,0x00,0x00,0x00,0x00,0x4c,0x4f,0x4d,0x53,0x00,0x03,0x01,0x00,
    0x0b,0x00,0x08,0x00,0x2e,0x5a,0x00,0x00,0x00,0x00,0x00,0x00,0x78,0x02,0x00,0x00,
    0x91,0x02,0x01,0xd1,0x10,0x02,0x47,0x4c,0x53,0x4c,0x2e,0x73,0x74,0x64,0x2e,0x34,
    0x35,0x30,0x00,0x00,0x00,0x00,0xa0,0x04,0x00,0x01,0xdf,0x0e,0x04,0x9f,0x2c,0xed,
    0xc2,0xa5,0xf3,0x06,0x00,0xbf,0x1c,0xa0,0x02,0x9f,0x2c,0x07,0x00,0xf2,0x0f,0x02,
    0x47,0x00,0x01,0x00,0x23,0x00,0x10,0xd2,0x2e,0x21,0x00,0x10,0x00,0x22,0x02,0x10,
    0xc5,0x05,0x1e,0x00,0x93,0x02,0x0e,0xa1,0x04,0xf4,0x13,0x08,0xa6,0x02,0xe9,0x13,
    0x20,0xb7,0x02,0x20,0x0d,0x04,0xb7,0x02,0x09,0x0d,0x03,0xfe,0x02,0xb6,0x13,0x1d,
    0x1d,0x0d,0x0d,0x0d,0x18,0xb5,0x02,0xcd,0x13,0x20,0x01,0xbb,0x04,0x0c,0xfe,0x27,
    0x00,0x00,0x00,0x00,0x3e,0xe1,0x1d,0x02,0x1d,0xae,0x02,0xbe,0x05,0x1d,0x3e,0xfa,
    0x09,0x02,0xf9,0x07,0x39,0xf6,0x0c,0xd8,0x24,0x02,0x3e,0x8d,0x34,0x03,0x1d,0x39,
    0x9b,0x05,0xc8,0x2e,0x03,0xad,0x06,0x1d,0xf9,0x38,0xad,0x06,0x0d,0x02,0xad,0x06,
    0x18,0x02,0xc6,0x06,0x08,0xb6,0x58,0x00,0x82,0x0a,0x18,0xe6,0x55,0x13,0x9a,0x05,
    0x95,0x19,0xa2,0x1f,0x8b,0x14,0x01,0x1d,0xe5,0x09,0xe5,0x09,0x80,0x0b,0xf3,0x09,
    0xb2,0xdd,0x01,0xb2,0xdd,0x01,0xd6,0xe8,0x02,0xd4,0xe8,0x02,0xd4,0xe8,0x02,0xd4,
    0xe8,0x02,0xd2,0xe8,0x02,0xc1,0x0a,0x1d,0x83,0xfe,0x01,0x83,0xfe,0x01,0x00,0x80,
    0x0b,0xf3,0x09,0xfe,0x66,0xfe,0x66,0xd0,0xd1,0x01,0xce,0xd1,0x01,0xce,0xd1,0x01,
    0xce,0xd1,0x01,0xcc,0xd1,0x01,0xc1,0x0a,0x1d,0xfe,0x2e,0xfe,0x2e,0x00,0x22,0xd4,
    0xc7,0x01,0x00,0x8d,0x1e,0x88,0x06,0x00,0x49,0x07,0x00,0x00,0x00,0x00,0x00,0x00,
    0x4c,0x4f,0x4d,0x53,0x00,0x03,0x01,0x00,0x0b,0x00,0x08,0x00,0xa5,0x60,0x00,0x00,
    0x00,0x00,0x00,0x00,0xa4,0x19,0x00,0x00,0x91,0x02,0x01,0x91,0x02,0x20,0xd1,0x10,
    0x02,0x47,0x4c,0x53,0x4c,0x2e,0x73,0x74,0x64,0x2e,0x34,0x35,0x30,0x00,0x00,0x00,
    0x00,0xa0,0x04,0x00,0x01,0xaf,0x0f,0x00,0x9f,0x2c,0xed,0xc2,0xa5,0xf3,0x06,0x00,
    0x8c,0x1a,0x82,0x1f,0xb0,0x23,0xab,0x22,0xd9,0x1b,0xc2,0x26,0x10,0xde,0x15,0x06,
    0x10,0x37,0xdc,0x12,0x0e,0x00,0x05,0x00,0x07,0x01,0x10,0x00,0x23,0x00,0x01,0x05,
    0x00,0x07,0x01,0x10,0x00,0x23,0x40,0x01,0x23,0x30,0x01,0x23,0x04,0x01,0x23,0x04,
    0x01,0x23,0x04,0x01,0x05,0x00,0x07,0x01,0x10,0x00,0x23,0x04,0x01,0x23,0x40,0x10,
    0x8c,0x26,0x01,0x01,0x10,0xb3,0x32,0x06,0x80,0x02,0x00,0xf5,0x03,0x02,0x47,0x00,
    0x01,0x00,0x23,0x00,0x10,0x98,0x1b,0x21,0x00,0x10,0x00,0x22,0x01,0x00,0x64,0x0e,
    0x10,0x00,0x1e,0x0a,0x10,0xb2,0x21,0x01,0x08,0x10,0xd1,0x3f,0x06,0x40,0x10,0x02,
    0x06,0x40,0x10,0xdf,0x01,0x06,0x10,0x10,0xc6,0x01,0x06,0x10,0x10,0x02,0x06,0x10,
    0x10,0x02,0x06,0x10,0x10,0x02,0x06,0x10,0x00,0xd7,0x0a,0x02,0x37,0x00,0x99,0x00,
    0x05,0x00,0x07,0x01,0x10,0x00,0x23,0x00,0x01,0x05,0x00,0x07,0x01,0x10,0x00,0x23,
    0x40,0x01,0x05,0x00,0x07,0x01,0x10,0x00,0x23,0x40,0x01,0x05,0x00,0x07,0x01,0x10,
    0x00,0x23,0x40,0x01,0x05,0x00,0x07,0x01,0x10,0x00,0x23,0x40,0x01,0x05,0x00,0x07,
    0x01,0x10,0x00,0x23,0x80,0x02,0x01,0x05,0x00,0x07,0x01,0x10,0x00,0x23,0x80,0x02,
    0x01,0x05,0x00,0x07,0x01,0x10,0x00,0x23,0x40,0x01,0x05,0x00,0x07,0x01,0x10,0x00,
    0x23,0x30,0x01,0x23,0x40,0x01,0x23,0x10,0x01,0x23,0x08,0x01,0x23,0x04,0x01,0x23,
    0x04,0x01,0x23,0x10,0x01,0x23,0x10,0x01,0x23,0x08,0x01,0x23,0x08,0x01,0x23,0x04,
    0x01,0x00,0x00,0x23,0x04,0x01,0x23,0x08,0x01,0x23,0x04,0x01,0x23,0x04,0x01,0x23,
    0x04,0x01,0x23,0x04,0x01,0x23,0x04,0x01,0x00,0x00,0x23,0x04,0x01,0x00,0x00,0x23,
    0x04,0x01,0x00,0x00,0x23,0x04,0x01,0x00,0x00,0x23,0x10,0x01,0x00,0x00,0x23,0x0c,
    0x01,0x00,0x00,0x23,0x04,0x01,0x00,0x00,0x23,0x08,0x01,0x00,0x00,0x23,0x04,0x01,
    0x00,0x00,0x23,0x04,0x01,0x00,0x00,0x23,0x04,0x01,0x23,0x04,0x01,0x00,0x00,0x23,
    0x04,0x01,0x00,0x00,0x23,0x04,0x01,0x23,0x90,0x01,0x01,0x00,0x00,0x23,0x0c,0x01,
    0x23,0x04,0x01,0x23,0x10,0x01,0x23,0x10,0x01,0x00,0x00,0x23,0x08,0x01,0x00,0x00,
    0x23,0x04,0x01,0x23,0x04,0x01,0x00,0x00,0x23,0x08,0x01,0x00,0x00,0x23,0x04,0x01,
    0x23,0x04,0x01,0x00,0x00,0x23,0x10,0x01,0x00,0x00,0x23,0x04,0x01,0x23,0x04,0x01,
    0x00,0x00,0x23,0x08,0x01,0x23,0x04,0x01,0x00,0x00,0x23,0x04,0x01,0x00,0x00,0x23,
    0x04,0x01,0x23,0x04,0x01,0x23,0x0c,0x01,0x23,0x04,0x01,0x23,0x04,0x01,0x23,0x04,
    0x01,0x23,0x04,0x01,0x23,0x04,0x01,0x23,0x0c,0x01,0x23,0x04,0x01,0x23,0x04,0x01,
    0x23,0x04,0x01,0x23,0x04,0x01,0x05,0x00,0x07,0x01,0x10,0x00,0x23,0x04,0x01,0x23,
    0x30,0x01,0x23,0x08,0x01,0x05,0x00,0x07,0x01,0x10,0x00,0x23,0x08,0x01,0x05,0x00,
    0x07,0x01,0x10,0x00,0x23,0x40,0x01,0x00,0x00,0x23,0x40,0x01,0x00,0x00,0x23,0x04,
    0x01,0x00,0x00,0x23,0x04,0x01,0x00,0x00,0x23,0x04,0x01,0x23,0x04,0x01,0x23,0x40,
    0x01,0x00,0x00,0x23,0x04,0x01,0x00,0x00,0x23,0x04,0x01,0x00,0x00,0x23,0x04,0x01,
    0x23,0x04,0x01,0x23,0x40,0x01,0x00,0x00,0x23,0x40,0x01,0x00,0x00,0x23,0x04,0x01,
    0x00,0x00,0x23,0x04,0x01,0x00,0x00,0x23,0x04,0x01,0x05,0x00,0x07,0x01,0x10,0x00,
    0x23,0x04,0x01,0x23,0x40,0x01,0x00,0x00,0x23,0x10,0x10,0xfc,0x33,0x21,0x00,0x10,
    0x00,0x22,0x00,0x10,0x85,0x01,0x1e,0x00,0x10,0xdc,0x08,0x0b,0x2b,0x10,0x89,0x02,
    0x1e,0x06,0x10,0xa3,0x0d,0x1e,0x09,0x00,0xa1,0x24,0x02,0x47,0x00,0x04,0x00,0x0b,
    0x01,0x00,0x01,0x0b,0x01,0x01,0x01,0x0b,0x01,0x03,0x01,0x0b,0x01,0x04,0x93,0x02,
    0x0e,0xa1,0x04,0xf4,0x13,0x08,0xa6,0x02,0xe9,0x13,0x20,0xb7,0x02,0x20,0x0d,0x04,
    0xb8,0x02,0x90,0x01,0x1d,0x04,0xb7,0x02,0x99,0x01,0x0d,0x03,0xb5,0x02,0x17,0x20,
    0x01,0xae,0x02,0xda,0x0f,0x1d,0xb5,0x02,0xdb,0x0f,0x20,0x00,0xbb,0x04,0x0b,0xfe,
    0x27,0x00,0x00,0x00,0x00,0xbb,0x04,0x0c,0x02,0x00,0x00,0x00,0x00,0xbb,0x04,0x0b,
    0x04,0x01,0x00,0x00,0x00,0xbb,0x04,0x0c,0x02,0x01,0x00,0x00,0x00,0xbb,0x04,0x0b,
    0x04,0x02,0x00,0x00,0x00,0xbb,0x04,0x0c,0x02,0x02,0x00,0x00,0x00,0xb8,0x02,0x95,
    0x27,0x18,0x03,0xbb,0x04,0x0b,0xa0,0x27,0x04,0x00,0x00,0x00,0xbc,0x02,0xcd,0x12,
    0x1d,0x96,0x14,0x9e,0x03,0xdc,0x12,0x65,0x46,0x0c,0x0c,0x0c,0x0d,0x65,0xef,0x0a,
    0xb2,0x06,0x0c,0x8c,0x26,0x40,0x00,0x00,0x00,0xbc,0x02,0xb3,0x32,0x9d,0x14,0xa3,
    0x27,0xae,0x02,0xf5,0x03,0x89,0x0e,0x3e,0xfa,0x09,0x02,0x8e,0x0c,0x39,0x8b,0x11,
    0x9e,0x11,0x02,0x3e,0xef,0x27,0x02,0x65,0xbb,0x04,0x0c,0xf0,0x1c,0x05,0x00,0x00,
    0x00,0x3e,0xa1,0x1e,0x03,0x0c,0x39,0x89,0x05,0x86,0x2a,0x03,0xb2,0x06,0x0c,0xb2,
    0x21,0x02,0x00,0x00,0x00,0xbc,0x02,0xd1,0x3f,0x65,0x96,0x14,0xbc,0x02,0x02,0x65,
    0x96,0x14,0xb7,0x02,0xd3,0x15,0x0d,0x02,0xb7,0x02,0x02,0x0b,0x03,0xbb,0x04,0x0b,
    0xa2,0x28,0x09,0x00,0x00,0x00,0xbc,0x02,0xaf,0x14,0x18,0xa5,0x14,0xbc,0x02,0xc6,
    0x01,0x1d,0x96,0x14,0xbc,0x02,0x02,0x1d,0x96,0x14,0xbc,0x02,0x02,0x1d,0x96,0x14,
    0xbc,0x02,0x02,0x1d,0x96,0x14,0xde,0x83,0xc0,0x02,0xd7,0x0a,0x65,0x65,0x65,0x65,
    0xfc,0x0a,0xfd,0x0a,0x65,0x46,0x65,0x1d,0x13,0x0d,0x0d,0x1d,0x1d,0x13,0x13,0x0d,
    0x0d,0x13,0x0d,0x0d,0x0d,0x0d,0x0d,0x0d,0x0d,0x0d,0x1d,0x14,0x0c,0x13,0x0c,0x0c,
    0x0c,0x0c,0x0d,0x0d,0x8d,0x0a,0x18,0x0d,0x1d,0x1d,0x13,0x0c,0x0d,0x13,0x0d,0x0d,
    0x1d,0x0c,0x0d,0x13,0x0d,0x0d,0x0d,0x0b,0x18,0x0d,0x0d,0x0b,0x0d,0x0d,0x18,0x0d,
    0x0d,0x0d,0x0d,0x0d,0x46,0x13,0x13,0x65,0x65,0x0d,0x0d,0x0d,0x0d,0xf0,0x0a,0x0c,
    0x0d,0x0d,0x0d,0xf1,0x0a,0xf2,0x0a,0x0c,0x0c,0x0c,0x0c,0x65,0x1d,0xf3,0x0a,0x3e,
    0xfa,0x09,0x02,0xc7,0x05,0x39,0xc4,0x0a,0x82,0x2a,0x02,0x3e,0xd5,0x34,0x01,0x1d,
    0x39,0x9a,0x05,0xd0,0x33,0x01,0x3e,0xef,0x33,0x01,0x0c,0x39,0x8a,0x05,0xcc,0x3c,
    0x01,0x3e,0xa9,0x3c,0x03,0x1d,0x39,0x9b,0x05,0xa0,0x3a,0x03,0x3e,0xbf,0x3a,0x03,
    0x0d,0x39,0x9b,0x05,0x9c,0x2d,0x03,0xbb,0x04,0x0d,0xff,0x36,0x00,0x00,0x00,0x40,
    0xbb,0x04,0x0d,0xd0,0x0c,0x00,0x00,0x80,0xbf,0xbb,0x04,0x0d,0xed,0x0a,0x00,0x00,
    0x80,0x3f,0xbc,0x02,0xec,0x08,0x0d,0x90,0x14,0xbc,0x02,0x13,0x0d,0x8d,0x14,0xde,
    0x02,0xa4,0x08,0x1d,0x0d,0xc0,0x05,0xb6,0x05,0x3e,0xfa,0x09,0x03,0xc8,0x09,0x39,
    0xc5,0x0e,0xfa,0x2f,0x03,0xc6,0x06,0x08,0xba,0x0b,0x00,0x82,0x0a,0x18,0xf4,0x60,
    0x01,0x0c,0xba,0xa9,0x01,0x8c,0x9c,0x02,0x22,0xd4,0xae,0x02,0x00,0x01,0x0c,0xc5,
    0x31,0x8e,0xfd,0x01,0xc7,0x10,0x0c,0xc7,0x51,0xc7,0x51,0x94,0x8a,0x01,0x33,0xe2,
    0x05,0x83,0x2c,0xda,0x19,0x8b,0x14,0xef,0x6f,0x8b,0x14,0x01,0x65,0xc2,0x91,0x01,
    0xc2,0x91,0x01,0x01,0x1d,0xbd,0x6b,0xda,0x9b,0x01,0x3d,0x18,0xe4,0x17,0xe4,0x17,
    0xe4,0x17,0x18,0xc1,0x0a,0x0d,0xc5,0x73,0xc5,0x73,0x00,0xc1,0x0a,0x1d,0xa0,0x84,
    0x01,0xff,0x42,0x00,0xce,0x10,0x1d,0xec,0x1b,0xec,0x1b,0x8c,0xa0,0x01,0xc1,0x0a,
    0x0d,0xbe,0x14,0x84,0x41,0x01,0xc1,0x0a,0x1d,0x99,0xd0,0x01,0xef,0xe2,0x01,0x01,
    0xce,0x10,0x1d,0xde,0xbb,0x01,0xde,0xbb,0x01,0xbb,0x14,0xc1,0x0a,0x0d,0xbe,0x14,
    0x86,0x41,0x02,0xc1,0x0a,0x1d,0x99,0xd0,0x01,0xed,0xe2,0x01,0x02,0xce,0x10,0x1d,
    0xfa,0xc9,0x01,0xfa,0xc9,0x01,0x9f,0x06,0xc1,0x0a,0x1d,0xaf,0x7f,0xa3,0x98,0x01,
    0x03,0x4b,0x1d,0x95,0x0d,0xc5,0x8c,0x01,0x95,0x0d,0x4b,0x1d,0xf6,0x41,0xb1,0x3c,
    0xf6,0x41,0x4b,0x1d,0x8a,0x24,0xa5,0x18,0x8a,0x24,0xb0,0x0a,0xf9,0x07,0xe6,0x0b,
    0xe6,0x0b,0xc1,0x0a,0x1d,0xa1,0x12,0xa1,0x12,0x00,0x3d,0x18,0xa2,0x83,0x01,0xa2,
    0x83,0x01,0xa2,0x83,0x01,0x18,0x13,0x8b,0x05,0xdd,0x8f,0x02,0xab,0x22,0x8a,0x14,
    0xc1,0x0a,0x0d,0xec,0x7b,0xf1,0x93,0x01,0x00,0x22,0xec,0x7b,0x00,0x13,0x8b,0x05,
    0xf0,0x2f,0xab,0x22,0x8d,0x14,0xc1,0x0a,0x0d,0xe1,0x6e,0xe3,0xd2,0x01,0x01,0x22,
    0xe1,0x6e,0x00,0x13,0x8b,0x05,0xe4,0x6e,0xab,0x22,0x90,0x14,0xc1,0x0a,0x0d,0xfb,
    0x6f,0xfb,0xd3,0x01,0x02,0x22,0xfb,0x6f,0x00,0x01,0x0c,0x92,0xaa,0x01,0xc6,0xa4,
    0x02,0xcb,0x10,0x0c,0x8b,0x25,0x8b,0x25,0x88,0xde,0x01,0x23,0xe2,0x05,0xc4,0x4e,
    0xc5,0x1f,0x9a,0x14,0xe9,0x99,0x01,0x01,0x65,0xc7,0x2d,0xc7,0x2d,0xc1,0x12,0x1d,
    0xcf,0xd1,0x01,0xcf,0xd1,0x01,0xa7,0x7c,0x22,0xcc,0x4b,0x00,0x01,0x0c,0xd8,0x1d,
    0xbe,0x6c,0xcb,0x10,0x0c,0xf2,0x2c,0xf2,0x2c,0xfe,0x77,0xbf,0x0c,0x0d,0xdb,0x36,
    0xa2,0x41,0xc8,0x10,0x0d,0xbe,0x47,0xf8,0xdd,0x01,0xbe,0x47,0xc8,0x10,0x0d,0xab,
    0x2a,0xab,0x2a,0xcc,0xb3,0x01,0x4b,0x0d,0x94,0x78,0x90,0x9f,0x02,0x94,0x78,0xbf,
    0x0c,0x0d,0x8f,0x0c,0xba,0x52,0x4a,0x0d,0xa0,0x10,0xf8,0x51,0xa0,0x10,0x4b,0x0d,
    0xa3,0x8a,0x01,0x93,0x86,0x01,0xa3,0x8a,0x01,0xc8,0x10,0x0d,0xf0,0x37,0xda,0xdb,
    0x01,0x82,0x47,0xc1,0x0a,0x0d,0xfc,0x96,0x01,0xec,0xf1,0x01,0x00,0x4a,0x0d,0xf6,
    0x08,0xf6,0x08,0xf2,0x9f,0x01,0xd2,0x0a,0x1d,0x89,0x8b,0x02,0x89,0x8b,0x02,0xa7,
    0x10,0x00,0xc1,0x0a,0x0d,0x90,0xef,0x01,0x90,0xef,0x01,0x03,0x4a,0x0d,0x8f,0x83,
    0x01,0xd8,0x38,0x8f,0x83,0x01,0xc1,0x0a,0x0d,0xef,0x7c,0xef,0x10,0x00,0x4b,0x0d,
    0xd8,0xd4,0x01,0xd8,0xd4,0x01,0xe8,0x57,0xd2,0x0a,0x1d,0xf9,0x4f,0xf9,0x4f,0xee,
    0x73,0x00,0xc1,0x0a,0x0d,0xa2,0x4e,0xa2,0x4e,0x00,0xc3,0x10,0x0d,0xf1,0x7e,0xe0,
    0xb3,0x01,0xad,0x7a,0xc1,0x0a,0x0d,0x97,0x49,0xe7,0x79,0x03,0x4a,0x0d,0xb0,0x93,
    0x01,0x98,0x4a,0xb0,0x93,0x01,0x4b,0x0d,0x87,0x22,0xe1,0x56,0x87,0x22,0xc0,0x10,
    0x0c,0xf4,0x30,0xb0,0x41,0xdc,0xe6,0x01,0xbf,0x0c,0x0d,0xd8,0x54,0xd8,0x54,0x4a,
    0x0d,0xe7,0x13,0xbe,0x71,0xe7,0x13,0xc3,0x10,0x0d,0xc1,0x69,0x92,0xe4,0x01,0xc1,
    0x69,0x4a,0x0d,0x8b,0x50,0x8b,0x50,0xbe,0x29,0x4b,0x0d,0xd5,0x2d,0xa1,0xcc,0x01,
    0xd5,0x2d,0x23,0x8b,0x05,0xb2,0x77,0xc2,0x26,0x91,0x14,0x8b,0x14,0x22,0x00,0xf2,
    0x01,0x3f,0x0d,0xe0,0x71,0x92,0xe9,0x01,0x23,0x8b,0x05,0xaa,0x28,0xc2,0x26,0x91,
    0x14,0x8e,0x14,0x22,0x00,0xaa,0x28,0xc1,0x0a,0x0d,0xf9,0x90,0x02,0xbd,0x7d,0x01,
    0x3f,0x0d,0xe6,0xd9,0x01,0xe6,0xd9,0x01,0xd2,0x0a,0x1d,0xe1,0x3d,0xe1,0x3d,0xc6,
    0x1e,0x01,0x13,0x9b,0x05,0xab,0x1f,0xc2,0x26,0x8b,0x14,0x22,0x00,0xab,0x1f,0x22,
    0xc6,0xb1,0x01,0x80,0x06,0x8d,0x1e,0x88,0x06,0x00,0x00,0x00,0x00,0x00,0x00,0x00,
    0xce,0x10,0x00,0x00,0x00,0x00,0x00,0x00,0x4c,0x4f,0x4d,0x53,0x00,0x03,0x01,0x00,
    0x0b,0x00,0x08,0x00,0xae,0x61,0x00,0x00,0x00,0x00,0x00,0x00,0x40,0x2f,0x00,0x00,
    0x91,0x02,0x01,0xd1,0x10,0x02,0x47,0x4c,0x53,0x4c,0x2e,0x73,0x74,0x64,0x2e,0x34,
    0x35,0x30,0x00,0x00,0x00,0x00,0xa0,0x04,0x00,0x01,0xdf,0x0f,0x00,0x9f,0x2c,0xed,
    0xc2,0xa5,0xf3,0x06,0x00,0xa9,0x20,0x82,0x1f,0xaf,0x2e,0x93,0x2d,0x8c,0x1a,0xb0,
    0x23,0xab,0x22,0xd9,0x1b,0xc2,0x26,0x10,0xfa,0x1c,0x06,0x10,0x37,0xcf,0x11,0x0e,
    0x00,0x05,0x00,0x07,0x01,0x10,0x00,0x23,0x00,0x01,0x05,0x00,0x07,0x01,0x10,0x00,
    0x23,0x40,0x01,0x23,0x30,0x01,0x23,0x04,0x01,0x23,0x04,0x01,0x23,0x04,0x01,0x05,
    0x00,0x07,0x01,0x10,0x00,0x23,0x04,0x01,0x23,0x40,0x10,0x9c,0x43,0x01,0x01,0x10,
    0x8f,0x39,0x06,0x80,0x02,0x00,0xd1,0x0a,0x02,0x47,0x00,0x01,0x00,0x23,0x00,0x10,
    0xd0,0x28,0x21,0x00,0x10,0x00,0x22,0x01,0x10,0xc5,0x2c,0x06,0x40,0x10,0x02,0x06,
    0x40,0x10,0x8a,0x13,0x06,0x10,0x10,0x82,0x03,0x06,0x10,0x10,0x02,0x06,0x10,0x10,
    0x02,0x06,0x10,0x10,0x02,0x06,0x10,0x00,0xec,0x05,0x02,0x37,0x00,0x99,0x00,0x05,
    0x00,0x07,0x01,0x10,0x00,0x23,0x00,0x01,0x05,0x00,0x07,0x01,0x10,0x00,0x23,0x40,
    0x01,0x05,0x00,0x07,0x01,0x10,0x00,0x23,0x40,0x01,0x05,0x00,0x07,0x01,0x10,0x00,
    0x23,0x40,0x01,0x05,0x00,0x07,0x01,0x10,0x00,0x23,0x40,0x01,0x05,0x00,0x07,0x01,
    0x10,0x00,0x23,0x80,0x02,0x01,0x05,0x00,0x07,0x01,0x10,0x00,0x23,0x80,0x02,0x01,
    0x05,0x00,0x07,0x01,0x10,0x00,0x23,0x40,0x01,0x05,0x00,0x07,0x01,0x10,0x00,0x23,
    0x30,0x01,0x23,0x40,0x01,0x23,0x10,0x01,0x23,0x08,0x01,0x23,0x04,0x01,0x23,0x04,
    0x01,0x23,0x10,0x01,0x23,0x10,0x01,0x23,0x08,0x01,0x23,0x08,0x01,0x23,0x04,0x01,
    0x00,0x00,0x23,0x04,0x01,0x23,0x08,0x01,0x23,0x04,0x01,0x23,0x04,0x01,0x23,0x04,
    0x01,0x23,0x04,0x01,0x23,0x04,0x01,0x00,0x00,0x23,0x04,0x01,0x00,0x00,0x23,0x04,
    0x01,0x00,0x00,0x23,0x04,0x01,0x00,0x00,0x23,0x10,0x01,0x00,0x00,0x23,0x0c,0x01,
    0x00,0x00,0x23,0x04,0x01,0x00,0x00,0x23,0x08,0x01,0x00,0x00,0x23,0x04,0x01,0x00,
    0x00,0x23,0x04,0x01,0x00,0x00,0x23,0x04,0x01,0x23,0x04,0x01,0x00,0x00,0x23,0x04,
    0x01,0x00,0x00,0x23,0x04,0x01,0x23,0x90,0x01,0x01,0x00,0x00,0x23,0x0c,0x01,0x23,
    0x04,0x01,0x23,0x10,0x01,0x23,0x10,0x01,0x00,0x00,0x23,0x08,0x01,0x00,0x00,0x23,
    0x04,0x01,0x23,0x04,0x01,0x00,0x00,0x23,0x08,0x01,0x00,0x00,0x23,0x04,0x01,0x23,
    0x04,0x01,0x00,0x00,0x23,0x10,0x01,0x00,0x00,0x23,0x04,0x01,0x23,0x04,0x01,0x00,
    0x00,0x23,0x08,0x01,0x23,0x04,0x01,0x00,0x00,0x23,0x04,0x01,0x00,0x00,0x23,0x04,
    0x01,0x23,0x04,0x01,0x23,0x0c,0x01,0x23,0x04,0x01,0x23,0x04,0x01,0x23,0x04,0x01,
    0x23,0x04,0x01,0x23,0x04,0x01,0x23,0x0c,0x01,0x23,0x04,0x01,0x23,0x04,0x01,0x23,
    0x04,0x01,0x23,0x04,0x01,0x05,0x00,0x07,0x01,0x10,0x00,0x23,0x04,0x01,0x23,0x30,
    0x01,0x23,0x08,0x01,0x05,0x00,0x07,0x01,0x10,0x00,0x23,0x08,0x01,0x05,0x00,0x07,
    0x01,0x10,0x00,0x23,0x40,0x01,0x00,0x00,0x23,0x40,0x01,0x00,0x00,0x23,0x04,0x01,
    0x00,0x00,0x23,0x04,0x01,0x00,0x00,0x23,0x04,0x01,0x23,0x04,0x01,0x23,0x40,0x01,
    0x00,0x00,0x23,0x04,0x01,0x00,0x00,0x23,0x04,0x01,0x00,0x00,0x23,0x04,0x01,0x23,
    0x04,0x01,0x23,0x40,0x01,0x00,0x00,0x23,0x40,0x01,0x00,0x00,0x23,0x04,0x01,0x00,
    0x00,0x23,0x04,0x01,0x00,0x00,0x23,0x04,0x01,0x05,0x00,0x07,0x01,0x10,0x00,0x23,
    0x04,0x01,0x23,0x40,0x01,0x00,0x00,0x23,0x10,0x10,0x9c,0x1c,0x21,0x00,0x10,0x00,
    0x22,0x00,0x10,0xc8,0x01,0x0b,0x2a,0x37,0x8b,0x2e,0x05,0x00,0x05,0x00,0x07,0x01,
    0x10,0x00,0x23,0x00,0x01,0x23,0x30,0x01,0x23,0x0c,0x10,0xc1,0x03,0x06,0x40,0x00,
    0x82,0x1e,0x02,0x47,0x00,0x01,0x00,0x23,0x00,0x10,0x82,0x0a,0x21,0x01,0x10,0x00,
    0x22,0x01,0x10,0xb6,0x0f,0x21,0x05,0x10,0x00,0x22,0x01,0x00,0x8f,0x37,0x02,0x47,
    0x00,0x01,0x00,0x23,0x00,0x10,0xee,0x11,0x06,0x10,0x00,0x94,0x01,0x02,0x37,0x00,
    0x02,0x00,0x00,0x00,0x23,0x00,0x10,0xfa,0x1c,0x21,0x02,0x10,0x00,0x22,0x01,0x10,
    0xcb,0x02,0x21,0x03,0x10,0x00,0x22,0x01,0x10,0xa6,0x01,0x1e,0x00,0x10,0xda,0x1e,
    0x1e,0x05,0x10,0xb7,0x02,0x1e,0x06,0x00,0x8d,0x26,0x0e,0x10,0x00,0x1e,0x0a,0x10,
    0xc8,0x12,0x0b,0x2b,0x10,0x89,0x02,0x1e,0x06,0x10,0xa3,0x0d,0x1e,0x09,0x00,0x8f,
    0x16,0x02,0x47,0x00,0x04,0x00,0x0b,0x01,0x00,0x01,0x0b,0x01,0x01,0x01,0x0b,0x01,
    0x03,0x01,0x0b,0x01,0x04,0x00,0xf2,0xae,0x01,0x00,0x93,0x02,0x0e,0xa1,0x04,0xf4,
    0x13,0x08,0xa6,0x02,0xe9,0x13,0x20,0xb7,0x02,0x20,0x0d,0x04,0xb8,0x02,0x90,0x01,
    0x1d,0x04,0xb7,0x02,0x99,0x01,0x0d,0x03,0xb5,0x02,0x17,0x20,0x01,0x3e,0x92,0x0a,
    0x07,0x18,0xb5,0x02,0x93,0x0a,0x20,0x00,0xb7,0x02,0x18,0x0b,0x04,0xd1,0x04,0xe8,
    0x05,0x08,0x95,0x05,0x17,0x1d,0xae,0x02,0xdc,0x09,0x1d,0xbb,0x04,0x0b,0xa2,0x18,
    0x00,0x00,0x00,0x00,0xbb,0x04,0x0c,0x02,0x00,0x00,0x00,0x00,0xbb,0x04,0x0b,0x04,
    0x01,0x00,0x00,0x00,0xbb,0x04,0x0c,0x02,0x01,0x00,0x00,0x00,0xbb,0x04,0x0b,0x04,
    0x02,0x00,0x00,0x00,0xbb,0x04,0x0c,0x02,0x02,0x00,0x00,0x00,0xbb,0x04,0x0c,0x06,
    0x03,0x00,0x00,0x00,0xb8,0x02,0x9b,0x27,0x18,0x03,0xbb,0x04,0x0b,0xa0,0x27,0x04,
    0x00,0x00,0x00,0xbc,0x02,0xb1,0x0b,0x1d,0x96,0x14,0x9e,0x03,0xcf,0x11,0x65,0x46,
    0x0c,0x0c,0x0c,0x0d,0x65,0xbd,0x0e,0xb2,0x06,0x0c,0x9c,0x43,0x40,0x00,0x00,0x00,
    0xbc,0x02,0x8f,0x39,0xd5,0x05,0xa3,0x27,0xae,0x02,0xd1,0x0a,0xdb,0x0a,0x3e,0xfa,
    0x09,0x02,0xb2,0x05,0x39,0xaf,0x0a,0xd6,0x1e,0x02,0x3e,0xef,0x27,0x02,0x65,0x3e,
    0xb1,0x01,0x02,0x0c,0xbb,0x04,0x0c,0xa2,0x1e,0x05,0x00,0x00,0x00,0x3e,0x9f,0x1e,
    0x02,0x0d,0xbc,0x02,0xa5,0x03,0x65,0x96,0x14,0xbc,0x02,0x02,0x65,0x96,0x14,0xb7,
    0x02,0xc9,0x06,0x0d,0x02,0xb7,0x02,0x02,0x0b,0x03,0xbb,0x04,0x0b,0xa2,0x28,0x09,
    0x00,0x00,0x00,0xbc,0x02,0xcf,0x0e,0x18,0xa5,0x14,0xbc,0x02,0x82,0x03,0x1d,0x96,
    0x14,0xbc,0x02,0x02,0x1d,0x96,0x14,0xbc,0x02,0x02,0x1d,0x96,0x14,0xbc,0x02,0x02,
    0x1d,0x96,0x14,0xde,0x83,0xc0,0x02,0xec,0x05,0x65,0x65,0x65,0x65,0xb7,0x03,0xb8,
    0x03,0x65,0x46,0x65,0x1d,0x13,0x0d,0x0d,0x1d,0x1d,0x13,0x13,0x0d,0x0d,0x13,0x0d,
    0x0d,0x0d,0x0d,0x0d,0x0d,0x0d,0x0d,0x1d,0x14,0x0c,0x13,0x0c,0x0c,0x0c,0x0c,0x0d,
    0x0d,0xfd,0x0c,0x18,0x0d,0x1d,0x1d,0x13,0x0c,0x0d,0x13,0x0d,0x0d,0x1d,0x0c,0x0d,
    0x13,0x0d,0x0d,0x0d,0x0b,0x18,0x0d,0x0d,0x0b,0x0d,0x0d,0x18,0x0d,0x0d,0x0d,0x0d,
    0x0d,0x46,0x13,0x13,0x65,0x65,0x0d,0x0d,0x0d,0x0d,0xbe,0x0e,0x0c,0x0d,0x0d,0x0d,
    0xbf,0x0e,0xc0,0x0e,0x0c,0x0c,0x0c,0x0c,0x65,0x1d,0xc1,0x0e,0x3e,0xfa,0x09,0x02,
    0xb7,0x11,0x39,0xb4,0x16,0xa2,0x12,0x02,0x3e,0xf3,0x34,0x01,0x0c,0x39,0x8b,0x05,
    0xbc,0x36,0x01,0xb8,0x02,0xa5,0x3f,0x18,0x04,0xb8,0x02,0x0b,0x1d,0x03,0xce,0x02,
    0xa6,0x11,0x50,0x18,0x0d,0xbb,0x04,0x0b,0xb7,0x0d,0x00,0x01,0x00,0x00,0xbc,0x02,
    0xf6,0x09,0xa3,0x09,0xc7,0x02,0xae,0x02,0x82,0x1e,0xc2,0x07,0x3e,0x8b,0x25,0x02,
    0xc3,0x16,0x39,0xfd,0x03,0x8e,0x2f,0x02,0x3e,0xed,0x2b,0x02,0x50,0xbb,0x04,0x0b,
    0x8c,0x1d,0x03,0x00,0x00,0x00,0xbb,0x04,0x0d,0x0d,0x00,0x00,0x00,0x00,0x94,0x02,
    0x85,0x28,0xbb,0x04,0x0d,0x82,0x02,0x00,0x00,0x80,0x3f,0xb7,0x02,0xef,0x01,0x0c,
    0x02,0xbb,0x04,0x0b,0xe4,0x29,0x00,0x08,0x00,0x00,0x89,0x03,0xdb,0x27,0x0d,0x01,
    0x00,0x00,0x00,0x01,0x00,0xab,0x02,0xd0,0x05,0x96,0x01,0x3e,0xfa,0x09,0x00,0xfe,
    0x03,0x39,0xfb,0x08,0xc8,0x34,0x00,0xae,0x02,0x8f,0x37,0x0c,0x3e,0xfa,0x09,0x09,
    0xd7,0x07,0x39,0xd4,0x0c,0xa2,0x17,0x09,0x3e,0xb1,0x26,0x09,0x0c,0xb7,0x02,0xeb,
    0x09,0x0c,0x03,0xbb,0x04,0x0c,0xde,0x29,0x00,0x08,0x00,0x00,0xbc,0x02,0xed,0x08,
    0x1d,0xc7,0x02,0xae,0x02,0x94,0x01,0xce,0x10,0x3e,0xfa,0x09,0x02,0x98,0x11,0x39,
    0x95,0x16,0x80,0x13,0x02,0x89,0x03,0xfd,0x3b,0x0d,0x01,0x00,0x01,0x00,0x01,0x00,
    0xab,0x02,0xd2,0x04,0xd6,0x01,0x3e,0xfa,0x09,0x00,0xff,0x03,0x39,0xfc,0x08,0xe6,
    0x2a,0x00,0x3e,0xa9,0x32,0x01,0x1d,0x39,0x9a,0x05,0xd0,0x33,0x01,0xbb,0x04,0x0c,
    0xf3,0x2c,0x00,0x02,0x00,0x00,0xbb,0x04,0x0c,0xff,0x0b,0x00,0x01,0x00,0x00,0x3e,
    0x98,0x05,0x01,0x17,0x39,0x94,0x05,0xb6,0x52,0x01,0x39,0x9a,0x05,0xb7,0x02,0x01,
    0x3e,0x8b,0x50,0x03,0x0c,0x39,0x8d,0x05,0xfe,0x29,0x03,0x39,0x8b,0x05,0xc8,0x12,
    0x01,0x3e,0xa9,0x3c,0x03,0x1d,0x39,0x9b,0x05,0xa0,0x3a,0x03,0x3e,0xb9,0x3a,0x03,
    0x0d,0x39,0x9b,0x05,0x96,0x2d,0x03,0xbc,0x02,0xf3,0x2a,0x0d,0x8d,0x14,0xde,0x02,
    0xe4,0x14,0x1d,0x0d,0x9f,0x06,0x9f,0x06,0x3e,0xfa,0x09,0x03,0xd1,0x10,0x39,0xce,
    0x15,0xe8,0x21,0x03,0xad,0x06,0x1d,0xff,0x4c,0xc6,0x06,0x08,0xba,0x58,0x00,0x82,
    0x0a,0x18,0x82,0x66,0x39,0x95,0x05,0xb2,0x7d,0x07,0x01,0x0c,0xdb,0xce,0x01,0xb6,
    0x26,0x22,0xfe,0x38,0x00,0x01,0x0c,0x96,0x56,0x94,0x8f,0x01,0x33,0xe2,0x05,0xfa,
    0x3d,0xda,0x19,0x8b,0x14,0xd6,0x61,0x8b,0x14,0x01,0x65,0xbc,0x7b,0xbc,0x7b,0x33,
    0x89,0x05,0x9b,0x23,0xda,0x19,0x8b,0x14,0xd6,0x61,0x91,0x14,0x01,0x0c,0x9e,0x23,
    0x9e,0x23,0x33,0x89,0x05,0xb5,0x24,0xda,0x19,0x8b,0x14,0xd6,0x61,0x94,0x14,0x01,
    0x0c,0xe5,0xd1,0x01,0xe5,0xd1,0x01,0x01,0x1d,0xc0,0x53,0x84,0x9c,0x01,0xc7,0x18,
    0x0c,0xee,0x9f,0x01,0xae,0xf3,0x01,0xe6,0xe8,0x02,0xcb,0x14,0x09,0xdd,0xb7,0x01,
    0xdd,0xb7,0x01,0x82,0x9a,0x01,0xa7,0x1e,0xb1,0x8e,0x01,0x00,0xba,0x1e,0x00,0xfb,
    0x25,0xb1,0x8e,0x01,0x18,0xfc,0x25,0x01,0x0c,0xf1,0x0c,0xd0,0x9a,0x01,0x13,0x8c,
    0x05,0xa1,0x70,0xa5,0x18,0x8b,0x14,0x01,0x0c,0xd0,0x7e,0xd0,0x7e,0xc0,0x10,0x0c,
    0xc6,0x63,0xf4,0x71,0xc6,0x63,0xcb,0x10,0x0c,0xb1,0x9d,0x01,0xb1,0x9d,0x01,0xda,
    0x85,0x01,0xc7,0x10,0x0c,0x81,0x2a,0xb3,0xc7,0x01,0xd8,0x5b,0xd0,0x0a,0x16,0xda,
    0xe8,0x01,0xd8,0xbe,0x01,0xda,0xe8,0x01,0xa6,0xc6,0x02,0x99,0x1e,0xa4,0x13,0x18,
    0xa3,0x13,0xe5,0x1e,0x16,0xf7,0x8d,0x01,0x9e,0x5b,0x00,0x00,0x0a,0x3a,0x00,0x00,
    0x9c,0x33,0x00,0x00,0x96,0x5f,0x00,0x00,0xe5,0x1e,0x1d,0xaa,0x1d,0x84,0x36,0x00,
    0x00,0x0a,0x3a,0x00,0x00,0x36,0x3d,0x00,0x00,0x96,0x5f,0x00,0x00,0xe5,0x1e,0x0c,
    0x85,0x51,0x0b,0x0a,0x00,0x00,0x0a,0x3a,0x00,0x00,0xb5,0x5d,0x00,0x00,0x96,0x5f,
    0x00,0x00,0xc1,0x16,0x09,0xf5,0x14,0xf5,0x14,0x95,0xf8,0x01,0xb6,0x1e,0x8b,0x07,
    0xdd,0xf9,0x01,0x00,0xba,0x1e,0x00,0xbf,0x18,0x8b,0x07,0x18,0xc0,0x18,0x33,0x8a,
    0x05,0x8c,0xc1,0x01,0xd5,0x1f,0x8b,0x14,0xe2,0x4c,0x8a,0x14,0x01,0x0d,0x85,0x8e,
    0x01,0x85,0x8e,0x01,0xc7,0x16,0x09,0x81,0x16,0x81,0x16,0xfa,0x91,0x01,0xa7,0x1e,
    0xae,0x4a,0x00,0xba,0x1e,0x00,0xf8,0x0b,0xae,0x4a,0x18,0xf7,0x0b,0xd2,0x0a,0x16,
    0xfe,0x3c,0xd4,0x51,0xf8,0x1d,0x02,0x01,0xff,0x03,0xb0,0x51,0xea,0xff,0x01,0xb4,
    0x0c,0xd6,0x01,0xeb,0x58,0xeb,0x58,0xef,0x0a,0x1d,0xfe,0x20,0xfe,0x20,0xc2,0x19,
    0x02,0x8b,0x14,0xce,0x10,0x1d,0xbb,0x7e,0xbb,0x7e,0xf5,0x49,0x4b,0x1d,0x9a,0x87,
    0x01,0xee,0x22,0x9a,0x87,0x01,0x99,0x1e,0xd4,0x9d,0x01,0x18,0xd3,0x9d,0x01,0xe5,
    0x1e,0x16,0xd4,0x5e,0x50,0x33,0x00,0x00,0x47,0x27,0x00,0x00,0xcc,0x3a,0x00,0x00,
    0x8d,0x2b,0x00,0x00,0xe5,0x1e,0x1d,0xb4,0x26,0xa5,0x3a,0x00,0x00,0x47,0x27,0x00,
    0x00,0x5c,0x43,0x00,0x00,0x8d,0x2b,0x00,0x00,0x99,0x1e,0xbf,0x89,0x01,0x18,0xc0,
    0x89,0x01,0xc0,0x10,0x0c,0xc1,0x07,0xa6,0xdd,0x01,0xce,0xce,0x02,0x99,0x1e,0xd2,
    0x1b,0x18,0x8f,0xeb,0x01,0x99,0x1e,0xef,0xc4,0x01,0x18,0xf0,0xc4,0x01,0xe5,0x1e,
    0x1d,0xf9,0x1c,0x84,0x36,0x00,0x00,0xa0,0x2f,0x00,0x00,0xa5,0x3a,0x00,0x00,0xed,
    0x22,0x00,0x00,0xc7,0x18,0x0c,0xa5,0x78,0xe2,0x34,0x9a,0xb6,0x01,0xcb,0x14,0x09,
    0xd2,0x6e,0xd2,0x6e,0xe6,0x81,0x02,0xa7,0x1e,0xe0,0x4b,0x00,0xba,0x1e,0x00,0x80,
    0x43,0xe0,0x4b,0x18,0xff,0x42,0x01,0x17,0xba,0x04,0xd8,0x8e,0x01,0x01,0x1d,0xb4,
    0x11,0xc4,0xa2,0x01,0x3d,0x18,0xf6,0x20,0xef,0x15,0xef,0x15,0x18,0x22,0x91,0x1e,
    0x00,0xe9,0x06,0x08,0xc1,0x84,0x01,0xfc,0x51,0xd3,0xa2,0x01,0x97,0x52,0xcb,0x63,
    0x01,0x18,0xcc,0x57,0x87,0x4b,0xc1,0x0a,0x0d,0xbb,0x0a,0xbb,0x0a,0x00,0xd2,0x0a,
    0x1d,0xf3,0x3c,0xf3,0x3c,0xb6,0xa9,0x01,0x00,0xc1,0x0a,0x0d,0xb0,0xab,0x01,0x80,
    0x64,0x01,0xd2,0x0a,0x1d,0x89,0x3a,0x89,0x3a,0xa6,0x71,0x01,0xc1,0x0a,0x0d,0xfa,
    0x6b,0xf0,0x95,0x01,0x02,0xd2,0x0a,0x1d,0xe7,0xd6,0x01,0xe7,0xd6,0x01,0xed,0x6a,
    0x02,0x99,0x1e,0xa9,0x2e,0x18,0xaa,0x2e,0xe5,0x1e,0x1d,0x8a,0x55,0xe8,0x4c,0x00,
    0x00,0x25,0x54,0x00,0x00,0xf9,0x2b,0x00,0x00,0xbe,0x39,0x00,0x00,0x3d,0x18,0xce,
    0x29,0xce,0x29,0xce,0x29,0x18,0xc1,0x0a,0x0d,0x93,0x77,0x93,0x77,0x00,0xc1,0x0a,
    0x1d,0xbc,0x1c,0xc5,0x7a,0x00,0xce,0x10,0x1d,0xec,0x1b,0xec,0x1b,0xa8,0x38,0xc1,
    0x0a,0x0d,0xbe,0x14,0xad,0x2a,0x01,0xc1,0x0a,0x1d,0x99,0xd0,0x01,0xb5,0x9a,0x02,
    0x01,0xce,0x10,0x1d,0xde,0xbb,0x01,0xde,0xbb,0x01,0xbb,0x14,0xc1,0x0a,0x0d,0xbe,
    0x14,0xab,0x2a,0x02,0xc1,0x0a,0x1d,0x99,0xd0,0x01,0xb3,0x9a,0x02,0x02,0xce,0x10,
    0x1d,0xfa,0xc9,0x01,0xfa,0xc9,0x01,0x9f,0x06,0xc1,0x0a,0x1d,0xaf,0x7f,0xe9,0xcf,
    0x01,0x03,0x4b,0x1d,0x95,0x0d,0xc5,0x8c,0x01,0x95,0x0d,0x4b,0x1d,0xf6,0x41,0xb1,
    0x3c,0xf6,0x41,0x4b,0x1d,0x8a,0x24,0xa5,0x18,0x8a,0x24,0xb0,0x0a,0xf9,0x07,0xe6,
    0x0b,0xe6,0x0b,0xc1,0x0a,0x1d,0xa1,0x12,0xa1,0x12,0x00,0x3d,0x18,0xa2,0x83,0x01,
    0xa2,0x83,0x01,0xa2,0x83,0x01,0x18,0x13,0x8e,0x05,0xdd,0x8f,0x02,0xab,0x22,0x8a,
    0x14,0xc1,0x0a,0x0d,0xec,0x7b,0xf1,0x93,0x01,0x00,0x22,0xec,0x7b,0x00,0x13,0x8e,
    0x05,0xf0,0x2f,0xab,0x22,0x8d,0x14,0xc1,0x0a,0x0d,0xdf,0x6e,0xe1,0xd2,0x01,0x01,
    0x22,0xdf,0x6e,0x00,0x13,0x8e,0x05,0xe2,0x6e,0xab,0x22,0x90,0x14,0xc1,0x0a,0x0d,
    0xdf,0x6e,0xdf,0xd2,0x01,0x02,0x22,0xdf,0x6e,0x00,0x23,0xe2,0x05,0xb8,0xbd,0x01,
    0xc5,0x1f,0x9a,0x14,0x8b,0x14,0x01,0x65,0xb1,0x89,0x01,0xb1,0x89,0x01,0xc1,0x12,
    0x1d,0xf7,0x5a,0xf7,0x5a,0xaf,0x76,0x22,0xc4,0x51,0x00,0xc1,0x0a,0x0d,0x90,0xa9,
    0x01,0x90,0xa9,0x01,0x01,0x3f,0x0d,0xe6,0x10,0xe6,0x10,0xd2,0x0a,0x1d,0xe1,0x3d,
    0xe1,0x3d,0x94,0x7c,0x01,0x13,0x9b,0x05,0xae,0x19,0xc2,0x26,0x8b,0x14,0x22,0x00,
    0xae,0x19,0x8d,0x1e,0x88,0x06,0xc6,0x06,0x08,0x95,0xd7,0x01,0x00,0x8b,0x03,0xa7,
    0x06,0x95,0x05,0x9d,0x04,0xa7,0x06,0x17,0xd4,0x16,0xa7,0x06,0x1d,0xd7,0x12,0x18,
    0xb4,0xbd,0x02,0xc1,0x0a,0x0d,0xd3,0xaf,0x01,0xe0,0x8d,0x01,0x03,0xce,0x16,0x09,
    0xa0,0x4a,0xa0,0x4a,0xe8,0xf6,0x01,0xa7,0x1e,0xfe,0x24,0x00,0xba,0x1e,0x00,0xbc,
    0x9c,0x01,0xfe,0x24,0x18,0xbb,0x9c,0x01,0xc1,0x0a,0x0d,0xdc,0x72,0xa0,0xae,0x01,
    0x00,0xc1,0x0a,0x0b,0x83,0x39,0xc4,0x62,0x00,0x01,0x18,0xc6,0x7b,0xde,0xf4,0x01,
    0x33,0xcd,0x05,0x85,0x0d,0xc4,0x1b,0x8b,0x14,0x8e,0x5e,0x8b,0x14,0x01,0x50,0x9a,
    0x55,0x9a,0x55,0xb4,0x0a,0x56,0xb5,0xbc,0x01,0xfb,0x5f,0x00,0x00,0xc1,0x0a,0x0d,
    0xe6,0x37,0xbb,0x3c,0x00,0xc1,0x0a,0x18,0xe9,0x20,0xfc,0x16,0x00,0xce,0x10,0x18,
    0xa4,0x0f,0xa4,0x0f,0xc5,0x11,0xc1,0x0a,0x0d,0xbe,0x14,0xc3,0x39,0x01,0xc1,0x0a,
    0x18,0xe4,0x59,0xc2,0x94,0x01,0x01,0xce,0x10,0x18,0x9f,0x6e,0x9f,0x6e,0xbb,0x14,
    0xc1,0x0a,0x0d,0xbe,0x14,0xc1,0x39,0x02,0xc1,0x0a,0x18,0xe4,0x59,0xc4,0x94,0x01,
    0x02,0xce,0x10,0x18,0x83,0x60,0x83,0x60,0x9f,0x06,0xc1,0x0a,0x18,0xaf,0x7f,0xef,
    0x4a,0x03,0x4b,0x18,0xdc,0x57,0xd3,0x27,0xdc,0x57,0x4b,0x18,0xaa,0x54,0xf4,0x3a,
    0xaa,0x54,0x4b,0x18,0x96,0x2f,0x8c,0x6a,0x96,0x2f,0xce,0x10,0x18,0xb1,0x09,0xb1,
    0x09,0x9a,0x55,0xc1,0x0a,0x0d,0x14,0xce,0x83,0x02,0x01,0xc1,0x0a,0x0b,0xaf,0x46,
    0xc6,0xaa,0x01,0x01,0x01,0x18,0xc6,0x33,0xe0,0xf4,0x01,0x33,0xcd,0x05,0x85,0x0d,
    0xc4,0x1b,0x8b,0x14,0x8f,0x82,0x01,0x8b,0x14,0x01,0x50,0x9a,0x55,0x9a,0x55,0xb4,
    0x0a,0x56,0xb5,0xbc,0x01,0xfc,0x5f,0x00,0x00,0xc1,0x0a,0x0d,0xe6,0x37,0xbb,0x3c,
    0x00,0xc1,0x0a,0x18,0xe9,0x20,0xfc,0x16,0x00,0xce,0x10,0x18,0xa6,0x0f,0xa6,0x0f,
    0xc3,0x11,0xc1,0x0a,0x0d,0xbe,0x14,0xc1,0x39,0x01,0xc1,0x0a,0x18,0xe4,0x59,0xc4,
    0x94,0x01,0x01,0xce,0x10,0x18,0x9f,0x6e,0x9f,0x6e,0xbb,0x14,0xc1,0x0a,0x0d,0xbe,
    0x14,0xbf,0x39,0x02,0xc1,0x0a,0x18,0xe4,0x59,0xc6,0x94,0x01,0x02,0xce,0x10,0x18,
    0x85,0x60,0x85,0x60,0xa1,0x06,0xc1,0x0a,0x18,0xaf,0x7f,0xef,0x4a,0x03,0x4b,0x18,
    0xdc,0x57,0xd3,0x27,0xdc,0x57,0x4b,0x18,0xaa,0x54,0xf2,0x3a,0xaa,0x54,0x4b,0x18,
    0xb4,0x3d,0xa8,0x78,0xb4,0x3d,0xce,0x10,0x18,0xb1,0x99,0x01,0xb1,0x99,0x01,0xf3,
    0x81,0x01,0x4b,0x18,0x9b,0x31,0xfb,0xb2,0x01,0x9b,0x31,0xc1,0x0a,0x0d,0xe4,0x31,
    0xa2,0x82,0x01,0x02,0xc1,0x0a,0x0b,0xbe,0x2e,0x88,0x9e,0x01,0x02,0x01,0x18,0x86,
    0x40,0xe2,0xf4,0x01,0x33,0xcd,0x05,0x85,0x0d,0xc4,0x1b,0x8b,0x14,0xf0,0x7b,0x8b,
    0x14,0x01,0x50,0x9a,0x55,0x9a,0x55,0xb4,0x0a,0x56,0xb5,0xbc,0x01,0xfd,0x5f,0x00,
    0x00,0xc1,0x0a,0x0d,0xe6,0x37,0xbb,0x3c,0x00,0xc1,0x0a,0x18,0xe9,0x20,0xfc,0x16,
    0x00,0xce,0x10,0x18,0xa8,0x0f,0xa8,0x0f,0xc1,0x11,0xc1,0x0a,0x0d,0xbe,0x14,0xbf,
    0x39,0x01,0xc1,0x0a,0x18,0xe4,0x59,0xc6,0x94,0x01,0x01,0xce,0x10,0x18,0x9f,0x6e,
    0x9f,0x6e,0xbb,0x14,0xc1,0x0a,0x0d,0xbe,0x14,0xbd,0x39,0x02,0xc1,0x0a,0x18,0xe4,
    0x59,0xc8,0x94,0x01,0x02,0xce,0x10,0x18,0x87,0x60,0x87,0x60,0xa3,0x06,0xc1,0x0a,
    0x18,0xaf,0x7f,0xef,0x4a,0x03,0x4b,0x18,0xdc,0x57,0xd3,0x27,0xdc,0x57,0x4b,0x18,
    0xaa,0x54,0xf0,0x3a,0xaa,0x54,0x4b,0x18,0xb4,0x3d,0xa6,0x78,0xb4,0x3d,0xce,0x10,
    0x18,0xb1,0x99,0x01,0xb1,0x99,0x01,0x45,0x4b,0x18,0x95,0x37,0xf7,0x05,0x95,0x37,
    0xc1,0x0a,0x0b,0xfc,0x6e,0xea,0xa6,0x01,0x03,0x01,0x18,0xa7,0x8e,0x01,0x96,0x2f,
    0x33,0xcd,0x05,0xc8,0xb8,0x01,0xc4,0x1b,0x8b,0x14,0xa1,0x80,0x01,0x8b,0x14,0x01,
    0x50,0x9a,0x55,0x9a,0x55,0xb4,0x0a,0x56,0xb5,0xbc,0x01,0xfe,0x5f,0x00,0x00,0xc1,
    0x0a,0x0d,0xe6,0x37,0x92,0x89,0x01,0x00,0xc1,0x0a,0x18,0xe9,0x20,0xfc,0x16,0x00,
    0xce,0x10,0x18,0xaa,0x0f,0xaa,0x0f,0xbf,0x11,0xc1,0x0a,0x0d,0xbe,0x14,0x90,0x8c,
    0x01,0x01,0xc1,0x0a,0x18,0xe4,0x59,0xc8,0x94,0x01,0x01,0xce,0x10,0x18,0x9f,0x6e,
    0x9f,0x6e,0xbb,0x14,0xc1,0x0a,0x0d,0xbe,0x14,0x92,0x8c,0x01,0x02,0xc1,0x0a,0x18,
    0xe4,0x59,0xca,0x94,0x01,0x02,0xce,0x10,0x18,0x89,0x60,0x89,0x60,0xa5,0x06,0xc1,
    0x0a,0x18,0xaf,0x7f,0xef,0x4a,0x03,0x4b,0x18,0xdc,0x57,0xd3,0x27,0xdc,0x57,0x4b,
    0x18,0xaa,0x54,0xee,0x3a,0xaa,0x54,0x4b,0x18,0xb4,0x3d,0xa4,0x78,0xb4,0x3d,0xce,
    0x10,0x18,0x87,0x9f,0x01,0x87,0x9f,0x01,0xd7,0x11,0x4b,0x18,0xec,0x3a,0xae,0x6c,
    0xec,0x3a,0x22,0xf0,0xba,0x01,0x00,0x8d,0x1e,0x18,0xf1,0x03,0xc1,0x0a,0x0d,0xb3,
    0x11,0xce,0xa1,0x01,0x00,0xc1,0x0a,0x0b,0xaf,0x2c,0xc6,0x62,0x00,0x01,0x18,0xca,
    0x7b,0xe4,0xf4,0x01,0x33,0xcd,0x05,0x83,0x0d,0xc4,0x1b,0x8b,0x14,0x8f,0x5e,0x8b,
    0x14,0x01,0x50,0x9a,0x55,0x9a,0x55,0xb4,0x0a,0x56,0xb5,0xbc,0x01,0xff,0x5f,0x00,
    0x00,0xc1,0x0a,0x0d,0xe6,0x37,0xb9,0x3c,0x00,0xc1,0x0a,0x18,0xe9,0x20,0xfc,0x16,
    0x00,0xce,0x10,0x18,0xac,0x0f,0xac,0x0f,0xbd,0x11,0xc1,0x0a,0x0d,0xbe,0x14,0xb9,
    0x39,0x01,0xc1,0x0a,0x18,0xe4,0x59,0xca,0x94,0x01,0x01,0xce,0x10,0x18,0x9f,0x6e,
    0x9f,0x6e,0xbb,0x14,0xc1,0x0a,0x0d,0xbe,0x14,0xb7,0x39,0x02,0xc1,0x0a,0x18,0xe4,
    0x59,0xcc,0x94,0x01,0x02,0xce,0x10,0x18,0x8b,0x60,0x8b,0x60,0xa7,0x06,0xc1,0x0a,
    0x18,0xaf,0x7f,0xef,0x4a,0x03,0x4b,0x18,0xdc,0x57,0xd3,0x27,0xdc,0x57,0x4b,0x18,
    0xaa,0x54,0xec,0x3a,0xaa,0x54,0x4b,0x18,0x90,0x2f,0xfe,0x69,0x90,0x2f,0xce,0x10,
    0x18,0xb1,0x09,0xb1,0x09,0xee,0x61,0xc1,0x0a,0x0d,0x14,0xd0,0x83,0x02,0x01,0xc1,
    0x0a,0x0b,0xaf,0x46,0xc8,0xaa,0x01,0x01,0x01,0x18,0xca,0x33,0xe6,0xf4,0x01,0x33,
    0xcd,0x05,0x83,0x0d,0xc4,0x1b,0x8b,0x14,0x90,0x82,0x01,0x8b,0x14,0x01,0x50,0x9a,
    0x55,0x9a,0x55,0xb4,0x0a,0x56,0xb5,0xbc,0x01,0x00,0x60,0x00,0x00,0xc1,0x0a,0x0d,
    0xe6,0x37,0xb9,0x3c,0x00,0xc1,0x0a,0x18,0xe9,0x20,0xfc,0x16,0x00,0xce,0x10,0x18,
    0xae,0x0f,0xae,0x0f,0xbb,0x11,0xc1,0x0a,0x0d,0xbe,0x14,0xb7,0x39,0x01,0xc1,0x0a,
    0x18,0xe4,0x59,0xcc,0x94,0x01,0x01,0xce,0x10,0x18,0x9f,0x6e,0x9f,0x6e,0xbb,0x14,
    0xc1,0x0a,0x0d,0xbe,0x14,0xb5,0x39,0x02,0xc1,0x0a,0x18,0xe4,0x59,0xce,0x94,0x01,
    0x02,0xce,0x10,0x18,0x8d,0x60,0x8d,0x60,0xa9,0x06,0xc1,0x0a,0x18,0xaf,0x7f,0xef,
    0x4a,0x03,0x4b,0x18,0xdc,0x57,0xd3,0x27,0xdc,0x57,0x4b,0x18,0xaa,0x54,0xea,0x3a,
    0xaa,0x54,0x4b,0x18,0xb2,0x3d,0x9e,0x78,0xb2,0x3d,0xce,0x10,0x18,0xb3,0x99,0x01,
    0xb3,0x99,0x01,0xf1,0x81,0x01,0x4b,0x18,0x9d,0x31,0xfb,0xb2,0x01,0x9d,0x31,0xc1,
    0x0a,0x0d,0xe4,0x31,0xa4,0x82,0x01,0x02,0xc1,0x0a,0x0b,0xbe,0x2e,0x8a,0x9e,0x01,
    0x02,0x01,0x18,0x8a,0x40,0xe8,0xf4,0x01,0x33,0xcd,0x05,0x83,0x0d,0xc4,0x1b,0x8b,
    0x14,0xf1,0x7b,0x8b,0x14,0x01,0x50,0x9a,0x55,0x9a,0x55,0xb4,0x0a,0x56,0xb5,0xbc,
    0x01,0x01,0x60,0x00,0x00,0xc1,0x0a,0x0d,0xe6,0x37,0xb9,0x3c,0x00,0xc1,0x0a,0x18,
    0xe9,0x20,0xfc,0x16,0x00,0xce,0x10,0x18,0xb0,0x0f,0xb0,0x0f,0xb9,0x11,0xc1,0x0a,
    0x0d,0xbe,0x14,0xb5,0x39,0x01,0xc1,0x0a,0x18,0xe4,0x59,0xce,0x94,0x01,0x01,0xce,
    0x10,0x18,0x9f,0x6e,0x9f,0x6e,0xbb,0x14,0xc1,0x0a,0x0d,0xbe,0x14,0xb3,0x39,0x02,
    0xc1,0x0a,0x18,0xe4,0x59,0xd0,0x94,0x01,0x02,0xce,0x10,0x18,0x8f,0x60,0x8f,0x60,
    0xab,0x06,0xc1,0x0a,0x18,0xaf,0x7f,0xef,0x4a,0x03,0x4b,0x18,0xdc,0x57,0xd3,0x27,
    0xdc,0x57,0x4b,0x18,0xaa,0x54,0xe8,0x3a,0xaa,0x54,0x4b,0x18,0xb2,0x3d,0x9c,0x78,
    0xb2,0x3d,0xce,0x10,0x18,0xe5,0x8b,0x01,0xe5,0x8b,0x01,0x8a,0x0d,0x4b,0x18,0xce,
    0x7d,0xbc,0xbc,0x01,0xce,0x7d,0x3f,0x0d,0xba,0x08,0xd6,0x87,0x01,0xc3,0x10,0x0d,
    0xcf,0xa7,0x01,0xcf,0xa7,0x01,0xd2,0xb2,0x01,0xbd,0x0c,0x0b,0xfa,0xb7,0x01,0xfa,
    0xb7,0x01,0xc1,0x0a,0x0b,0xf7,0x4f,0x90,0xc3,0x01,0x03,0xc2,0x10,0x0b,0x8c,0x45,
    0x8c,0x45,0xce,0xb9,0x02,0xc0,0x10,0x0b,0x81,0xe6,0x01,0xed,0xf0,0x01,0x81,0xe6,
    0x01,0x99,0x1e,0xca,0x1a,0x18,0xc9,0x1a,0xe5,0x1e,0x18,0x92,0x23,0xfe,0x54,0x00,
    0x00,0x81,0x3e,0x00,0x00,0xf8,0x43,0x00,0x00,0xf0,0x51,0x00,0x00,0xe5,0x1e,0x0b,
    0xdc,0x3b,0x30,0x5b,0x00,0x00,0x81,0x3e,0x00,0x00,0x2c,0x3c,0x00,0x00,0xf0,0x51,
    0x00,0x00,0xc0,0x16,0x09,0x92,0x10,0x92,0x10,0xb6,0x54,0xb6,0x1e,0x87,0x58,0xb7,
    0x77,0x00,0xba,0x1e,0x00,0xb7,0x77,0x87,0x58,0x18,0xb8,0x77,0xc9,0x10,0x0b,0xa7,
    0xc2,0x01,0xdd,0x3a,0xb0,0x5b,0xbc,0x0e,0x0c,0xc3,0x07,0xc3,0x07,0xc6,0x10,0x0b,
    0xbc,0x28,0xe5,0x19,0xa8,0x7c,0xbc,0x0e,0x0c,0xd3,0x33,0xd3,0x33,0xc0,0x0a,0x12,
    0xe0,0x01,0xb7,0x09,0xe0,0x01,0x01,0xfe,0x03,0xc4,0xca,0x01,0xc2,0xf8,0x01,0xb4,
    0x0c,0x96,0x01,0xcd,0x56,0xcd,0x56,0xef,0x0a,0x1d,0x85,0x41,0x85,0x41,0xf0,0x32,
    0x02,0x8b,0x14,0x2d,0x13,0x88,0x7b,0x88,0x7b,0x88,0x7b,0x10,0xc1,0x0a,0x0d,0xd9,
    0xbe,0x01,0xd9,0xbe,0x01,0x00,0xbd,0x0c,0x0b,0xe6,0x0d,0xe6,0x0d,0x01,0x18,0xfa,
    0x4f,0xb6,0x7e,0x33,0xcd,0x05,0xd3,0x29,0xc4,0x1b,0x8b,0x14,0xe0,0x38,0x8b,0x14,
    0x01,0x50,0x9e,0xe8,0x01,0x9e,0xe8,0x01,0xb4,0x0a,0x56,0xb5,0xbc,0x01,0x02,0x60,
    0x00,0x00,0xc1,0x0a,0x0d,0xe6,0x37,0xfa,0x39,0x00,0xc1,0x0a,0x18,0xe9,0x20,0xfc,
    0x16,0x00,0xce,0x10,0x18,0xb2,0x0f,0xb2,0x0f,0xb7,0x11,0xc1,0x0a,0x0d,0xbe,0x14,
    0x80,0x3d,0x01,0xc1,0x0a,0x18,0xe4,0x59,0xd0,0x94,0x01,0x01,0xce,0x10,0x18,0x9f,
    0x6e,0x9f,0x6e,0xbb,0x14,0xc1,0x0a,0x0d,0xbe,0x14,0x82,0x3d,0x02,0xc1,0x0a,0x18,
    0xe4,0x59,0xd2,0x94,0x01,0x02,0xce,0x10,0x18,0x91,0x60,0x91,0x60,0xad,0x06,0xc1,
    0x0a,0x18,0xaf,0x7f,0xef,0x4a,0x03,0x4b,0x18,0xdc,0x57,0xd3,0x27,0xdc,0x57,0x4b,
    0x18,0x8e,0x42,0xca,0x28,0x8e,0x42,0x4b,0x18,0xd9,0x31,0x8d,0x09,0xd9,0x31,0xc1,
    0x0a,0x0d,0xa8,0x10,0x9d,0x31,0x01,0xce,0x10,0x18,0xe5,0x16,0xbd,0x06,0xe5,0x16,
    0x4b,0x18,0xc0,0x35,0xb6,0x8b,0x01,0xc0,0x35,0xc0,0x10,0x0b,0x97,0x1f,0xc2,0x30,
    0xbc,0xc8,0x01,0x99,0x1e,0xb0,0x8f,0x01,0x18,0xd8,0x37,0x22,0xac,0xe5,0x01,0xf6,
    0xa3,0x01,0x8d,0x1e,0x88,0x06,0x00,0x00,0x44,0x12,0x00,0x00,0x00,0x00,0x00,0x00,
    0x4c,0x4f,0x4d,0x53,0x00,0x03,0x01,0x00,0x0b,0x00,0x08,0x00,0xae,0x61,0x00,0x00,
    0x00,0x00,0x00,0x00,0x70,0x32,0x00,0x00,0x91,0x02,0x01,0x91,0x02,0x20,0xd1,0x10,
    0x02,0x47,0x4c,0x53,0x4c,0x2e,0x73,0x74,0x64,0x2e,0x34,0x35,0x30,0x00,0x00,0x00,
    0x00,0xa0,0x04,0x00,0x01,0xdf,0x0f,0x00,0x9f,0x2c,0xed,0xc2,0xa5,0xf3,0x06,0x00,
    0x8c,0x1a,0xa9,0x20,0x82,0x1f,0xaf,0x2e,0x93,0x2d,0xb0,0x23,0xab,0x22,0xd9,0x1b,
    0xc2,0x26,0x10,0xa4,0x1d,0x06,0x10,0x37,0xff,0x0e,0x0e,0x00,0x05,0x00,0x07,0x01,
    0x10,0x00,0x23,0x00,0x01,0x05,0x00,0x07,0x01,0x10,0x00,0x23,0x40,0x01,0x23,0x30,
    0x01,0x23,0x04,0x01,0x23,0x04,0x01,0x23,0x04,0x01,0x05,0x00,0x07,0x01,0x10,0x00,
    0x23,0x04,0x01,0x23,0x40,0x10,0xa2,0x40,0x01,0x01,0x10,0x81,0x33,0x06,0x80,0x02,
    0x00,0xc3,0x04,0x02,0x47,0x00,0x01,0x00,0x23,0x00,0x10,0xb4,0x1c,0x21,0x00,0x10,
    0x00,0x22,0x01,0x00,0x64,0x0e,0x10,0x00,0x1e,0x0a,0x10,0xb2,0x21,0x01,0x08,0x10,
    0xa1,0x4d,0x06,0x40,0x10,0x02,0x06,0x40,0x10,0x90,0x12,0x06,0x10,0x10,0xec,0x02,
    0x06,0x10,0x10,0x02,0x06,0x10,0x10,0x02,0x06,0x10,0x10,0x02,0x06,0x10,0x00,0x92,
    0x10,0x02,0x37,0x00,0x99,0x00,0x05,0x00,0x07,0x01,0x10,0x00,0x23,0x00,0x01,0x05,
    0x00,0x07,0x01,0x10,0x00,0x23,0x40,0x01,0x05,0x00,0x07,0x01,0x10,0x00,0x23,0x40,
    0x01,0x05,0x00,0x07,0x01,0x10,0x00,0x23,0x40,0x01,0x05,0x00,0x07,0x01,0x10,0x00,
    0x23,0x40,0x01,0x05,0x00,0x07,0x01,0x10,0x00,0x23,0x80,0x02,0x01,0x05,0x00,0x07,
    0x01,0x10,0x00,0x23,0x80,0x02,0x01,0x05,0x00,0x07,0x01,0x10,0x00,0x23,0x40,0x01,
    0x05,0x00,0x07,0x01,0x10,0x00,0x23,0x30,0x01,0x23,0x40,0x01,0x23,0x10,0x01,0x23,
    0x08,0x01,0x23,0x04,0x01,0x23,0x04,0x01,0x23,0x10,0x01,0x23,0x10,0x01,0x23,0x08,
    0x01,0x23,0x08,0x01,0x23,0x04,0x01,0x00,0x00,0x23,0x04,0x01,0x23,0x08,0x01,0x23,
    0x04,0x01,0x23,0x04,0x01,0x23,0x04,0x01,0x23,0x04,0x01,0x23,0x04,0x01,0x00,0x00,
    0x23,0x04,0x01,0x00,0x00,0x23,0x04,0x01,0x00,0x00,0x23,0x04,0x01,0x00,0x00,0x23,
    0x10,0x01,0x00,0x00,0x23,0x0c,0x01,0x00,0x00,0x23,0x04,0x01,0x00,0x00,0x23,0x08,
    0x01,0x00,0x00,0x23,0x04,0x01,0x00,0x00,0x23,0x04,0x01,0x00,0x00,0x23,0x04,0x01,
    0x23,0x04,0x01,0x00,0x00,0x23,0x04,0x01,0x00,0x00,0x23,0x04,0x01,0x23,0x90,0x01,
    0x01,0x00,0x00,0x23,0x0c,0x01,0x23,0x04,0x01,0x23,0x10,0x01,0x23,0x10,0x01,0x00,
    0x00,0x23,0x08,0x01,0x00,0x00,0x23,0x04,0x01,0x23,0x04,0x01,0x00,0x00,0x23,0x08,
    0x01,0x00,0x00,0x23,0x04,0x01,0x23,0x04,0x01,0x00,0x00,0x23,0x10,0x01,0x00,0x00,
    0x23,0x04,0x01,0x23,0x04,0x01,0x00,0x00,0x23,0x08,0x01,0x23,0x04,0x01,0x00,0x00,
    0x23,0x04,0x01,0x00,0x00,0x23,0x04,0x01,0x23,0x04,0x01,0x23,0x0c,0x01,0x23,0x04,
    0x01,0x23,0x04,0x01,0x23,0x04,0x01,0x23,0x04,0x01,0x23,0x04,0x01,0x23,0x0c,0x01,
    0x23,0x04,0x01,0x23,0x04,0x01,0x23,0x04,0x01,0x23,0x04,0x01,0x05,0x00,0x07,0x01,
    0x10,0x00,0x23,0x04,0x01,0x23,0x30,0x01,0x23,0x08,0x01,0x05,0x00,0x07,0x01,0x10,
    0x00,0x23,0x08,0x01,0x05,0x00,0x07,0x01,0x10,0x00,0x23,0x40,0x01,0x00,0x00,0x23,
    0x40,0x01,0x00,0x00,0x23,0x04,0x01,0x00,0x00,0x23,0x04,0x01,0x00,0x00,0x23,0x04,
    0x01,0x23,0x04,0x01,0x23,0x40,0x01,0x00,0x00,0x23,0x04,0x01,0x00,0x00,0x23,0x04,
    0x01,0x00,0x00,0x23,0x04,0x01,0x23,0x04,0x01,0x23,0x40,0x01,0x00,0x00,0x23,0x40,
    0x01,0x00,0x00,0x23,0x04,0x01,0x00,0x00,0x23,0x04,0x01,0x00,0x00,0x23,0x04,0x01,
    0x05,0x00,0x07,0x01,0x10,0x00,0x23,0x04,0x01,0x23,0x40,0x01,0x00,0x00,0x23,0x10,
    0x10,0xcc,0x11,0x21,0x00,0x10,0x00,0x22,0x00,0x10,0xc8,0x01,0x0b,0x2a,0x37,0x8b,
    0x2e,0x05,0x00,0x05,0x00,0x07,0x01,0x10,0x00,0x23,0x00,0x01,0x23,0x30,0x01,0x23,
    0x0c,0x10,0xdb,0x0d,0x06,0x40,0x00,0xe8,0x13,0x02,0x47,0x00,0x01,0x00,0x23,0x00,
    0x10,0xb6,0x1e,0x21,0x01,0x10,0x00,0x22,0x01,0x10,0xb6,0x0f,0x21,0x05,0x10,0x00,
    0x22,0x01,0x00,0x8f,0x37,0x02,0x47,0x00,0x01,0x00,0x23,0x00,0x10,0xc2,0x12,0x06,
    0x10,0x00,0xe8,0x01,0x02,0x37,0x00,0x02,0x00,0x00,0x00,0x23,0x00,0x10,0xd2,0x1b,
    0x21,0x02,0x10,0x00,0x22,0x01,0x10,0xcb,0x02,0x21,0x03,0x10,0x00,0x22,0x01,0x10,
    0xa6,0x01,0x1e,0x00,0x10,0xda,0x1e,0x1e,0x05,0x10,0xb7,0x02,0x1e,0x06,0x10,0xc5,
    0x13,0x0b,0x2b,0x10,0x89,0x02,0x1e,0x06,0x10,0xa3,0x0d,0x1e,0x09,0x00,0xe3,0x14,
    0x02,0x47,0x00,0x04,0x00,0x0b,0x01,0x00,0x01,0x0b,0x01,0x01,0x01,0x0b,0x01,0x03,
    0x01,0x0b,0x01,0x04,0x00,0xc6,0xad,0x01,0x00,0x93,0x02,0x0e,0xa1,0x04,0xf4,0x13,
    0x08,0xa6,0x02,0xe9,0x13,0x20,0xb7,0x02,0x20,0x0d,0x04,0xb8,0x02,0x90,0x01,0x1d,
    0x04,0xb7,0x02,0x99,0x01,0x0d,0x03,0xb5,0x02,0x17,0x20,0x01,0x3e,0x92,0x0a,0x07,
    0x18,0xb5,0x02,0x93,0x0a,0x20,0x00,0xb7,0x02,0x18,0x0b,0x04,0xd1,0x04,0xe8,0x05,
    0x08,0x95,0x05,0x17,0x1d,0xae,0x02,0xdc,0x09,0x1d,0xbb,0x04,0x0b,0xa2,0x18,0x00,
    0x00,0x00,0x00,0xbb,0x04,0x0c,0x02,0x00,0x00,0x00,0x00,0xbb,0x04,0x0b,0x04,0x01,
    0x00,0x00,0x00,0xbb,0x04,0x0c,0x02,0x01,0x00,0x00,0x00,0xbb,0x04,0x0b,0x04,0x02,
    0x00,0x00,0x00,0xbb,0x04,0x0c,0x02,0x02,0x00,0x00,0x00,0xbb,0x04,0x0c,0x06,0x03,
    0x00,0x00,0x00,0xb8,0x02,0x9b,0x27,0x18,0x03,0xbb,0x04,0x0b,0xa0,0x27,0x04,0x00,
    0x00,0x00,0xbc,0x02,0x87,0x0b,0x1d,0x96,0x14,0x9e,0x03,0xff,0x0e,0x65,0x46,0x0c,
    0x0c,0x0c,0x0d,0x65,0xd2,0x0e,0xb2,0x06,0x0c,0xa2,0x40,0x40,0x00,0x00,0x00,0xbc,
    0x02,0x81,0x33,0x92,0x07,0xa3,0x27,0xae,0x02,0xc3,0x04,0xe2,0x0d,0x3e,0xfa,0x09,
    0x02,0xc0,0x0b,0x39,0xbd,0x10,0xba,0x12,0x02,0x3e,0xef,0x27,0x02,0x65,0x3e,0xb1,
    0x01,0x02,0x0c,0xbb,0x04,0x0c,0xa2,0x1e,0x05,0x00,0x00,0x00,0x3e,0x9f,0x1e,0x02,
    0x0d,0x3e,0x02,0x03,0x0c,0x39,0x8b,0x05,0x82,0x2a,0x03,0xb2,0x06,0x0c,0xb2,0x21,
    0x02,0x00,0x00,0x00,0xbc,0x02,0xa1,0x4d,0x65,0x96,0x14,0xbc,0x02,0x02,0x65,0x96,
    0x14,0xb7,0x02,0x83,0x08,0x0d,0x02,0xb7,0x02,0x02,0x0b,0x03,0xbb,0x04,0x0b,0xa2,
    0x28,0x09,0x00,0x00,0x00,0xbc,0x02,0x8f,0x0e,0x18,0xa5,0x14,0xbc,0x02,0xec,0x02,
    0x1d,0x96,0x14,0xbc,0x02,0x02,0x1d,0x96,0x14,0xbc,0x02,0x02,0x1d,0x96,0x14,0xbc,
    0x02,0x02,0x1d,0x96,0x14,0xde,0x83,0xc0,0x02,0x92,0x10,0x65,0x65,0x65,0x65,0x94,
    0x04,0x95,0x04,0x65,0x46,0x65,0x1d,0x13,0x0d,0x0d,0x1d,0x1d,0x13,0x13,0x0d,0x0d,
    0x13,0x0d,0x0d,0x0d,0x0d,0x0d,0x0d,0x0d,0x0d,0x1d,0x14,0x0c,0x13,0x0c,0x0c,0x0c,
    0x0c,0x0d,0x0d,0x9d,0x0d,0x18,0x0d,0x1d,0x1d,0x13,0x0c,0x0d,0x13,0x0d,0x0d,0x1d,
    0x0c,0x0d,0x13,0x0d,0x0d,0x0d,0x0b,0x18,0x0d,0x0d,0x0b,0x0d,0x0d,0x18,0x0d,0x0d,
    0x0d,0x0d,0x0d,0x46,0x13,0x13,0x65,0x65,0x0d,0x0d,0x0d,0x0d,0xd3,0x0e,0x0c,0x0d,
    0x0d,0x0d,0xd4,0x0e,0xd5,0x0e,0x0c,0x0c,0x0c,0x0c,0x65,0x1d,0xd6,0x0e,0x3e,0x8b,
    0x25,0x02,0xdf,0x16,0x39,0x99,0x04,0xd8,0x36,0x02,0x3e,0xf1,0x34,0x01,0x0c,0x39,
    0x8c,0x05,0xba,0x36,0x01,0xb8,0x02,0xa5,0x3f,0x18,0x04,0xb8,0x02,0x0b,0x1d,0x03,
    0xce,0x02,0xa6,0x11,0x50,0x18,0x0d,0xbb,0x04,0x0b,0xb7,0x0d,0x00,0x01,0x00,0x00,
    0xbc,0x02,0x23,0xa3,0x09,0xc7,0x02,0xae,0x02,0xe8,0x13,0xb5,0x02,0x3e,0xfa,0x09,
    0x02,0xa9,0x0c,0x39,0xa6,0x11,0xbc,0x14,0x02,0x3e,0xed,0x2b,0x02,0x50,0xbb,0x04,
    0x0b,0x8c,0x1d,0x03,0x00,0x00,0x00,0xbb,0x04,0x0d,0x0d,0x00,0x00,0x00,0x00,0x94,
    0x02,0x85,0x28,0xbb,0x04,0x0d,0x82,0x02,0x00,0x00,0x80,0x3f,0xb7,0x02,0xef,0x01,
    0x0c,0x02,0xbb,0x04,0x0b,0xe4,0x29,0x00,0x08,0x00,0x00,0x89,0x03,0xdb,0x27,0x0d,
    0x01,0x00,0x00,0x00,0x01,0x00,0xab,0x02,0xd0,0x05,0x96,0x01,0x3e,0xfa,0x09,0x00,
    0xfe,0x03,0x39,0xfb,0x08,0xc8,0x34,0x00,0xae,0x02,0x8f,0x37,0x0c,0x3e,0xfa,0x09,
    0x09,0xd7,0x07,0x39,0xd4,0x0c,0xa2,0x17,0x09,0x3e,0xaf,0x26,0x09,0x0c,0xb7,0x02,
    0xed,0x09,0x0c,0x03,0xbb,0x04,0x0c,0xde,0x29,0x00,0x08,0x00,0x00,0xbc,0x02,0x99,
    0x08,0x1d,0xc7,0x02,0xae,0x02,0xe8,0x01,0xf8,0x10,0x3e,0xfa,0x09,0x02,0xec,0x11,
    0x39,0xe9,0x16,0xd8,0x11,0x02,0x89,0x03,0xfd,0x3b,0x0d,0x01,0x00,0x01,0x00,0x01,
    0x00,0xab,0x02,0xd2,0x04,0xd6,0x01,0x3e,0xfa,0x09,0x00,0xff,0x03,0x39,0xfc,0x08,
    0xe6,0x2a,0x00,0x3e,0xa9,0x32,0x01,0x1d,0x39,0x9a,0x05,0xd0,0x33,0x01,0xbb,0x04,
    0x0c,0xf3,0x2c,0x00,0x02,0x00,0x00,0xbb,0x04,0x0c,0xff,0x0b,0x00,0x01,0x00,0x00,
    0x3e,0x98,0x05,0x01,0x17,0x39,0x94,0x05,0xb6,0x52,0x01,0x39,0x9a,0x05,0xb7,0x02,
    0x01,0x39,0x8c,0x05,0xc5,0x13,0x01,0x3e,0xa9,0x3c,0x03,0x1d,0x39,0x9b,0x05,0xa0,
    0x3a,0x03,0x3e,0xb9,0x3a,0x03,0x0d,0x39,0x9b,0x05,0x96,0x2d,0x03,0xbb,0x04,0x0d,
    0xff,0x36,0x00,0x00,0x00,0x40,0xbb,0x04,0x0d,0xd0,0x0c,0x00,0x00,0x80,0xbf,0xbc,
    0x02,0x25,0x0d,0x90,0x14,0xbc,0x02,0x13,0x0d,0x8d,0x14,0xde,0x02,0x86,0x16,0x1d,
    0x0d,0xae,0x06,0xa4,0x06,0x3e,0xf8,0x09,0x03,0xa7,0x11,0x39,0xa3,0x16,0xbe,0x20,
    0x03,0xad,0x06,0x1d,0xff,0x4c,0xc6,0x06,0x08,0xba,0x58,0x00,0x82,0x0a,0x18,0x82,
    0x66,0x39,0x95,0x05,0xb2,0x7d,0x07,0x01,0x0c,0xdb,0xce,0x01,0xb6,0x26,0x22,0xfe,
    0x38,0x00,0x01,0x0c,0x90,0xc4,0x01,0x8e,0xfd,0x01,0xc7,0x10,0x0c,0xc7,0x51,0xc7,
    0x51,0x94,0x8a,0x01,0x33,0xe2,0x05,0xeb,0x2a,0xda,0x19,0x8b,0x14,0xef,0x6f,0x8b,
    0x14,0x01,0x65,0x96,0x80,0x01,0x96,0x80,0x01,0x33,0x89,0x05,0xbe,0x24,0xda,0x19,
    0x8b,0x14,0xef,0x6f,0x91,0x14,0x01,0x0c,0x9c,0x23,0x9c,0x23,0x33,0x89,0x05,0xb3,
    0x24,0xda,0x19,0x8b,0x14,0xef,0x6f,0x94,0x14,0x01,0x0c,0xe5,0xd1,0x01,0xe5,0xd1,
    0x01,0x01,0x1d,0xc0,0x53,0x84,0x9c,0x01,0xc7,0x18,0x0c,0xee,0x9f,0x01,0xae,0xf3,
    0x01,0xe6,0xe8,0x02,0xcb,0x14,0x09,0xdd,0xb7,0x01,0xdd,0xb7,0x01,0x82,0x9a,0x01,
    0xa7,0x1e,0xb1,0x8e,0x01,0x00,0xba,0x1e,0x00,0xfb,0x25,0xb1,0x8e,0x01,0x18,0xfc,
    0x25,0x01,0x0c,0xf1,0x0c,0xd0,0x9a,0x01,0x13,0x8d,0x05,0xa1,0x70,0xa5,0x18,0x8b,
    0x14,0x01,0x0c,0xd0,0x7e,0xd0,0x7e,0xc0,0x10,0x0c,0xc6,0x63,0xf4,0x71,0xc6,0x63,
    0xcb,0x10,0x0c,0xb1,0x9d,0x01,0xb1,0x9d,0x01,0xda,0x85,0x01,0xc7,0x10,0x0c,0x81,
    0x2a,0xb3,0xc7,0x01,0xd8,0x5b,0xd0,0x0a,0x16,0xda,0xe8,0x01,0xd8,0xbe,0x01,0xda,
    0xe8,0x01,0xa6,0xc6,0x02,0x99,0x1e,0xa4,0x13,0x18,0xa3,0x13,0xe5,0x1e,0x16,0xf7,
    0x8d,0x01,0x9e,0x5b,0x00,0x00,0x0a,0x3a,0x00,0x00,0x9c,0x33,0x00,0x00,0x96,0x5f,
    0x00,0x00,0xe5,0x1e,0x1d,0xaa,0x1d,0x84,0x36,0x00,0x00,0x0a,0x3a,0x00,0x00,0x36,
    0x3d,0x00,0x00,0x96,0x5f,0x00,0x00,0xe5,0x1e,0x0c,0x85,0x51,0x0b,0x0a,0x00,0x00,
    0x0a,0x3a,0x00,0x00,0xb5,0x5d,0x00,0x00,0x96,0x5f,0x00,0x00,0xc1,0x16,0x09,0xf5,
    0x14,0xf5,0x14,0x93,0xf8,0x01,0xb6,0x1e,0x8b,0x07,0xdd,0xf9,0x01,0x00,0xba,0x1e,
    0x00,0xbf,0x18,0x8b,0x07,0x18,0xc0,0x18,0x33,0x8a,0x05,0x8c,0xc1,0x01,0xd5,0x1f,
    0x8b,0x14,0xe2,0x4c,0x8a,0x14,0x01,0x0d,0x85,0x8e,0x01,0x85,0x8e,0x01,0xc7,0x16,
    0x09,0x81,0x16,0x81,0x16,0xfa,0x91,0x01,0xa7,0x1e,0xae,0x4a,0x00,0xba,0x1e,0x00,
    0xf8,0x0b,0xae,0x4a,0x18,0xf7,0x0b,0xd2,0x0a,0x16,0xfe,0x3c,0xd4,0x51,0xf8,0x1d,
    0x02,0x01,0xff,0x03,0xb0,0x51,0xea,0xff,0x01,0xb4,0x0c,0xd6,0x01,0xeb,0x58,0xeb,
    0x58,0xef,0x0a,0x1d,0xfe,0x20,0xfe,0x20,0xc2,0x19,0x02,0x8b,0x14,0xce,0x10,0x1d,
    0xbb,0x7e,0xbb,0x7e,0xf5,0x49,0x4b,0x1d,0x9a,0x87,0x01,0xee,0x22,0x9a,0x87,0x01,
    0x99,0x1e,0xd4,0x9d,0x01,0x18,0xd3,0x9d,0x01,0xe5,0x1e,0x16,0xd4,0x5e,0x50,0x33,
    0x00,0x00,0x47,0x27,0x00,0x00,0xcc,0x3a,0x00,0x00,0x8d,0x2b,0x00,0x00,0xe5,0x1e,
    0x1d,0xb4,0x26,0xa5,0x3a,0x00,0x00,0x47,0x27,0x00,0x00,0x5c,0x43,0x00,0x00,0x8d,
    0x2b,0x00,0x00,0x99,0x1e,0xbf,0x89,0x01,0x18,0xc0,0x89,0x01,0xc0,0x10,0x0c,0xc1,
    0x07,0xa6,0xdd,0x01,0xce,0xce,0x02,0x99,0x1e,0xd2,0x1b,0x18,0x8f,0xeb,0x01,0x99,
    0x1e,0xef,0xc4,0x01,0x18,0xf0,0xc4,0x01,0xe5,0x1e,0x1d,0xf9,0x1c,0x84,0x36,0x00,
    0x00,0xa0,0x2f,0x00,0x00,0xa5,0x3a,0x00,0x00,0xed,0x22,0x00,0x00,0xc7,0x18,0x0c,
    0xa5,0x78,0xe2,0x34,0x9a,0xb6,0x01,0xcb,0x14,0x09,0xd2,0x6e,0xd2,0x6e,0xe6,0x81,
    0x02,0xa7,0x1e,0xe0,0x4b,0x00,0xba,0x1e,0x00,0x80,0x43,0xe0,0x4b,0x18,0xff,0x42,
    0x01,0x17,0xba,0x04,0xd8,0x8e,0x01,0x01,0x1d,0xb4,0x11,0xc4,0xa2,0x01,0x3d,0x18,
    0xf6,0x20,0xef,0x15,0xef,0x15,0x18,0x22,0x91,0x1e,0x00,0xe9,0x06,0x08,0xc1,0x84,
    0x01,0xfc,0x51,0xd3,0xa2,0x01,0x97,0x52,0xcb,0x63,0x01,0x18,0xcc,0x57,0x87,0x4b,
    0xc1,0x0a,0x0d,0xbb,0x0a,0xbb,0x0a,0x00,0xd2,0x0a,0x1d,0xf3,0x3c,0xf3,0x3c,0xb6,
    0xa9,0x01,0x00,0xc1,0x0a,0x0d,0xb0,0xab,0x01,0x80,0x64,0x01,0xd2,0x0a,0x1d,0x89,
    0x3a,0x89,0x3a,0xa6,0x71,0x01,0xc1,0x0a,0x0d,0xfa,0x6b,0xf0,0x95,0x01,0x02,0xd2,
    0x0a,0x1d,0xe7,0xd6,0x01,0xe7,0xd6,0x01,0xed,0x6a,0x02,0x99,0x1e,0xa9,0x2e,0x18,
    0xaa,0x2e,0xe5,0x1e,0x1d,0x8a,0x55,0xe8,0x4c,0x00,0x00,0x25,0x54,0x00,0x00,0xf9,
    0x2b,0x00,0x00,0xbe,0x39,0x00,0x00,0x3d,0x18,0xce,0x29,0xce,0x29,0xce,0x29,0x18,
    0xc1,0x0a,0x0d,0x93,0x77,0x93,0x77,0x00,0xc1,0x0a,0x1d,0xbc,0x1c,0xeb,0x32,0x00,
    0xce,0x10,0x1d,0xec,0x1b,0xec,0x1b,0xa8,0x38,0xc1,0x0a,0x0d,0xbe,0x14,0xad,0x2a,
    0x01,0xc1,0x0a,0x1d,0x99,0xd0,0x01,0xdb,0xd2,0x01,0x01,0xce,0x10,0x1d,0xde,0xbb,
    0x01,0xde,0xbb,0x01,0xbb,0x14,0xc1,0x0a,0x0d,0xbe,0x14,0xab,0x2a,0x02,0xc1,0x0a,
    0x1d,0x99,0xd0,0x01,0xd9,0xd2,0x01,0x02,0xce,0x10,0x1d,0xfa,0xc9,0x01,0xfa,0xc9,
    0x01,0x9f,0x06,0xc1,0x0a,0x1d,0xaf,0x7f,0x8f,0x88,0x01,0x03,0x4b,0x1d,0x95,0x0d,
    0xc5,0x8c,0x01,0x95,0x0d,0x4b,0x1d,0xf6,0x41,0xb1,0x3c,0xf6,0x41,0x4b,0x1d,0x8a,
    0x24,0xa5,0x18,0x8a,0x24,0xb0,0x0a,0xf9,0x07,0xe6,0x0b,0xe6,0x0b,0xc1,0x0a,0x1d,
    0xa1,0x12,0xa1,0x12,0x00,0x3d,0x18,0xa2,0x83,0x01,0xa2,0x83,0x01,0xa2,0x83,0x01,
    0x18,0x13,0x8e,0x05,0xdd,0x8f,0x02,0xab,0x22,0x8a,0x14,0xc1,0x0a,0x0d,0xec,0x7b,
    0xf1,0x93,0x01,0x00,0x22,0xec,0x7b,0x00,0x13,0x8e,0x05,0xf0,0x2f,0xab,0x22,0x8d,
    0x14,0xc1,0x0a,0x0d,0xdf,0x6e,0xe1,0xd2,0x01,0x01,0x22,0xdf,0x6e,0x00,0x13,0x8e,
    0x05,0xe2,0x6e,0xab,0x22,0x90,0x14,0xc1,0x0a,0x0d,0xfb,0x6f,0xfb,0xd3,0x01,0x02,
    0x22,0xfb,0x6f,0x00,0x01,0x0c,0x92,0xaa,0x01,0xc6,0xa4,0x02,0xcb,0x10,0x0c,0x8b,
    0x25,0x8b,0x25,0x88,0xde,0x01,0x23,0xe2,0x05,0xc4,0x4e,0xc5,0x1f,0x9a,0x14,0xe9,
    0x99,0x01,0x01,0x65,0xc7,0x2d,0xc7,0x2d,0xc1,0x12,0x1d,0xcf,0xd1,0x01,0xcf,0xd1,
    0x01,0xa7,0x7c,0x22,0xcc,0x4b,0x00,0x01,0x0c,0xd8,0x1d,0xbe,0x6c,0xcb,0x10,0x0c,
    0xf2,0x2c,0xf2,0x2c,0xfe,0x77,0xbf,0x0c,0x0d,0xdb,0x36,0xa2,0x41,0xc8,0x10,0x0d,
    0xbe,0x47,0xf8,0xdd,0x01,0xbe,0x47,0xc8,0x10,0x0d,0xab,0x2a,0xab,0x2a,0xcc,0xb3,
    0x01,0x4b,0x0d,0x94,0x78,0x90,0x9f,0x02,0x94,0x78,0xbf,0x0c,0x0d,0x8f,0x0c,0xba,
    0x52,0x4a,0x0d,0xa0,0x10,0xf8,0x51,0xa0,0x10,0x4b,0x0d,0xa3,0x8a,0x01,0x93,0x86,
    0x01,0xa3,0x8a,0x01,0xc8,0x10,0x0d,0xf0,0x37,0xda,0xdb,0x01,0x82,0x47,0xc1,0x0a,
    0x0d,0xfc,0x96,0x01,0xec,0xf1,0x01,0x00,0x4a,0x0d,0xf6,0x08,0xf6,0x08,0xf2,0x9f,
    0x01,0xd2,0x0a,0x1d,0x89,0x8b,0x02,0x89,0x8b,0x02,0xa7,0x10,0x00,0xc1,0x0a,0x0d,
    0x90,0xef,0x01,0x90,0xef,0x01,0x03,0x4a,0x0d,0x8f,0x83,0x01,0xd8,0x38,0x8f,0x83,
    0x01,0xc1,0x0a,0x0d,0xef,0x7c,0xef,0x10,0x00,0x4b,0x0d,0xd8,0xd4,0x01,0xd8,0xd4,
    0x01,0xe8,0x57,0xd2,0x0a,0x1d,0xf9,0x4f,0xf9,0x4f,0xee,0x73,0x00,0xc1,0x0a,0x0d,
    0xa2,0x4e,0xa2,0x4e,0x00,0xc3,0x10,0x0d,0xf1,0x7e,0xe0,0xb3,0x01,0xad,0x7a,0xc1,
    0x0a,0x0d,0x97,0x49,0xe7,0x79,0x03,0x4a,0x0d,0xb0,0x93,0x01,0x98,0x4a,0xb0,0x93,
    0x01,0x4b,0x0d,0x87,0x22,0xe1,0x56,0x87,0x22,0xc0,0x10,0x0c,0xf4,0x30,0xb0,0x41,
    0xdc,0xe6,0x01,0xbf,0x0c,0x0d,0xd8,0x54,0xd8,0x54,0x4a,0x0d,0xe7,0x13,0xbe,0x71,
    0xe7,0x13,0xc3,0x10,0x0d,0xc1,0x69,0x92,0xe4,0x01,0xc1,0x69,0x4a,0x0d,0x8b,0x50,
    0x8b,0x50,0xbe,0x29,0x4b,0x0d,0xd5,0x2d,0xa1,0xcc,0x01,0xd5,0x2d,0x23,0x8e,0x05,
    0xb2,0x77,0xc2,0x26,0x91,0x14,0x8b,0x14,0x22,0x00,0xf2,0x01,0x3f,0x0d,0xe0,0x71,
    0x92,0xe9,0x01,0x23,0x8e,0x05,0xaa,0x28,0xc2,0x26,0x91,0x14,0x8e,0x14,0x22,0x00,
    0xaa,0x28,0xc1,0x0a,0x0d,0xf9,0x90,0x02,0xbd,0x7d,0x01,0x3f,0x0d,0xe6,0xd9,0x01,
    0xe6,0xd9,0x01,0xd2,0x0a,0x1d,0xe1,0x3d,0xe1,0x3d,0xc6,0x1e,0x01,0x13,0x9b,0x05,
    0xab,0x1f,0xc2,0x26,0x8b,0x14,0x22,0x00,0xab,0x1f,0x22,0xc6,0xb1,0x01,0x80,0x06,
    0x8d,0x1e,0x88,0x06,0xc6,0x06,0x08,0xbb,0x9e,0x01,0x00,0x8b,0x03,0xa7,0x06,0x95,
    0x05,0x9d,0x04,0xa7,0x06,0x17,0xd4,0x16,0xa7,0x06,0x1d,0xd7,0x12,0x18,0xb4,0xbd,
    0x02,0xc1,0x0a,0x0d,0xd3,0xaf,0x01,0xe0,0x8d,0x01,0x03,0xce,0x16,0x09,0xa0,0x4a,
    0xa0,0x4a,0xe8,0xf6,0x01,0xa7,0x1e,0xfe,0x24,0x00,0xba,0x1e,0x00,0xbc,0x9c,0x01,
    0xfe,0x24,0x18,0xbb,0x9c,0x01,0xc1,0x0a,0x0d,0xdc,0x72,0xa0,0xae,0x01,0x00,0xc1,
    0x0a,0x0b,0x83,0x39,0xc4,0x62,0x00,0x01,0x18,0xc6,0x7b,0xde,0xf4,0x01,0x33,0xcd,
    0x05,0x85,0x0d,0xc4,0x1b,0x8b,0x14,0x8e,0x5e,0x8b,0x14,0x01,0x50,0x9a,0x55,0x9a,
    0x55,0xb4,0x0a,0x56,0xb5,0xbc,0x01,0xfb,0x5f,0x00,0x00,0xc1,0x0a,0x0d,0xe6,0x37,
    0xbb,0x3c,0x00,0xc1,0x0a,0x18,0xe9,0x20,0xfc,0x16,0x00,0xce,0x10,0x18,0xa4,0x0f,
    0xa4,0x0f,0xc5,0x11,0xc1,0x0a,0x0d,0xbe,0x14,0xc3,0x39,0x01,0xc1,0x0a,0x18,0xe4,
    0x59,0xc2,0x94,0x01,0x01,0xce,0x10,0x18,0x9f,0x6e,0x9f,0x6e,0xbb,0x14,0xc1,0x0a,
    0x0d,0xbe,0x14,0xc1,0x39,0x02,0xc1,0x0a,0x18,0xe4,0x59,0xc4,0x94,0x01,0x02,0xce,
    0x10,0x18,0x83,0x60,0x83,0x60,0x9f,0x06,0xc1,0x0a,0x18,0xaf,0x7f,0xef,0x4a,0x03,
    0x4b,0x18,0xdc,0x57,0xd3,0x27,0xdc,0x57,0x4b,0x18,0xaa,0x54,0xf4,0x3a,0xaa,0x54,
    0x4b,0x18,0x96,0x2f,0x8c,0x6a,0x96,0x2f,0xce,0x10,0x18,0xb1,0x09,0xb1,0x09,0x9a,
    0x55,0xc1,0x0a,0x0d,0x14,0xce,0x83,0x02,0x01,0xc1,0x0a,0x0b,0xaf,0x46,0xc6,0xaa,
    0x01,0x01,0x01,0x18,0xc6,0x33,0xe0,0xf4,0x01,0x33,0xcd,0x05,0x85,0x0d,0xc4,0x1b,
    0x8b,0x14,0x8f,0x82,0x01,0x8b,0x14,0x01,0x50,0x9a,0x55,0x9a,0x55,0xb4,0x0a,0x56,
    0xb5,0xbc,0x01,0xfc,0x5f,0x00,0x00,0xc1,0x0a,0x0d,0xe6,0x37,0xbb,0x3c,0x00,0xc1,
    0x0a,0x18,0xe9,0x20,0xfc,0x16,0x00,0xce,0x10,0x18,0xa6,0x0f,0xa6,0x0f,0xc3,0x11,
    0xc1,0x0a,0x0d,0xbe,0x14,0xc1,0x39,0x01,0xc1,0x0a,0x18,0xe4,0x59,0xc4,0x94,0x01,
    0x01,0xce,0x10,0x18,0x9f,0x6e,0x9f,0x6e,0xbb,0x14,0xc1,0x0a,0x0d,0xbe,0x14,0xbf,
    0x39,0x02,0xc1,0x0a,0x18,0xe4,0x59,0xc6,0x94,0x01,0x02,0xce,0x10,0x18,0x85,0x60,
    0x85,0x60,0xa1,0x06,0xc1,0x0a,0x18,0xaf,0x7f,0xef,0x4a,0x03,0x4b,0x18,0xdc,0x57,
    0xd3,0x27,0xdc,0x57,0x4b,0x18,0xaa,0x54,0xf2,0x3a,0xaa,0x54,0x4b,0x18,0xb4,0x3d,
    0xa8,0x78,0xb4,0x3d,0xce,0x10,0x18,0xb1,0x99,0x01,0xb1,0x99,0x01,0xf3,0x81,0x01,
    0x4b,0x18,0x9b,0x31,0xfb,0xb2,0x01,0x9b,0x31,0xc1,0x0a,0x0d,0xe4,0x31,0xa2,0x82,
    0x01,0x02,0xc1,0x0a,0x0b,0xbe,0x2e,0x88,0x9e,0x01,0x02,0x01,0x18,0x86,0x40,0xe2,
    0xf4,0x01,0x33,0xcd,0x05,0x85,0x0d,0xc4,0x1b,0x8b,0x14,0xf0,0x7b,0x8b,0x14,0x01,
    0x50,0x9a,0x55,0x9a,0x55,0xb4,0x0a,0x56,0xb5,0xbc,0x01,0xfd,0x5f,0x00,0x00,0xc1,
    0x0a,0x0d,0xe6,0x37,0xbb,0x3c,0x00,0xc1,0x0a,0x18,0xe9,0x20,0xfc,0x16,0x00,0xce,
    0x10,0x18,0xa8,0x0f,0xa8,0x0f,0xc1,0x11,0xc1,0x0a,0x0d,0xbe,0x14,0xbf,0x39,0x01,
    0xc1,0x0a,0x18,0xe4,0x59,0xc6,0x94,0x01,0x01,0xce,0x10,0x18,0x9f,0x6e,0x9f,0x6e,
    0xbb,0x14,0xc1,0x0a,0x0d,0xbe,0x14,0xbd,0x39,0x02,0xc1,0x0a,0x18,0xe4,0x59,0xc8,
    0x94,0x01,0x02,0xce,0x10,0x18,0x87,0x60,0x87,0x60,0xa3,0x06,0xc1,0x0a,0x18,0xaf,
    0x7f,0xef,0x4a,0x03,0x4b,0x18,0xdc,0x57,0xd3,0x27,0xdc,0x57,0x4b,0x18,0xaa,0x54,
    0xf0,0x3a,0xaa,0x54,0x4b,0x18,0xb4,0x3d,0xa6,0x78,0xb4,0x3d,0xce,0x10,0x18,0xb1,
    0x99,0x01,0xb1,0x99,0x01,0x45,0x4b,0x18,0x95,0x37,0xf7,0x05,0x95,0x37,0xc1,0x0a,
    0x0b,0xfc,0x6e,0xea,0xa6,0x01,0x03,0x01,0x18,0xa7,0x8e,0x01,0x96,0x2f,0x33,0xcd,
    0x05,0xc8,0xb8,0x01,0xc4,0x1b,0x8b,0x14,0xa1,0x80,0x01,0x8b,0x14,0x01,0x50,0x9a,
    0x55,0x9a,0x55,0xb4,0x0a,0x56,0xb5,0xbc,0x01,0xfe,0x5f,0x00,0x00,0xc1,0x0a,0x0d,
    0xe6,0x37,0x92,0x89,0x01,0x00,0xc1,0x0a,0x18,0xe9,0x20,0xfc,0x16,0x00,0xce,0x10,
    0x18,0xaa,0x0f,0xaa,0x0f,0xbf,0x11,0xc1,0x0a,0x0d,0xbe,0x14,0x90,0x8c,0x01,0x01,
    0xc1,0x0a,0x18,0xe4,0x59,0xc8,0x94,0x01,0x01,0xce,0x10,0x18,0x9f,0x6e,0x9f,0x6e,
    0xbb,0x14,0xc1,0x0a,0x0d,0xbe,0x14,0x92,0x8c,0x01,0x02,0xc1,0x0a,0x18,0xe4,0x59,
    0xca,0x94,0x01,0x02,0xce,0x10,0x18,0x89,0x60,0x89,0x60,0xa5,0x06,0xc1,0x0a,0x18,
    0xaf,0x7f,0xef,0x4a,0x03,0x4b,0x18,0xdc,0x57,0xd3,0x27,0xdc,0x57,0x4b,0x18,0xaa,
    0x54,0xee,0x3a,0xaa,0x54,0x4b,0x18,0xb4,0x3d,0xa4,0x78,0xb4,0x3d,0xce,0x10,0x18,
    0x87,0x9f,0x01,0x87,0x9f,0x01,0xd7,0x11,0x4b,0x18,0xec,0x3a,0xae,0x6c,0xec,0x3a,
    0x22,0xf0,0xba,0x01,0x00,0x8d,0x1e,0x18,0xf1,0x03,0xc1,0x0a,0x0d,0xb3,0x11,0xce,
    0xa1,0x01,0x00,0xc1,0x0a,0x0b,0xaf,0x2c,0xc6,0x62,0x00,0x01,0x18,0xca,0x7b,0xe4,
    0xf4,0x01,0x33,0xcd,0x05,0x83,0x0d,0xc4,0x1b,0x8b,0x14,0x8f,0x5e,0x8b,0x14,0x01,
    0x50,0x9a,0x55,0x9a,0x55,0xb4,0x0a,0x56,0xb5,0xbc,0x01,0xff,0x5f,0x00,0x00,0xc1,
    0x0a,0x0d,0xe6,0x37,0xb9,0x3c,0x00,0xc1,0x0a,0x18,0xe9,0x20,0xfc,0x16,0x00,0xce,
    0x10,0x18,0xac,0x0f,0xac,0x0f,0xbd,0x11,0xc1,0x0a,0x0d,0xbe,0x14,0xb9,0x39,0x01,
    0xc1,0x0a,0x18,0xe4,0x59,0xca,0x94,0x01,0x01,0xce,0x10,0x18,0x9f,0x6e,0x9f,0x6e,
    0xbb,0x14,0xc1,0x0a,0x0d,0xbe,0x14,0xb7,0x39,0x02,0xc1,0x0a,0x18,0xe4,0x59,0xcc,
    0x94,0x01,0x02,0xce,0x10,0x18,0x8b,0x60,0x8b,0x60,0xa7,0x06,0xc1,0x0a,0x18,0xaf,
    0x7f,0xef,0x4a,0x03,0x4b,0x18,0xdc,0x57,0xd3,0x27,0xdc,0x57,0x4b,0x18,0xaa,0x54,
    0xec,0x3a,0xaa,0x54,0x4b,0x18,0x90,0x2f,0xfe,0x69,0x90,0x2f,0xce,0x10,0x18,0xb1,
    0x09,0xb1,0x09,0xee,0x61,0xc1,0x0a,0x0d,0x14,0xd0,0x83,0x02,0x01,0xc1,0x0a,0x0b,
    0xaf,0x46,0xc8,0xaa,0x01,0x01,0x01,0x18,0xca,0x33,0xe6,0xf4,0x01,0x33,0xcd,0x05,
    0x83,0x0d,0xc4,0x1b,0x8b,0x14,0x90,0x82,0x01,0x8b,0x14,0x01,0x50,0x9a,0x55,0x9a,
    0x55,0xb4,0x0a,0x56,0xb5,0xbc,0x01,0x00,0x60,0x00,0x00,0xc1,0x0a,0x0d,0xe6,0x37,
    0xb9,0x3c,0x00,0xc1,0x0a,0x18,0xe9,0x20,0xfc,0x16,0x00,0xce,0x10,0x18,0xae,0x0f,
    0xae,0x0f,0xbb,0x11,0xc1,0x0a,0x0d,0xbe,0x14,0xb7,0x39,0x01,0xc1,0x0a,0x18,0xe4,
    0x59,0xcc,0x94,0x01,0x01,0xce,0x10,0x18,0x9f,0x6e,0x9f,0x6e,0xbb,0x14,0xc1,0x0a,
    0x0d,0xbe,0x14,0xb5,0x39,0x02,0xc1,0x0a,0x18,0xe4,0x59,0xce,0x94,0x01,0x02,0xce,
    0x10,0x18,0x8d,0x60,0x8d,0x60,0xa9,0x06,0xc1,0x0a,0x18,0xaf,0x7f,0xef,0x4a,0x03,
    0x4b,0x18,0xdc,0x57,0xd3,0x27,0xdc,0x57,0x4b,0x18,0xaa,0x54,0xea,0x3a,0xaa,0x54,
    0x4b,0x18,0xb2,0x3d,0x9e,0x78,0xb2,0x3d,0xce,0x10,0x18,0xb3,0x99,0x01,0xb3,0x99,
    0x01,0xf1,0x81,0x01,0x4b,0x18,0x9d,0x31,0xfb,0xb2,0x01,0x9d,0x31,0xc1,0x0a,0x0d,
    0xe4,0x31,0xa4,0x82,0x01,0x02,0xc1,0x0a,0x0b,0xbe,0x2e,0x8a,0x9e,0x01,0x02,0x01,
    0x18,0x8a,0x40,0xe8,0xf4,0x01,0x33,0xcd,0x05,0x83,0x0d,0xc4,0x1b,0x8b,0x14,0xf1,
    0x7b,0x8b,0x14,0x01,0x50,0x9a,0x55,0x9a,0x55,0xb4,0x0a,0x56,0xb5,0xbc,0x01,0x01,
    0x60,0x00,0x00,0xc1,0x0a,0x0d,0xe6,0x37,0xb9,0x3c,0x00,0xc1,0x0a,0x18,0xe9,0x20,
    0xfc,0x16,0x00,0xce,0x10,0x18,0xb0,0x0f,0xb0,0x0f,0xb9,0x11,0xc1,0x0a,0x0d,0xbe,
    0x14,0xb5,0x39,0x01,0xc1,0x0a,0x18,0xe4,0x59,0xce,0x94,0x01,0x01,0xce,0x10,0x18,
    0x9f,0x6e,0x9f,0x6e,0xbb,0x14,0xc1,0x0a,0x0d,0xbe,0x14,0xb3,0x39,0x02,0xc1,0x0a,
    0x18,0xe4,0x59,0xd0,0x94,0x01,0x02,0xce,0x10,0x18,0x8f,0x60,0x8f,0x60,0xab,0x06,
    0xc1,0x0a,0x18,0xaf,0x7f,0xef,0x4a,0x03,0x4b,0x18,0xdc,0x57,0xd3,0x27,0xdc,0x57,
    0x4b,0x18,0xaa,0x54,0xe8,0x3a,0xaa,0x54,0x4b,0x18,0xb2,0x3d,0x9c,0x78,0xb2,0x3d,
    0xce,0x10,0x18,0xe5,0x8b,0x01,0xe5,0x8b,0x01,0x8a,0x0d,0x4b,0x18,0xce,0x7d,0xbc,
    0xbc,0x01,0xce,0x7d,0x3f,0x0d,0xba,0x08,0xd6,0x87,0x01,0xc3,0x10,0x0d,0xcf,0xa7,
    0x01,0xcf,0xa7,0x01,0xd2,0xb2,0x01,0xbd,0x0c,0x0b,0xfa,0xb7,0x01,0xfa,0xb7,0x01,
    0xc1,0x0a,0x0b,0xf7,0x4f,0x90,0xc3,0x01,0x03,0xc2,0x10,0x0b,0x8c,0x45,0x8c,0x45,
    0xce,0xb9,0x02,0xc0,0x10,0x0b,0x81,0xe6,0x01,0xed,0xf0,0x01,0x81,0xe6,0x01,0x99,
    0x1e,0xca,0x1a,0x18,0xc9,0x1a,0xe5,0x1e,0x18,0x92,0x23,0xfe,0x54,0x00,0x00,0x81,
    0x3e,0x00,0x00,0xf8,0x43,0x00,0x00,0xf0,0x51,0x00,0x00,0xe5,0x1e,0x0b,0xdc,0x3b,
    0x30,0x5b,0x00,0x00,0x81,0x3e,0x00,0x00,0x2c,0x3c,0x00,0x00,0xf0,0x51,0x00,0x00,
    0xc0,0x16,0x09,0x92,0x10,0x92,0x10,0xb6,0x54,0xb6,0x1e,0x87,0x58,0xb7,0x77,0x00,
    0xba,0x1e,0x00,0xb7,0x77,0x87,0x58,0x18,0xb8,0x77,0xc9,0x10,0x0b,0xa7,0xc2,0x01,
    0xdd,0x3a,0xb0,0x5b,0xbc,0x0e,0x0c,0xc3,0x07,0xc3,0x07,0xc6,0x10,0x0b,0xbc,0x28,
    0xe5,0x19,0xa8,0x7c,0xbc,0x0e,0x0c,0xd3,0x33,0xd3,0x33,0xc0,0x0a,0x12,0xe0,0x01,
    0xb7,0x09,0xe0,0x01,0x01,0xfe,0x03,0xc4,0xca,0x01,0xc2,0xf8,0x01,0xb4,0x0c,0x96,
    0x01,0xcd,0x56,0xcd,0x56,0xef,0x0a,0x1d,0x85,0x41,0x85,0x41,0xf0,0x32,0x02,0x8b,
    0x14,0x2d,0x13,0x88,0x7b,0x88,0x7b,0x88,0x7b,0x10,0xc1,0x0a,0x0d,0xd9,0xbe,0x01,
    0xd9,0xbe,0x01,0x00,0xbd,0x0c,0x0b,0xe6,0x0d,0xe6,0x0d,0x01,0x18,0xfa,0x4f,0xb6,
    0x7e,0x33,0xcd,0x05,0xd3,0x29,0xc4,0x1b,0x8b,0x14,0xe0,0x38,0x8b,0x14,0x01,0x50,
    0x9e,0xe8,0x01,0x9e,0xe8,0x01,0xb4,0x0a,0x56,0xb5,0xbc,0x01,0x02,0x60,0x00,0x00,
    0xc1,0x0a,0x0d,0xe6,0x37,0xfa,0x39,0x00,0xc1,0x0a,0x18,0xe9,0x20,0xfc,0x16,0x00,
    0xce,0x10,0x18,0xb2,0x0f,0xb2,0x0f,0xb7,0x11,0xc1,0x0a,0x0d,0xbe,0x14,0x80,0x3d,
    0x01,0xc1,0x0a,0x18,0xe4,0x59,0xd0,0x94,0x01,0x01,0xce,0x10,0x18,0x9f,0x6e,0x9f,
    0x6e,0xbb,0x14,0xc1,0x0a,0x0d,0xbe,0x14,0x82,0x3d,0x02,0xc1,0x0a,0x18,0xe4,0x59,
    0xd2,0x94,0x01,0x02,0xce,0x10,0x18,0x91,0x60,0x91,0x60,0xad,0x06,0xc1,0x0a,0x18,
    0xaf,0x7f,0xef,0x4a,0x03,0x4b,0x18,0xdc,0x57,0xd3,0x27,0xdc,0x57,0x4b,0x18,0x8e,
    0x42,0xca,0x28,0x8e,0x42,0x4b,0x18,0xd9,0x31,0x8d,0x09,0xd9,0x31,0xc1,0x0a,0x0d,
    0xa8,0x10,0x9d,0x31,0x01,0xce,0x10,0x18,0xe5,0x16,0xbd,0x06,0xe5,0x16,0x4b,0x18,
    0xc0,0x35,0xb6,0x8b,0x01,0xc0,0x35,0xc0,0x10,0x0b,0x97,0x1f,0xc2,0x30,0xbc,0xc8,
    0x01,0x99,0x1e,0xb0,0x8f,0x01,0x18,0xd8,0x37,0x22,0xac,0xe5,0x01,0xf6,0xa3,0x01,
    0x8d,0x1e,0x88,0x06,0x00,0x00,0x00,0x00,0xbd,0x06,0x00,0x00,0x00,0x00,0x00,0x00,
    0x4c,0x4f,0x4d,0x53,0x00,0x03,0x01,0x00,0x0b,0x00,0x08,0x00,0x39,0x61,0x00,0x00,
    0x00,0x00,0x00,0x00,0x8c,0x18,0x00,0x00,0x91,0x02,0x01,0xd1,0x10,0x02,0x47,0x4c,
    0x53,0x4c,0x2e,0x73,0x74,0x64,0x2e,0x34,0x35,0x30,0x00,0x00,0x00,0x00,0xa0,0x04,
    0x00,0x01,0xbf,0x0f,0x00,0x9f,0x2c,0xed,0xc2,0xa5,0xf3,0x06,0x00,0x82,0x1f,0x8c,
    0x1a,0xb0,0x23,0xd9,0x1b,0xb0,0x19,0xc2,0x26,0xab,0x22,0x10,0xb2,0x16,0x06,0x10,
    0x37,0xfc,0x17,0x0e,0x00,0x05,0x00,0x07,0x01,0x10,0x00,0x23,0x00,0x01,0x05,0x00,
    0x07,0x01,0x10,0x00,0x23,0x40,0x01,0x23,0x30,0x01,0x23,0x04,0x01,0x23,0x04,0x01,
    0x23,0x04,0x01,0x05,0x00,0x07,0x01,0x10,0x00,0x23,0x04,0x01,0x23,0x40,0x10,0x98,
    0x20,0x01,0x01,0x10,0xf5,0x22,0x06,0x80,0x02,0x00,0xbd,0x23,0x02,0x47,0x00,0x01,
    0x00,0x23,0x00,0x10,0xa2,0x2b,0x21,0x00,0x10,0x00,0x22,0x01,0x10,0xc7,0x1a,0x06,
    0x40,0x10,0x02,0x06,0x40,0x10,0xf3,0x03,0x06,0x10,0x10,0xba,0x01,0x06,0x10,0x10,
    0x02,0x06,0x10,0x10,0x02,0x06,0x10,0x10,0x02,0x06,0x10,0x00,0x0b,0x02,0x37,0x00,
    0x99,0x00,0x05,0x00,0x07,0x01,0x10,0x00,0x23,0x00,0x01,0x05,0x00,0x07,0x01,0x10,
    0x00,0x23,0x40,0x01,0x05,0x00,0x07,0x01,0x10,0x00,0x23,0x40,0x01,0x05,0x00,0x07,
    0x01,0x10,0x00,0x23,0x40,0x01,0x05,0x00,0x07,0x01,0x10,0x00,0x23,0x40,0x01,0x05,
    0x00,0x07,0x01,0x10,0x00,0x23,0x80,0x02,0x01,0x05,0x00,0x07,0x01,0x10,0x00,0x23,
    0x80,0x02,0x01,0x05,0x00,0x07,0x01,0x10,0x00,0x23,0x40,0x01,0x05,0x00,0x07,0x01,
    0x10,0x00,0x23,0x30,0x01,0x23,0x40,0x01,0x23,0x10,0x01,0x23,0x08,0x01,0x23,0x04,
    0x01,0x23,0x04,0x01,0x23,0x10,0x01,0x23,0x10,0x01,0x23,0x08,0x01,0x23,0x08,0x01,
    0x23,0x04,0x01,0x00,0x00,0x23,0x04,0x01,0x23,0x08,0x01,0x23,0x04,0x01,0x23,0x04,
    0x01,0x23,0x04,0x01,0x23,0x04,0x01,0x23,0x04,0x01,0x00,0x00,0x23,0x04,0x01,0x00,
    0x00,0x23,0x04,0x01,0x00,0x00,0x23,0x04,0x01,0x00,0x00,0x23,0x10,0x01,0x00,0x00,
    0x23,0x0c,0x01,0x00,0x00,0x23,0x04,0x01,0x00,0x00,0x23,0x08,0x01,0x00,0x00,0x23,
    0x04,0x01,0x00,0x00,0x23,0x04,0x01,0x00,0x00,0x23,0x04,0x01,0x23,0x04,0x01,0x00,
    0x00,0x23,0x04,0x01,0x00,0x00,0x23,0x04,0x01,0x23,0x90,0x01,0x01,0x00,0x00,0x23,
    0x0c,0x01,0x23,0x04,0x01,0x23,0x10,0x01,0x23,0x10,0x01,0x00,0x00,0x23,0x08,0x01,
    0x00,0x00,0x23,0x04,0x01,0x23,0x04,0x01,0x00,0x00,0x23,0x08,0x01,0x00,0x00,0x23,
    0x04,0x01,0x23,0x04,0x01,0x00,0x00,0x23,0x10,0x01,0x00,0x00,0x23,0x04,0x01,0x23,
    0x04,0x01,0x00,0x00,0x23,0x08,0x01,0x23,0x04,0x01,0x00,0x00,0x23,0x04,0x01,0x00,
    0x00,0x23,0x04,0x01,0x23,0x04,0x01,0x23,0x0c,0x01,0x23,0x04,0x01,0x23,0x04,0x01,
    0x23,0x04,0x01,0x23,0x04,0x01,0x23,0x04,0x01,0x23,0x0c,0x01,0x23,0x04,0x01,0x23,
    0x04,0x01,0x23,0x04,0x01,0x23,0x04,0x01,0x05,0x00,0x07,0x01,0x10,0x00,0x23,0x04,
    0x01,0x23,0x30,0x01,0x23,0x08,0x01,0x05,0x00,0x07,0x01,0x10,0x00,0x23,0x08,0x01,
    0x05,0x00,0x07,0x01,0x10,0x00,0x23,0x40,0x01,0x00,0x00,0x23,0x40,0x01,0x00,0x00,
    0x23,0x04,0x01,0x00,0x00,0x23,0x04,0x01,0x00,0x00,0x23,0x04,0x01,0x23,0x04,0x01,
    0x23,0x40,0x01,0x00,0x00,0x23,0x04,0x01,0x00,0x00,0x23,0x04,0x01,0x00,0x00,0x23,
    0x04,0x01,0x23,0x04,0x01,0x23,0x40,0x01,0x00,0x00,0x23,0x40,0x01,0x00,0x00,0x23,
    0x04,0x01,0x00,0x00,0x23,0x04,0x01,0x00,0x00,0x23,0x04,0x01,0x05,0x00,0x07,0x01,
    0x10,0x00,0x23,0x04,0x01,0x23,0x40,0x01,0x00,0x00,0x23,0x10,0x10,0xdc,0x28,0x21,
    0x00,0x10,0x00,0x22,0x00,0x10,0x85,0x01,0x1e,0x00,0x00,0xeb,0x09,0x0e,0x10,0x00,
    0x1e,0x0a,0x10,0xc8,0x12,0x0b,0x2b,0x10,0xad,0x0f,0x1e,0x09,0x10,0xd1,0x04,0x1e,
    0x0c,0x00,0xb7,0x1d,0x02,0x47,0x00,0x04,0x00,0x0b,0x01,0x00,0x01,0x0b,0x01,0x01,
    0x01,0x0b,0x01,0x03,0x01,0x0b,0x01,0x04,0x10,0xae,0x2f,0x1e,0x06,0x93,0x02,0x0e,
    0xa1,0x04,0xf4,0x13,0x08,0xa6,0x02,0xe9,0x13,0x20,0xb7,0x02,0x20,0x0d,0x04,0xb8,
    0x02,0x90,0x01,0x1d,0x04,0xb7,0x02,0x99,0x01,0x0d,0x03,0xb5,0x02,0x17,0x20,0x01,
    0xb1,0x04,0xbe,0x15,0x1d,0x1d,0xae,0x02,0xe3,0x05,0x1d,0xb5,0x02,0xdb,0x0f,0x20,
    0x00,0xbb,0x04,0x0b,0xfe,0x27,0x00,0x00,0x00,0x00,0xbb,0x04,0x0c,0x02,0x00,0x00,
    0x00,0x00,0xbb,0x04,0x0b,0x04,0x01,0x00,0x00,0x00,0x3e,0xd5,0x1c,0x06,0x65,0xb8,
    0x02,0xb7,0x0a,0x18,0x03,0xbb,0x04,0x0b,0xa0,0x27,0x04,0x00,0x00,0x00,0xbc,0x02,
    0xf9,0x11,0x1d,0x96,0x14,0x9e,0x03,0xfc,0x17,0x65,0x46,0x0c,0x0c,0x0c,0x0d,0x65,
    0x99,0x0b,0xb2,0x06,0x0c,0x98,0x20,0x40,0x00,0x00,0x00,0xbc,0x02,0xf5,0x22,0x97,
    0x17,0xa3,0x27,0xae,0x02,0xbd,0x23,0xe8,0x15,0x3e,0xfa,0x09,0x02,0x89,0x04,0x39,
    0x86,0x09,0xa8,0x21,0x02,0x3e,0xed,0x27,0x02,0x65,0xbb,0x04,0x0c,0xee,0x1c,0x05,
    0x00,0x00,0x00,0x3e,0x9f,0x1e,0x02,0x0d,0x39,0xe2,0x05,0xb6,0x53,0x06,0xbb,0x04,
    0x0c,0x8f,0x35,0x06,0x00,0x00,0x00,0xbc,0x02,0xcd,0x0f,0x65,0x96,0x14,0xbc,0x02,
    0x02,0x65,0x96,0x14,0xb7,0x02,0xc7,0x18,0x0d,0x02,0xb7,0x02,0x02,0x0b,0x03,0xbb,
    0x04,0x0b,0xa2,0x28,0x09,0x00,0x00,0x00,0xbc,0x02,0xcf,0x13,0x18,0xa5,0x14,0xbc,
    0x02,0xba,0x01,0x1d,0x96,0x14,0xbc,0x02,0x02,0x1d,0x96,0x14,0xbc,0x02,0x02,0x1d,
    0x96,0x14,0xbc,0x02,0x02,0x1d,0x96,0x14,0xde,0x83,0xc0,0x02,0x0b,0x65,0x65,0x65,
    0x65,0xb6,0x0c,0xb7,0x0c,0x65,0x46,0x65,0x1d,0x13,0x0d,0x0d,0x1d,0x1d,0x13,0x13,
    0x0d,0x0d,0x13,0x0d,0x0d,0x0d,0x0d,0x0d,0x0d,0x0d,0x0d,0x1d,0x14,0x0c,0x13,0x0c,
    0x0c,0x0c,0x0c,0x0d,0x0d,0xbd,0x0a,0x18,0x0d,0x1d,0x1d,0x13,0x0c,0x0d,0x13,0x0d,
    0x0d,0x1d,0x0c,0x0d,0x13,0x0d,0x0d,0x0d,0x0b,0x18,0x0d,0x0d,0x0b,0x0d,0x0d,0x18,
    0x0d,0x0d,0x0d,0x0d,0x0d,0x46,0x13,0x13,0x65,0x65,0x0d,0x0d,0x0d,0x0d,0x9a,0x0b,
    0x0c,0x0d,0x0d,0x0d,0x9b,0x0b,0x9c,0x0b,0x0c,0x0c,0x0c,0x0c,0x65,0x1d,0x9d,0x0b,
    0x3e,0xfa,0x09,0x02,0x97,0x0b,0x39,0x94,0x10,0xe2,0x1e,0x02,0x3e,0xd5,0x34,0x01,
    0x1d,0x39,0x9a,0x05,0xd0,0x33,0x01,0xbb,0x04,0x0c,0xd1,0x11,0x5a,0x00,0x00,0x00,
    0xbb,0x04,0x0d,0x99,0x04,0x00,0x00,0x00,0x00,0x94,0x02,0x85,0x28,0xbb,0x04,0x0c,
    0x9a,0x2c,0x59,0x00,0x00,0x00,0x3e,0x99,0x22,0x03,0x0c,0x39,0x89,0x05,0x86,0x2a,
    0x03,0x3e,0x81,0x2a,0x01,0x0c,0x39,0x8b,0x05,0xca,0x3c,0x01,0x3e,0xa9,0x3c,0x03,
    0x1d,0x39,0x9b,0x05,0xfc,0x2c,0x03,0x39,0x9b,0x05,0xd1,0x04,0x03,0xbc,0x02,0xcb,
    0x27,0x0d,0x8d,0x14,0xde,0x02,0x94,0x0a,0x1d,0x0d,0xca,0x05,0xca,0x05,0x3e,0xfa,
    0x09,0x03,0xd4,0x0a,0x39,0xd1,0x0f,0xe2,0x2d,0x03,0x39,0x9b,0x05,0xad,0x08,0x03,
    0xc6,0x06,0x08,0xe8,0x13,0x00,0x82,0x0a,0x18,0xf4,0x60,0x01,0x0c,0xba,0xa9,0x01,
    0x8c,0x9c,0x02,0x22,0xd4,0xae,0x02,0x00,0x01,0x0c,0xbf,0x9f,0x01,0x94,0x8f,0x01,
    0x33,0xe3,0x05,0xfa,0x3d,0xda,0x19,0x8b,0x14,0xd6,0x61,0x8b,0x14,0x01,0x65,0xbc,
    0x7b,0xbc,0x7b,0x33,0xe3,0x05,0x8d,0x24,0xda,0x19,0x8b,0x14,0xd6,0x61,0x9d,0x14,
    0x01,0x65,0x9c,0x2c,0x9c,0x2c,0x22,0xa6,0xa7,0x02,0x00,0x01,0x1d,0xb7,0xe1,0x01,
    0xb4,0x65,0x3d,0x18,0x9e,0x28,0x9e,0x28,0x9e,0x28,0x18,0xc1,0x0a,0x0d,0xd9,0x4d,
    0xd9,0x4d,0x00,0xc1,0x0a,0x1d,0xa0,0x84,0x01,0xc5,0x7a,0x00,0xce,0x10,0x1d,0xec,
    0x1b,0xec,0x1b,0x8c,0xa0,0x01,0xc1,0x0a,0x0d,0xbe,0x14,0xf0,0x66,0x01,0xc1,0x0a,
    0x1d,0x99,0xd0,0x01,0xb5,0x9a,0x02,0x01,0xce,0x10,0x1d,0xde,0xbb,0x01,0xde,0xbb,
    0x01,0xbb,0x14,0xc1,0x0a,0x0d,0xbe,0x14,0xf2,0x66,0x02,0xc1,0x0a,0x1d,0x99,0xd0,
    0x01,0xb3,0x9a,0x02,0x02,0xce,0x10,0x1d,0xfa,0xc9,0x01,0xfa,0xc9,0x01,0x9f,0x06,
    0xc1,0x0a,0x1d,0xaf,0x7f,0xe9,0xcf,0x01,0x03,0x4b,0x1d,0x95,0x0d,0xc5,0x8c,0x01,
    0x95,0x0d,0x4b,0x1d,0xf6,0x41,0xb1,0x3c,0xf6,0x41,0x4b,0x1d,0xaa,0x1f,0x85,0x1d,
    0xaa,0x1f,0xb0,0x0a,0xf9,0x07,0xba,0x36,0xba,0x36,0x23,0xe3,0x05,0xb3,0x28,0xc5,
    0x1f,0x9a,0x14,0x8b,0x14,0x01,0x65,0xbf,0x76,0xbf,0x76,0xc1,0x0a,0x1d,0xe2,0xc7,
    0x01,0xee,0x28,0x00,0xc1,0x12,0x1d,0xab,0x9e,0x01,0xb6,0x29,0xab,0x9e,0x01,0x22,
    0xcc,0x8a,0x01,0x00,0xc9,0x06,0x1d,0x82,0x52,0xe2,0xdb,0x01,0x82,0x52,0x22,0xa0,
    0xe1,0x01,0x00,0xc1,0x0a,0x0d,0xef,0xaa,0x01,0xed,0x58,0x01,0x3f,0x0d,0xdc,0xd9,
    0x01,0xdc,0xd9,0x01,0xd2,0x0a,0x1d,0xe1,0x3d,0xe1,0x3d,0x8c,0x43,0x01,0x13,0x9b,
    0x05,0xae,0x19,0xc2,0x26,0x8b,0x14,0x22,0x00,0xae,0x19,0x8d,0x1e,0x88,0x06,0xc6,
    0x06,0x1d,0x99,0xe6,0x01,0x00,0xeb,0x0a,0xa7,0x06,0x1d,0xa2,0x25,0x18,0xb8,0xf7,
    0x01,0x23,0x8a,0x05,0xad,0x68,0xc5,0x1f,0x99,0x16,0x8a,0x14,0x01,0x0d,0xf4,0x3a,
    0xf4,0x3a,0xc4,0x16,0x09,0xf9,0x2c,0xf9,0x2c,0xac,0xd2,0x01,0xa7,0x1e,0xb9,0x66,
    0x00,0xba,0x1e,0x00,0xc5,0x58,0xb9,0x66,0x18,0xc6,0x58,0x9e,0x1e,0x60,0x17,0x00,
    0x00,0x18,0xf4,0x0d,0x01,0x65,0xe9,0x58,0xca,0xaa,0x01,0x01,0x1d,0xad,0x1b,0xe2,
    0xae,0x01,0x3d,0x18,0xf9,0x10,0xf9,0x10,0xf9,0x10,0x18,0xc1,0x0a,0x0d,0xc5,0x73,
    0xc5,0x73,0x00,0xc1,0x0a,0x1d,0xa0,0x84,0x01,0xcd,0x1b,0x00,0xce,0x10,0x1d,0xec,
    0x1b,0xec,0x1b,0x8c,0xa0,0x01,0xc1,0x0a,0x0d,0xbe,0x14,0x84,0x41,0x01,0xc1,0x0a,
    0x1d,0xe4,0x59,0xc0,0x6e,0x01,0xce,0x10,0x1d,0x9f,0x6e,0x9f,0x6e,0xbb,0x14,0xc1,
    0x0a,0x0d,0xbe,0x14,0x86,0x41,0x02,0xc1,0x0a,0x1d,0xe4,0x59,0xc2,0x6e,0x02,0xce,
    0x10,0x1d,0x83,0x60,0x83,0x60,0x9f,0x06,0xc1,0x0a,0x1d,0xaf,0x7f,0xf1,0x70,0x03,
    0x4b,0x1d,0x95,0x0d,0xc5,0x8c,0x01,0x95,0x0d,0x4b,0x1d,0xae,0xa2,0x01,0x86,0x24,
    0xae,0xa2,0x01,0x4b,0x1d,0xdf,0x19,0xa8,0x0a,0xdf,0x19,0x13,0xe3,0x05,0xe7,0x72,
    0xc5,0x1f,0x96,0x16,0x01,0x65,0xf6,0xbe,0x01,0xf6,0xbe,0x01,0xc1,0x12,0x1d,0x9d,
    0x6a,0x9d,0x6a,0x8f,0x1e,0x9e,0x1e,0x25,0x3d,0x00,0x00,0x88,0x06,0x00,0x00,0x00,
    0x5a,0x00,0x00,0x00,0x00,0x00,0x00,0x00,0x4c,0x4f,0x4d,0x53,0x00,0x03,0x01,0x00,
    0x0b,0x00,0x08,0x00,0xe8,0x50,0x00,0x00,0x00,0x00,0x00,0x00,0x98,0x00,0x00,0x00,
    0x91,0x02,0x01,0xd1,0x10,0x02,0x47,0x4c,0x53,0x4c,0x2e,0x73,0x74,0x64,0x2e,0x34,
    0x35,0x30,0x00,0x00,0x00,0x00,0xa0,0x04,0x00,0x01,0xcf,0x0e,0x04,0x9f,0x2c,0xed,
    0xc2,0xa5,0xf3,0x06,0x00,0xa0,0x02,0x9f,0x2c,0x07,0x93,0x02,0x0e,0xa1,0x04,0xf4,
    0x13,0x08,0xc6,0x06,0x08,0xba,0x44,0x00,0x82,0x0a,0x18,0x90,0xeb,0x01,0x8d,0x1e,
    0x88,0x06,0x00,0x00,0x00,0x00,0x00,0x00,0x5b,0x08,0x00,0x00,0x00,0x00,0x00,0x00,
    0x4c,0x4f,0x4d,0x53,0x00,0x03,0x01,0x00,0x0b,0x00,0x08,0x00,0x39,0x61,0x00,0x00,
    0x00,0x00,0x00,0x00,0x0c,0x1c,0x00,0x00,0x91,0x02,0x01,0x91,0x02,0x20,0xd1,0x10,
    0x02,0x47,0x4c,0x53,0x4c,0x2e,0x73,0x74,0x64,0x2e,0x34,0x35,0x30,0x00,0x00,0x00,
    0x00,0xa0,0x04,0x00,0x01,0xbf,0x0f,0x00,0x9f,0x2c,0xed,0xc2,0xa5,0xf3,0x06,0x00,
    0x8c,0x1a,0x82,0x1f,0xb0,0x23,0xd9,0x1b,0xb0,0x19,0xc2,0x26,0xab,0x22,0x10,0xda,
    0x17,0x06,0x10,0x37,0xc9,0x0c,0x0e,0x00,0x05,0x00,0x07,0x01,0x10,0x00,0x23,0x00,
    0x01,0x05,0x00,0x07,0x01,0x10,0x00,0x23,0x40,0x01,0x23,0x30,0x01,0x23,0x04,0x01,
    0x23,0x04,0x01,0x23,0x04,0x01,0x05,0x00,0x07,0x01,0x10,0x00,0x23,0x04,0x01,0x23,
    0x40,0x10,0xb6,0x43,0x01,0x01,0x10,0xdd,0x39,0x06,0x80,0x02,0x00,0x9f,0x0b,0x02,
    0x47,0x00,0x01,0x00,0x23,0x00,0x10,0xec,0x29,0x21,0x00,0x10,0x00,0x22,0x01,0x00,
    0x64,0x0e,0x10,0x00,0x1e,0x0a,0x10,0xb2,0x21,0x01,0x08,0x10,0xf5,0x36,0x06,0x40,
    0x10,0x02,0x06,0x40,0x10,0xbb,0x08,0x06,0x10,0x10,0xc2,0x01,0x06,0x10,0x10,0x02,
    0x06,0x10,0x10,0x02,0x06,0x10,0x10,0x02,0x06,0x10,0x00,0x8c,0x0b,0x02,0x37,0x00,
    0x99,0x00,0x05,0x00,0x07,0x01,0x10,0x00,0x23,0x00,0x01,0x05,0x00,0x07,0x01,0x10,
    0x00,0x23,0x40,0x01,0x05,0x00,0x07,0x01,0x10,0x00,0x23,0x40,0x01,0x05,0x00,0x07,
    0x01,0x10,0x00,0x23,0x40,0x01,0x05,0x00,0x07,0x01,0x10,0x00,0x23,0x40,0x01,0x05,
    0x00,0x07,0x01,0x10,0x00,0x23,0x80,0x02,0x01,0x05,0x00,0x07,0x01,0x10,0x00,0x23,
    0x80,0x02,0x01,0x05,0x00,0x07,0x01,0x10,0x00,0x23,0x40,0x01,0x05,0x00,0x07,0x01,
    0x10,0x00,0x23,0x30,0x01,0x23,0x40,0x01,0x23,0x10,0x01,0x23,0x08,0x01,0x23,0x04,
    0x01,0x23,0x04,0x01,0x23,0x10,0x01,0x23,0x10,0x01,0x23,0x08,0x01,0x23,0x08,0x01,
    0x23,0x04,0x01,0x00,0x00,0x23,0x04,0x01,0x23,0x08,0x01,0x23,0x04,0x01,0x23,0x04,
    0x01,0x23,0x04,0x01,0x23,0x04,0x01,0x23,0x04,0x01,0x00,0x00,0x23,0x04,0x01,0x00,
    0x00,0x23,0x04,0x01,0x00,0x00,0x23,0x04,0x01,0x00,0x00,0x23,0x10,0x01,0x00,0x00,
    0x23,0x0c,0x01,0x00,0x00,0x23,0x04,0x01,0x00,0x00,0x23,0x08,0x01,0x00,0x00,0x23,
    0x04,0x01,0x00,0x00,0x23,0x04,0x01,0x00,0x00,0x23,0x04,0x01,0x23,0x04,0x01,0x00,
    0x00,0x23,0x04,0x01,0x00,0x00,0x23,0x04,0x01,0x23,0x90,0x01,0x01,0x00,0x00,0x23,
    0x0c,0x01,0x23,0x04,0x01,0x23,0x10,0x01,0x23,0x10,0x01,0x00,0x00,0x23,0x08,0x01,
    0x00,0x00,0x23,0x04,0x01,0x23,0x04,0x01,0x00,0x00,0x23,0x08,0x01,0x00,0x00,0x23,
    0x04,0x01,0x23,0x04,0x01,0x00,0x00,0x23,0x10,0x01,0x00,0x00,0x23,0x04,0x01,0x23,
    0x04,0x01,0x00,0x00,0x23,0x08,0x01,0x23,0x04,0x01,0x00,0x00,0x23,0x04,0x01,0x00,
    0x00,0x23,0x04,0x01,0x23,0x04,0x01,0x23,0x0c,0x01,0x23,0x04,0x01,0x23,0x04,0x01,
    0x23,0x04,0x01,0x23,0x04,0x01,0x23,0x04,0x01,0x23,0x0c,0x01,0x23,0x04,0x01,0x23,
    0x04,0x01,0x23,0x04,0x01,0x23,0x04,0x01,0x05,0x00,0x07,0x01,0x10,0x00,0x23,0x04,
    0x01,0x23,0x30,0x01,0x23,0x08,0x01,0x05,0x00,0x07,0x01,0x10,0x00,0x23,0x08,0x01,
    0x05,0x00,0x07,0x01,0x10,0x00,0x23,0x40,0x01,0x00,0x00,0x23,0x40,0x01,0x00,0x00,
    0x23,0x04,0x01,0x00,0x00,0x23,0x04,0x01,0x00,0x00,0x23,0x04,0x01,0x23,0x04,0x01,
    0x23,0x40,0x01,0x00,0x00,0x23,0x04,0x01,0x00,0x00,0x23,0x04,0x01,0x00,0x00,0x23,
    0x04,0x01,0x23,0x04,0x01,0x23,0x40,0x01,0x00,0x00,0x23,0x40,0x01,0x00,0x00,0x23,
    0x04,0x01,0x00,0x00,0x23,0x04,0x01,0x00,0x00,0x23,0x04,0x01,0x05,0x00,0x07,0x01,
    0x10,0x00,0x23,0x04,0x01,0x23,0x40,0x01,0x00,0x00,0x23,0x10,0x10,0x9c,0x1c,0x21,
    0x00,0x10,0x00,0x22,0x00,0x10,0x85,0x01,0x1e,0x00,0x10,0xdc,0x08,0x0b,0x2b,0x10,
    0xad,0x0f,0x1e,0x09,0x10,0xd1,0x04,0x1e,0x0c,0x00,0x8d,0x1c,0x02,0x47,0x00,0x04,
    0x00,0x0b,0x01,0x00,0x01,0x0b,0x01,0x01,0x01,0x0b,0x01,0x03,0x01,0x0b,0x01,0x04,
    0x10,0x84,0x2e,0x1e,0x06,0x93,0x02,0x0e,0xa1,0x04,0xf4,0x13,0x08,0xa6,0x02,0xe9,
    0x13,0x20,0xb7,0x02,0x20,0x0d,0x04,0xb8,0x02,0x90,0x01,0x1d,0x04,0xb7,0x02,0x99,
    0x01,0x0d,0x03,0xb5,0x02,0x17,0x20,0x01,0xb1,0x04,0xbe,0x15,0x1d,0x1d,0xae,0x02,
    0xe3,0x05,0x1d,0xb5,0x02,0xdb,0x0f,0x20,0x00,0xbb,0x04,0x0b,0xfe,0x27,0x00,0x00,
    0x00,0x00,0xbb,0x04,0x0c,0x02,0x00,0x00,0x00,0x00,0xbb,0x04,0x0b,0x04,0x01,0x00,
    0x00,0x00,0xbb,0x04,0x0c,0x02,0x01,0x00,0x00,0x00,0xbb,0x04,0x0b,0x04,0x02,0x00,
    0x00,0x00,0xbb,0x04,0x0c,0x02,0x02,0x00,0x00,0x00,0x3e,0xdd,0x1c,0x06,0x65,0xb8,
    0x02,0xb7,0x0a,0x18,0x03,0xbb,0x04,0x0b,0xa0,0x27,0x04,0x00,0x00,0x00,0xbc,0x02,
    0xd1,0x10,0x1d,0x96,0x14,0x9e,0x03,0xc9,0x0c,0x65,0x46,0x0c,0x0c,0x0c,0x0d,0x65,
    0xed,0x0b,0xb2,0x06,0x0c,0xb6,0x43,0x40,0x00,0x00,0x00,0xbc,0x02,0xdd,0x39,0xc8,
    0x05,0xa3,0x27,0xae,0x02,0x9f,0x0b,0xb4,0x0a,0x3e,0xfa,0x09,0x02,0xe4,0x04,0x39,
    0xe1,0x09,0xf2,0x1f,0x02,0x3e,0xed,0x27,0x02,0x65,0xbb,0x04,0x0c,0xee,0x1c,0x05,
    0x00,0x00,0x00,0x3e,0x9f,0x1e,0x02,0x0d,0x39,0xe2,0x05,0xb6,0x53,0x06,0xbb,0x04,
    0x0c,0x8f,0x35,0x06,0x00,0x00,0x00,0x3e,0xa7,0x1e,0x03,0x0c,0x39,0x89,0x05,0x86,
    0x2a,0x03,0xb2,0x06,0x0c,0xb2,0x21,0x02,0x00,0x00,0x00,0xbc,0x02,0xf5,0x36,0x65,
    0x96,0x14,0xbc,0x02,0x02,0x65,0x96,0x14,0xb7,0x02,0xaf,0x1e,0x0d,0x02,0xb7,0x02,
    0x02,0x0b,0x03,0xbb,0x04,0x0b,0xa2,0x28,0x09,0x00,0x00,0x00,0xbc,0x02,0xaf,0x12,
    0x18,0xa5,0x14,0xbc,0x02,0xc2,0x01,0x1d,0x96,0x14,0xbc,0x02,0x02,0x1d,0x96,0x14,
    0xbc,0x02,0x02,0x1d,0x96,0x14,0xbc,0x02,0x02,0x1d,0x96,0x14,0xde,0x83,0xc0,0x02,
    0x8c,0x0b,0x65,0x65,0x65,0x65,0xaa,0x0f,0xab,0x0f,0x65,0x46,0x65,0x1d,0x13,0x0d,
    0x0d,0x1d,0x1d,0x13,0x13,0x0d,0x0d,0x13,0x0d,0x0d,0x0d,0x0d,0x0d,0x0d,0x0d,0x0d,
    0x1d,0x14,0x0c,0x13,0x0c,0x0c,0x0c,0x0c,0x0d,0x0d,0x8d,0x0b,0x18,0x0d,0x1d,0x1d,
    0x13,0x0c,0x0d,0x13,0x0d,0x0d,0x1d,0x0c,0x0d,0x13,0x0d,0x0d,0x0d,0x0b,0x18,0x0d,
    0x0d,0x0b,0x0d,0x0d,0x18,0x0d,0x0d,0x0d,0x0d,0x0d,0x46,0x13,0x13,0x65,0x65,0x0d,
    0x0d,0x0d,0x0d,0xee,0x0b,0x0c,0x0d,0x0d,0x0d,0xef,0x0b,0xf0,0x0b,0x0c,0x0c,0x0c,
    0x0c,0x65,0x1d,0xf1,0x0b,0x3e,0xfa,0x09,0x02,0xb7,0x11,0x39,0xb4,0x16,0xa2,0x12,
    0x02,0x3e,0xd5,0x34,0x01,0x1d,0x39,0x9a,0x05,0xd0,0x33,0x01,0xbb,0x04,0x0c,0xd1,
    0x11,0x5a,0x00,0x00,0x00,0xbb,0x04,0x0d,0x99,0x04,0x00,0x00,0x00,0x00,0x94,0x02,
    0x85,0x28,0xbb,0x04,0x0c,0x9a,0x2c,0x59,0x00,0x00,0x00,0x3e,0x95,0x22,0x01,0x0c,
    0x39,0x8b,0x05,0xca,0x3c,0x01,0x3e,0xa9,0x3c,0x03,0x1d,0x39,0x9b,0x05,0xfc,0x2c,
    0x03,0x39,0x9b,0x05,0xd1,0x04,0x03,0xbb,0x04,0x0d,0xad,0x32,0x00,0x00,0x00,0x40,
    0xbb,0x04,0x0d,0xd0,0x0c,0x00,0x00,0x80,0xbf,0xbb,0x04,0x0d,0xed,0x0a,0x00,0x00,
    0x80,0x3f,0xbc,0x02,0x9e,0x09,0x0d,0x90,0x14,0xbc,0x02,0x13,0x0d,0x8d,0x14,0xde,
    0x02,0xb4,0x0b,0x1d,0x0d,0xd9,0x05,0xcf,0x05,0x3e,0xfa,0x09,0x03,0xa9,0x0b,0x39,
    0xa6,0x10,0xb8,0x2c,0x03,0x3e,0xeb,0x42,0x03,0x0d,0x39,0x9b,0x05,0xbe,0x3a,0x03,
    0xc6,0x06,0x08,0xe8,0x13,0x00,0x82,0x0a,0x18,0xf4,0x60,0x01,0x0c,0xba,0xa9,0x01,
    0x8c,0x9c,0x02,0x22,0xd4,0xae,0x02,0x00,0x01,0x0c,0xc5,0x31,0x8e,0xfd,0x01,0xc7,
    0x10,0x0c,0xc7,0x51,0xc7,0x51,0x94,0x8a,0x01,0x33,0xe3,0x05,0xeb,0x2a,0xda,0x19,
    0x8b,0x14,0xef,0x6f,0x8b,0x14,0x01,0x65,0x96,0x80,0x01,0x96,0x80,0x01,0x33,0xe3,
    0x05,0xcc,0x23,0xda,0x19,0x8b,0x14,0xef,0x6f,0x9d,0x14,0x01,0x65,0x9c,0x2c,0x9c,
    0x2c,0x22,0xa6,0xa7,0x02,0x00,0x01,0x1d,0xb7,0xe1,0x01,0xb4,0x65,0x3d,0x18,0x9e,
    0x28,0x9e,0x28,0x9e,0x28,0x18,0xc1,0x0a,0x0d,0xd9,0x4d,0xd9,0x4d,0x00,0xc1,0x0a,
    0x1d,0xa0,0x84,0x01,0xeb,0x32,0x00,0xce,0x10,0x1d,0xec,0x1b,0xec,0x1b,0x8c,0xa0,
    0x01,0xc1,0x0a,0x0d,0xbe,0x14,0xf0,0x66,0x01,0xc1,0x0a,0x1d,0x99,0xd0,0x01,0xdb,
    0xd2,0x01,0x01,0xce,0x10,0x1d,0xde,0xbb,0x01,0xde,0xbb,0x01,0xbb,0x14,0xc1,0x0a,
    0x0d,0xbe,0x14,0xf2,0x66,0x02,0xc1,0x0a,0x1d,0x99,0xd0,0x01,0xd9,0xd2,0x01,0x02,
    0xce,0x10,0x1d,0xfa,0xc9,0x01,0xfa,0xc9,0x01,0x9f,0x06,0xc1,0x0a,0x1d,0xaf,0x7f,
    0x8f,0x88,0x01,0x03,0x4b,0x1d,0x95,0x0d,0xc5,0x8c,0x01,0x95,0x0d,0x4b,0x1d,0xf6,
    0x41,0xb1,0x3c,0xf6,0x41,0x4b,0x1d,0x92,0x1e,0x9d,0x1e,0x92,0x1e,0xb0,0x0a,0xf9,
    0x07,0xce,0x59,0xce,0x59,0x01,0x0c,0xf1,0x4b,0xae,0xd9,0x01,0xcb,0x10,0x0c,0x92,
    0x3f,0x92,0x3f,0x8e,0xf7,0x01,0x23,0xe3,0x05,0xbe,0x22,0xc5,0x1f,0x9a,0x14,0xac,
    0xa6,0x01,0x01,0x65,0xf3,0x7e,0xf3,0x7e,0xc1,0x0a,0x1d,0x88,0x70,0xf2,0x06,0x00,
    0xc1,0x12,0x1d,0xab,0x9e,0x01,0xa3,0x2e,0xab,0x9e,0x01,0x22,0xcc,0x8a,0x01,0x00,
    0xc9,0x06,0x1d,0x8a,0x4c,0xea,0xd5,0x01,0x8a,0x4c,0x22,0xa8,0xdb,0x01,0x00,0x01,
    0x0c,0xa9,0x0c,0xc6,0xcd,0x01,0xcb,0x10,0x0c,0x95,0x34,0x95,0x34,0xfe,0x77,0xbf,
    0x0c,0x0d,0xdb,0x36,0xa2,0x41,0xc8,0x10,0x0d,0xbe,0x47,0xf8,0xdd,0x01,0xbe,0x47,
    0xc8,0x10,0x0d,0xab,0x2a,0xab,0x2a,0xcc,0xb3,0x01,0x4b,0x0d,0x94,0x78,0x90,0x9f,
    0x02,0x94,0x78,0xbf,0x0c,0x0d,0x8f,0x0c,0xba,0x52,0x4a,0x0d,0xa0,0x10,0xf8,0x51,
    0xa0,0x10,0x4b,0x0d,0xa3,0x8a,0x01,0x93,0x86,0x01,0xa3,0x8a,0x01,0xc8,0x10,0x0d,
    0xf0,0x37,0xda,0xdb,0x01,0x82,0x47,0xc1,0x0a,0x0d,0xfc,0x96,0x01,0xec,0xb2,0x01,
    0x00,0x4a,0x0d,0xf6,0x08,0xf6,0x08,0xf2,0x9f,0x01,0xd2,0x0a,0x1d,0x89,0x8b,0x02,
    0x89,0x8b,0x02,0xa7,0x4f,0x00,0xc1,0x0a,0x0d,0x90,0xef,0x01,0x90,0xef,0x01,0x03,
    0x4a,0x0d,0x8f,0x83,0x01,0xd8,0x38,0x8f,0x83,0x01,0xc1,0x0a,0x0d,0xef,0x7c,0xef,
    0x10,0x00,0x4b,0x0d,0xd8,0xd4,0x01,0xd8,0xd4,0x01,0xe8,0x57,0xd2,0x0a,0x1d,0xf9,
    0x4f,0xf9,0x4f,0xee,0x73,0x00,0xc1,0x0a,0x0d,0xa2,0x4e,0xa2,0x4e,0x00,0xc3,0x10,
    0x0d,0xf1,0x7e,0xe0,0xb3,0x01,0xad,0x7a,0xc1,0x0a,0x0d,0x97,0x49,0xe7,0x79,0x03,
    0x4a,0x0d,0xb0,0x93,0x01,0x98,0x4a,0xb0,0x93,0x01,0x4b,0x0d,0x87,0x22,0xe1,0x56,
    0x87,0x22,0xc0,0x10,0x0c,0xf4,0x30,0xb0,0x41,0xdc,0xe6,0x01,0xbf,0x0c,0x0d,0xd8,
    0x54,0xd8,0x54,0x4a,0x0d,0xe7,0x13,0xbe,0x71,0xe7,0x13,0xc3,0x10,0x0d,0xc1,0x69,
    0x92,0xe4,0x01,0xc1,0x69,0x4a,0x0d,0x8b,0x50,0x8b,0x50,0xbe,0x29,0x4b,0x0d,0xd5,
    0x2d,0xa1,0xcc,0x01,0xd5,0x2d,0x23,0x8c,0x05,0xb2,0x77,0xc2,0x26,0x91,0x14,0x8b,
    0x14,0x22,0x00,0xf2,0x01,0x3f,0x0d,0xe0,0x71,0x92,0xe9,0x01,0x23,0x8c,0x05,0xaa,
    0x28,0xc2,0x26,0x91,0x14,0x8e,0x14,0x22,0x00,0xaa,0x28,0xc1,0x0a,0x0d,0xf9,0x90,
    0x02,0xbd,0x7d,0x01,0x3f,0x0d,0xe6,0xd9,0x01,0xe6,0xd9,0x01,0xd2,0x0a,0x1d,0xe1,
    0x3d,0xe1,0x3d,0xc6,0x1e,0x01,0x13,0x9b,0x05,0xab,0x1f,0xc2,0x26,0x8b,0x14,0x22,
    0x00,0xab,0x1f,0x22,0xc6,0xb1,0x01,0x80,0x06,0x8d,0x1e,0x88,0x06,0xc6,0x06,0x1d,
    0xbf,0xad,0x01,0x00,0xeb,0x0a,0xa7,0x06,0x1d,0xa2,0x25,0x18,0xb8,0xf7,0x01,0x23,
    0x8a,0x05,0xad,0x68,0xc5,0x1f,0x99,0x16,0x8a,0x14,0x01,0x0d,0xf4,0x3a,0xf4,0x3a,
    0xc4,0x16,0x09,0xf9,0x2c,0xf9,0x2c,0xac,0xd2,0x01,0xa7,0x1e,0xb9,0x66,0x00,0xba,
    0x1e,0x00,0xc5,0x58,0xb9,0x66,0x18,0xc6,0x58,0x9e,0x1e,0x60,0x17,0x00,0x00,0x18,
    0xf4,0x0d,0x01,0x65,0xe9,0x58,0xca,0xaa,0x01,0x01,0x1d,0xad,0x1b,0xe2,0xae,0x01,
    0x3d,0x18,0xf9,0x10,0xf9,0x10,0xf9,0x10,0x18,0xc1,0x0a,0x0d,0xc5,0x73,0xc5,0x73,
    0x00,0xc1,0x0a,0x1d,0xa0,0x84,0x01,0xcd,0x1b,0x00,0xce,0x10,0x1d,0xec,0x1b,0xec,
    0x1b,0x8c,0xa0,0x01,0xc1,0x0a,0x0d,0xbe,0x14,0x84,0x41,0x01,0xc1,0x0a,0x1d,0xe4,
    0x59,0xc0,0x6e,0x01,0xce,0x10,0x1d,0x9f,0x6e,0x9f,0x6e,0xbb,0x14,0xc1,0x0a,0x0d,
    0xbe,0x14,0x86,0x41,0x02,0xc1,0x0a,0x1d,0xe4,0x59,0xc2,0x6e,0x02,0xce,0x10,0x1d,
    0x83,0x60,0x83,0x60,0x9f,0x06,0xc1,0x0a,0x1d,0xaf,0x7f,0xf1,0x70,0x03,0x4b,0x1d,
    0x95,0x0d,0xc5,0x8c,0x01,0x95,0x0d,0x4b,0x1d,0xae,0xa2,0x01,0x86,0x24,0xae,0xa2,
    0x01,0x4b,0x1d,0xdf,0x19,0xa8,0x0a,0xdf,0x19,0x13,0xe3,0x05,0xe7,0x72,0xc5,0x1f,
    0x96,0x16,0x01,0x65,0xf6,0xbe,0x01,0xf6,0xbe,0x01,0xc1,0x12,0x1d,0x9d,0x6a,0x9d,
    0x6a,0x8f,0x1e,0x9e,0x1e,0x25,0x3d,0x00,0x00,0x88,0x06,0x00,0x00,0x00,0x00,0x00,
    0xab,0x1b,0x00,0x00,0x00,0x00,0x00,0x00,0x4c,0x4f,0x4d,0x53,0x00,0x03,0x01,0x00,
    0x0b,0x00,0x08,0x00,0x70,0x62,0x00,0x00,0x00,0x00,0x00,0x00,0x14,0x47,0x00,0x00,
    0x91,0x02,0x01,0xd1,0x10,0x02,0x47,0x4c,0x53,0x4c,0x2e,0x73,0x74,0x64,0x2e,0x34,
    0x35,0x30,0x00,0x00,0x00,0x00,0xa0,0x04,0x00,0x01,0xef,0x0f,0x00,0x9f,0x2c,0xed,
    0xc2,0xa5,0xf3,0x06,0x00,0xa9,0x20,0x82,0x1f,0xaf,0x2e,0x93,0x2d,0x8c,0x1a,0xb0,
    0x23,0xd9,0x1b,0xb0,0x19,0xc2,0x26,0xab,0x22,0x10,0x98,0x23,0x06,0x10,0x37,0xe5,
    0x0e,0x0e,0x00,0x05,0x00,0x07,0x01,0x10,0x00,0x23,0x00,0x01,0x05,0x00,0x07,0x01,
    0x10,0x00,0x23,0x40,0x01,0x23,0x30,0x01,0x23,0x04,0x01,0x23,0x04,0x01,0x23,0x04,
    0x01,0x05,0x00,0x07,0x01,0x10,0x00,0x23,0x04,0x01,0x23,0x40,0x10,0x94,0x3a,0x01,
    0x01,0x10,0xb5,0x22,0x06,0x80,0x02,0x00,0xfd,0x22,0x02,0x47,0x00,0x01,0x00,0x23,
    0x00,0x10,0xa2,0x2a,0x21,0x00,0x10,0x00,0x22,0x01,0x10,0xf7,0x10,0x06,0x40,0x10,
    0x02,0x06,0x40,0x10,0xc3,0x03,0x06,0x10,0x10,0xa0,0x04,0x06,0x10,0x10,0x02,0x06,
    0x10,0x10,0x02,0x06,0x10,0x10,0x02,0x06,0x10,0x00,0xc7,0x19,0x02,0x37,0x00,0x99,
    0x00,0x05,0x00,0x07,0x01,0x10,0x00,0x23,0x00,0x01,0x05,0x00,0x07,0x01,0x10,0x00,
    0x23,0x40,0x01,0x05,0x00,0x07,0x01,0x10,0x00,0x23,0x40,0x01,0x05,0x00,0x07,0x01,
    0x10,0x00,0x23,0x40,0x01,0x05,0x00,0x07,0x01,0x10,0x00,0x23,0x40,0x01,0x05,0x00,
    0x07,0x01,0x10,0x00,0x23,0x80,0x02,0x01,0x05,0x00,0x07,0x01,0x10,0x00,0x23,0x80,
    0x02,0x01,0x05,0x00,0x07,0x01,0x10,0x00,0x23,0x40,0x01,0x05,0x00,0x07,0x01,0x10,
    0x00,0x23,0x30,0x01,0x23,0x40,0x01,0x23,0x10,0x01,0x23,0x08,0x01,0x23,0x04,0x01,
    0x23,0x04,0x01,0x23,0x10,0x01,0x23,0x10,0x01,0x23,0x08,0x01,0x23,0x08,0x01,0x23,
    0x04,0x01,0x00,0x00,0x23,0x04,0x01,0x23,0x08,0x01,0x23,0x04,0x01,0x23,0x04,0x01,
    0x23,0x04,0x01,0x23,0x04,0x01,0x23,0x04,0x01,0x00,0x00,0x23,0x04,0x01,0x00,0x00,
    0x23,0x04,0x01,0x00,0x00,0x23,0x04,0x01,0x00,0x00,0x23,0x10,0x01,0x00,0x00,0x23,
    0x0c,0x01,0x00,0x00,0x23,0x04,0x01,0x00,0x00,0x23,0x08,0x01,0x00,0x00,0x23,0x04,
    0x01,0x00,0x00,0x23,0x04,0x01,0x00,0x00,0x23,0x04,0x01,0x23,0x04,0x01,0x00,0x00,
    0x23,0x04,0x01,0x00,0x00,0x23,0x04,0x01,0x23,0x90,0x01,0x01,0x00,0x00,0x23,0x0c,
    0x01,0x23,0x04,0x01,0x23,0x10,0x01,0x23,0x10,0x01,0x00,0x00,0x23,0x08,0x01,0x00,
    0x00,0x23,0x04,0x01,0x23,0x04,0x01,0x00,0x00,0x23,0x08,0x01,0x00,0x00,0x23,0x04,
    0x01,0x23,0x04,0x01,0x00,0x00,0x23,0x10,0x01,0x00,0x00,0x23,0x04,0x01,0x23,0x04,
    0x01,0x00,0x00,0x23,0x08,0x01,0x23,0x04,0x01,0x00,0x00,0x23,0x04,0x01,0x00,0x00,
    0x23,0x04,0x01,0x23,0x04,0x01,0x23,0x0c,0x01,0x23,0x04,0x01,0x23,0x04,0x01,0x23,
    0x04,0x01,0x23,0x04,0x01,0x23,0x04,0x01,0x23,0x0c,0x01,0x23,0x04,0x01,0x23,0x04,
    0x01,0x23,0x04,0x01,0x23,0x04,0x01,0x05,0x00,0x07,0x01,0x10,0x00,0x23,0x04,0x01,
    0x23,0x30,0x01,0x23,0x08,0x01,0x05,0x00,0x07,0x01,0x10,0x00,0x23,0x08,0x01,0x05,
    0x00,0x07,0x01,0x10,0x00,0x23,0x40,0x01,0x00,0x00,0x23,0x40,0x01,0x00,0x00,0x23,
    0x04,0x01,0x00,0x00,0x23,0x04,0x01,0x00,0x00,0x23,0x04,0x01,0x23,0x04,0x01,0x23,
    0x40,0x01,0x00,0x00,0x23,0x04,0x01,0x00,0x00,0x23,0x04,0x01,0x00,0x00,0x23,0x04,
    0x01,0x23,0x04,0x01,0x23,0x40,0x01,0x00,0x00,0x23,0x40,0x01,0x00,0x00,0x23,0x04,
    0x01,0x00,0x00,0x23,0x04,0x01,0x00,0x00,0x23,0x04,0x01,0x05,0x00,0x07,0x01,0x10,
    0x00,0x23,0x04,0x01,0x23,0x40,0x01,0x00,0x00,0x23,0x10,0x10,0xb2,0x35,0x21,0x00,
    0x10,0x00,0x22,0x00,0x10,0xc8,0x01,0x0b,0x2a,0x37,0x8b,0x2e,0x05,0x00,0x05,0x00,
    0x07,0x01,0x10,0x00,0x23,0x00,0x01,0x23,0x30,0x01,0x23,0x0c,0x10,0xb9,0x0b,0x06,
    0x40,0x00,0x8a,0x16,0x02,0x47,0x00,0x01,0x00,0x23,0x00,0x10,0xf2,0x19,0x21,0x01,
    0x10,0x00,0x22,0x01,0x10,0xb6,0x0f,0x21,0x05,0x10,0x00,0x22,0x01,0x00,0x8f,0x37,
    0x02,0x47,0x00,0x01,0x00,0x23,0x00,0x10,0xb6,0x18,0x06,0x10,0x00,0xa7,0x27,0x02,
    0x37,0x00,0x02,0x00,0x00,0x00,0x23,0x00,0x10,0xee,0x3e,0x21,0x02,0x10,0x00,0x22,
    0x01,0x10,0xcb,0x02,0x21,0x03,0x10,0x00,0x22,0x01,0x10,0xa6,0x01,0x1e,0x00,0x10,
    0xda,0x1e,0x1e,0x05,0x10,0xb7,0x02,0x1e,0x06,0x10,0x97,0x53,0x06,0x40,0x00,0x8a,
    0x16,0x02,0x47,0x00,0x01,0x00,0x23,0x00,0x10,0xdc,0x2f,0x21,0x06,0x10,0x00,0x22,
    0x01,0x10,0x8d,0x25,0x06,0x10,0x00,0xa7,0x27,0x02,0x37,0x00,0x02,0x00,0x00,0x00,
    0x23,0x00,0x10,0xb8,0x33,0x21,0x07,0x10,0x00,0x22,0x01,0x00,0x22,0x0e,0x10,0x00,
    0x1e,0x0a,0x10,0xc8,0x12,0x0b,0x2b,0x10,0xad,0x0f,0x1e,0x09,0x10,0xd1,0x04,0x1e,
    0x0c,0x00,0xe9,0x04,0x02,0x47,0x00,0x04,0x00,0x0b,0x01,0x00,0x01,0x0b,0x01,0x01,
    0x01,0x0b,0x01,0x03,0x01,0x0b,0x01,0x04,0x10,0xe0,0x16,0x1e,0x06,0x00,0xbe,0x8b,
    0x01,0x00,0x00,0x84,0x3e,0x00,0x93,0x02,0x0e,0xa1,0x04,0xf4,0x13,0x08,0xa6,0x02,
    0xe9,0x13,0x20,0xb7,0x02,0x20,0x0d,0x04,0xb8,0x02,0x90,0x01,0x1d,0x04,0xb7,0x02,
    0x99,0x01,0x0d,0x03,0xb5,0x02,0x17,0x20,0x01,0x3e,0x92,0x0a,0x07,0x18,0xb5,0x02,
    0x93,0x0a,0x20,0x00,0xb7,0x02,0x18,0x0b,0x04,0xd1,0x04,0xe8,0x05,0x08,0x95,0x05,
    0x17,0x1d,0xb1,0x04,0xc0,0x0f,0x1d,0x1d,0xae,0x02,0xe3,0x05,0x1d,0xbb,0x04,0x0b,
    0xa2,0x18,0x00,0x00,0x00,0x00,0xbb,0x04,0x0c,0x02,0x00,0x00,0x00,0x00,0xbb,0x04,
    0x0b,0x04,0x01,0x00,0x00,0x00,0xbb,0x04,0x0c,0x02,0x01,0x00,0x00,0x00,0xbb,0x04,
    0x0c,0x06,0x02,0x00,0x00,0x00,0xbb,0x04,0x0c,0x06,0x03,0x00,0x00,0x00,0x3e,0x95,
    0x1e,0x06,0x0c,0x3e,0xb2,0x01,0x06,0x65,0xb8,0x02,0xb7,0x0a,0x18,0x03,0xbb,0x04,
    0x0b,0xa0,0x27,0x04,0x00,0x00,0x00,0xbc,0x02,0x93,0x05,0x1d,0x96,0x14,0x9e,0x03,
    0xe5,0x0e,0x65,0x46,0x0c,0x0c,0x0c,0x0d,0x65,0xcc,0x11,0xb2,0x06,0x0c,0x94,0x3a,
    0x40,0x00,0x00,0x00,0xbc,0x02,0xb5,0x22,0x99,0x0a,0xa3,0x27,0xae,0x02,0xfd,0x22,
    0x88,0x16,0x3e,0xfa,0x09,0x02,0xc9,0x04,0x39,0xc6,0x09,0xa8,0x20,0x02,0x3e,0xed,
    0x27,0x02,0x65,0x39,0x89,0x05,0xe8,0x3c,0x06,0x3e,0x99,0x3e,0x02,0x0c,0x39,0x89,
    0x05,0x8a,0x37,0x06,0xbb,0x04,0x0c,0xe9,0x18,0x05,0x00,0x00,0x00,0x3e,0x9d,0x1e,
    0x02,0x0d,0x39,0xe2,0x05,0xb4,0x53,0x06,0xbb,0x04,0x0c,0x8f,0x35,0x06,0x00,0x00,
    0x00,0xbc,0x02,0xfd,0x05,0x65,0x96,0x14,0xbc,0x02,0x02,0x65,0x96,0x14,0xb7,0x02,
    0x97,0x22,0x0d,0x02,0xb7,0x02,0x02,0x0b,0x03,0xbb,0x04,0x0b,0xa2,0x28,0x09,0x00,
    0x00,0x00,0xbc,0x02,0xcf,0x09,0x18,0xa5,0x14,0xbc,0x02,0xa0,0x04,0x1d,0x96,0x14,
    0xbc,0x02,0x02,0x1d,0x96,0x14,0xbc,0x02,0x02,0x1d,0x96,0x14,0xbc,0x02,0x02,0x1d,
    0x96,0x14,0xde,0x83,0xc0,0x02,0xc7,0x19,0x65,0x65,0x65,0x65,0x9e,0x11,0x9f,0x11,
    0x65,0x46,0x65,0x1d,0x13,0x0d,0x0d,0x1d,0x1d,0x13,0x13,0x0d,0x0d,0x13,0x0d,0x0d,
    0x0d,0x0d,0x0d,0x0d,0x0d,0x0d,0x1d,0x14,0x0c,0x13,0x0c,0x0c,0x0c,0x0c,0x0d,0x0d,
    0xbd,0x0f,0x18,0x0d,0x1d,0x1d,0x13,0x0c,0x0d,0x13,0x0d,0x0d,0x1d,0x0c,0x0d,0x13,
    0x0d,0x0d,0x0d,0x0b,0x18,0x0d,0x0d,0x0b,0x0d,0x0d,0x18,0x0d,0x0d,0x0d,0x0d,0x0d,
    0x46,0x13,0x13,0x65,0x65,0x0d,0x0d,0x0d,0x0d,0xcd,0x11,0x0c,0x0d,0x0d,0x0d,0xce,
    0x11,0xcf,0x11,0x0c,0x0c,0x0c,0x0c,0x65,0x1d,0xd0,0x11,0x3e,0xfa,0x09,0x02,0xec,
    0x04,0x39,0xe9,0x09,0xb8,0x2b,0x02,0x3e,0xf1,0x34,0x01,0x0c,0x39,0x8c,0x05,0xba,
    0x36,0x01,0xb8,0x02,0xa5,0x3f,0x18,0x04,0xb8,0x02,0x0b,0x1d,0x03,0xce,0x02,0xa6,
    0x11,0x50,0x18,0x0d,0xbb,0x04,0x0b,0xb7,0x0d,0x00,0x01,0x00,0x00,0xbc,0x02,0xfe,
    0x01,0xa3,0x09,0xc7,0x02,0xae,0x02,0x8a,0x16,0xc6,0x03,0x3e,0xfa,0x09,0x02,0xcb,
    0x0e,0x39,0xc8,0x13,0xf8,0x0f,0x02,0x3e,0xed,0x2b,0x02,0x50,0xbb,0x04,0x0b,0x8c,
    0x1d,0x03,0x00,0x00,0x00,0xbb,0x04,0x0d,0x0d,0x00,0x00,0x00,0x00,0x94,0x02,0x85,
    0x28,0xbb,0x04,0x0d,0x82,0x02,0x00,0x00,0x80,0x3f,0xb7,0x02,0xef,0x01,0x0c,0x02,
    0xbb,0x04,0x0b,0xe4,0x29,0x00,0x08,0x00,0x00,0x89,0x03,0xdb,0x27,0x0d,0x01,0x00,
    0x00,0x00,0x01,0x00,0xab,0x02,0xd0,0x05,0x96,0x01,0x3e,0xfa,0x09,0x00,0xfe,0x03,
    0x39,0xfb,0x08,0xc8,0x34,0x00,0xae,0x02,0x8f,0x37,0x0c,0x3e,0xfa,0x09,0x09,0xd7,
    0x07,0x39,0xd4,0x0c,0xa2,0x17,0x09,0x3e,0xaf,0x26,0x09,0x0c,0xb7,0x02,0xed,0x09,
    0x0c,0x03,0xbb,0x04,0x0c,0xde,0x29,0x00,0x08,0x00,0x00,0xbc,0x02,0xa5,0x02,0x1d,
    0xc7,0x02,0xae,0x02,0xa7,0x27,0xf2,0x13,0x3e,0xf8,0x09,0x02,0x1e,0x39,0x9a,0x05,
    0xf6,0x34,0x02,0x89,0x03,0xfd,0x3b,0x0d,0x01,0x00,0x01,0x00,0x01,0x00,0xab,0x02,
    0xd2,0x04,0xd6,0x01,0x3e,0xfa,0x09,0x00,0xff,0x03,0x39,0xfc,0x08,0xe6,0x2a,0x00,
    0x3e,0xa7,0x32,0x01,0x1d,0x39,0x9b,0x05,0xce,0x33,0x01,0xbb,0x04,0x0c,0xf3,0x2c,
    0x00,0x02,0x00,0x00,0xbb,0x04,0x0c,0xff,0x0b,0x00,0x01,0x00,0x00,0x3e,0x98,0x05,
    0x01,0x17,0x39,0x94,0x05,0xb6,0x52,0x01,0x39,0x9b,0x05,0xb7,0x02,0x01,0xbc,0x02,
    0x97,0x53,0xa3,0x09,0xc7,0x02,0xae,0x02,0x8a,0x16,0xc7,0x03,0x3e,0xfa,0x09,0x02,
    0xcc,0x0e,0x39,0xc9,0x13,0xe2,0x25,0x02,0xbc,0x02,0x8d,0x25,0x1d,0xc7,0x02,0xae,
    0x02,0xa7,0x27,0xf3,0x13,0x3e,0xfa,0x09,0x02,0x1f,0x39,0x9c,0x05,0xbe,0x29,0x02,
    0xbb,0x04,0x0c,0xc3,0x07,0x5a,0x00,0x00,0x00,0xbb,0x04,0x0c,0x05,0x59,0x00,0x00,
    0x00,0x3e,0x8f,0x22,0x03,0x0c,0x39,0x8e,0x05,0xfc,0x29,0x03,0x39,0x8c,0x05,0xc8,
    0x12,0x01,0x3e,0xa5,0x3c,0x03,0x1d,0x39,0x9d,0x05,0xf8,0x2c,0x03,0x39,0x9d,0x05,
    0xd1,0x04,0x03,0xbc,0x02,0xed,0x24,0x0d,0x8d,0x14,0xde,0x02,0x84,0x20,0x1d,0x0d,
    0xf9,0x06,0xf9,0x06,0x3e,0x8b,0x25,0x03,0xfb,0x16,0x39,0xb5,0x04,0x9a,0x44,0x03,
    0x39,0x9d,0x05,0xad,0x08,0x03,0xad,0x06,0x1d,0xd1,0x44,0xc6,0x06,0x08,0xba,0x58,
    0x00,0x82,0x0a,0x18,0x82,0x66,0x39,0x95,0x05,0xb2,0x7d,0x07,0x01,0x0c,0xdb,0xce,
    0x01,0xb6,0x26,0x22,0xfe,0x38,0x00,0x01,0x0c,0x96,0x56,0x94,0x8f,0x01,0x33,0xe3,
    0x05,0xfa,0x3d,0xda,0x19,0x8b,0x14,0xd6,0x61,0x8b,0x14,0x01,0x65,0xbc,0x7b,0xbc,
    0x7b,0x33,0x8a,0x05,0x8d,0x24,0xda,0x19,0x8b,0x14,0xd6,0x61,0x91,0x14,0x01,0x0c,
    0xb4,0x2d,0xb4,0x2d,0x22,0xda,0xbd,0x02,0x00,0x33,0x8a,0x05,0xd9,0x63,0xda,0x19,
    0x8b,0x14,0xd6,0x61,0x94,0x14,0x01,0x0c,0x9d,0x87,0x01,0x9d,0x87,0x01,0x22,0xf2,
    0x59,0x00,0x33,0xe3,0x05,0xa0,0x87,0x01,0xda,0x19,0x8b,0x14,0xd6,0x61,0x9d,0x14,
    0x01,0x65,0xb7,0x88,0x01,0xb7,0x88,0x01,0x22,0xae,0x3c,0x00,0x01,0x1d,0x98,0x5d,
    0x8c,0xb9,0x01,0x01,0x0c,0xa7,0x75,0xca,0x40,0xc7,0x18,0x0c,0x8e,0xf8,0x01,0x8e,
    0xf8,0x01,0xe6,0xe8,0x02,0xcb,0x14,0x09,0xdd,0xb7,0x01,0xdd,0xb7,0x01,0x82,0x9a,
    0x01,0xa7,0x1e,0xb5,0x65,0x00,0xba,0x1e,0x00,0xfb,0x25,0xb5,0x65,0x18,0xfc,0x25,
    0x01,0x0c,0xf1,0x0c,0xd0,0x9a,0x01,0x13,0x8d,0x05,0xa1,0x70,0xa5,0x18,0x8b,0x14,
    0x01,0x0c,0xd0,0x7e,0xd0,0x7e,0xc0,0x10,0x0c,0xc6,0x63,0xf4,0x71,0xc6,0x63,0xcb,
    0x10,0x0c,0xb1,0x9d,0x01,0xb1,0x9d,0x01,0xda,0x85,0x01,0xc7,0x10,0x0c,0x94,0xc8,
    0x01,0xe2,0x2a,0xee,0xcd,0x02,0xd0,0x0a,0x16,0xf9,0x60,0x9a,0x67,0xf9,0x60,0xe8,
    0xee,0x01,0x01,0x0c,0xa0,0x14,0xf0,0xe2,0x01,0x99,0x1e,0x92,0x28,0x18,0x91,0x28,
    0xe5,0x1e,0x16,0xeb,0x35,0xbf,0x45,0x00,0x00,0x0a,0x3a,0x00,0x00,0x9c,0x33,0x00,
    0x00,0x96,0x5f,0x00,0x00,0xe5,0x1e,0x1d,0xaa,0x1d,0xc8,0x3d,0x00,0x00,0x0a,0x3a,
    0x00,0x00,0x36,0x3d,0x00,0x00,0x96,0x5f,0x00,0x00,0xe5,0x1e,0x0c,0x85,0x51,0x0b,
    0x0a,0x00,0x00,0x0a,0x3a,0x00,0x00,0xb5,0x5d,0x00,0x00,0x96,0x5f,0x00,0x00,0xc1,
    0x16,0x09,0xf5,0x14,0xf5,0x14,0xcf,0xa6,0x01,0xb6,0x1e,0x8b,0x07,0xdd,0xf9,0x01,
    0x00,0xba,0x1e,0x00,0xbf,0x18,0x8b,0x07,0x18,0xc0,0x18,0x33,0x8b,0x05,0x8c,0xc1,
    0x01,0xd5,0x1f,0x8b,0x14,0xe2,0x4c,0x8a,0x14,0x01,0x0d,0x85,0x8e,0x01,0x85,0x8e,
    0x01,0xc7,0x16,0x09,0x81,0x16,0x81,0x16,0xfa,0x91,0x01,0xa7,0x1e,0xae,0x4a,0x00,
    0xba,0x1e,0x00,0xf8,0x0b,0xae,0x4a,0x18,0xf7,0x0b,0xd2,0x0a,0x16,0xfe,0x3c,0xd4,
    0x51,0xf8,0x1d,0x02,0x01,0xff,0x03,0xb0,0x51,0xea,0xff,0x01,0xb4,0x0c,0xd6,0x01,
    0xeb,0x58,0xeb,0x58,0xef,0x0a,0x1d,0xfe,0x20,0xfe,0x20,0xc2,0x19,0x02,0x8b,0x14,
    0xce,0x10,0x1d,0xbb,0x7e,0xbb,0x7e,0xf5,0x49,0x4b,0x1d,0x9a,0x87,0x01,0xee,0x22,
    0x9a,0x87,0x01,0x99,0x1e,0xd4,0x9d,0x01,0x18,0xd3,0x9d,0x01,0xe5,0x1e,0x16,0xd4,
    0x5e,0x50,0x33,0x00,0x00,0x47,0x27,0x00,0x00,0xcc,0x3a,0x00,0x00,0x8d,0x2b,0x00,
    0x00,0xe5,0x1e,0x1d,0xb4,0x26,0xa5,0x3a,0x00,0x00,0x47,0x27,0x00,0x00,0x5c,0x43,
    0x00,0x00,0x8d,0x2b,0x00,0x00,0x99,0x1e,0xbf,0x89,0x01,0x18,0xc0,0x89,0x01,0xc0,
    0x10,0x0c,0xc1,0x07,0xa6,0xdd,0x01,0xce,0xce,0x02,0x99,0x1e,0xde,0x73,0x18,0x8f,
    0xeb,0x01,0x99,0x1e,0xf3,0x9b,0x01,0x18,0xf4,0x9b,0x01,0xe5,0x1e,0x1d,0xb0,0x5f,
    0xc8,0x3d,0x00,0x00,0xa0,0x2f,0x00,0x00,0xa5,0x3a,0x00,0x00,0xed,0x22,0x00,0x00,
    0x01,0x0c,0xf7,0x73,0xe8,0xd1,0x01,0xc7,0x18,0x0c,0xa9,0x5b,0xa9,0x5b,0xcc,0xb2,
    0x01,0xcb,0x14,0x09,0xbe,0x0a,0xbe,0x0a,0x84,0x9a,0x01,0xa7,0x1e,0x81,0x1c,0x00,
    0xba,0x1e,0x00,0xe1,0x24,0x81,0x1c,0x18,0xe2,0x24,0x01,0x17,0xba,0x04,0xd8,0x8e,
    0x01,0x01,0x1d,0xb4,0x11,0xc4,0xa2,0x01,0x3d,0x18,0xf6,0x20,0x9d,0x69,0x9d,0x69,
    0x18,0x22,0x91,0x1e,0x00,0xe9,0x06,0x08,0xc1,0x84,0x01,0xfc,0x51,0xd3,0xa2,0x01,
    0x97,0x52,0xcb,0x63,0x01,0x18,0xcc,0x57,0x87,0x4b,0xc1,0x0a,0x0d,0xbb,0x0a,0xbb,
    0x0a,0x00,0xd2,0x0a,0x1d,0xf3,0x3c,0xf3,0x3c,0xb6,0xa9,0x01,0x00,0xc1,0x0a,0x0d,
    0xb0,0xab,0x01,0x80,0x64,0x01,0xd2,0x0a,0x1d,0x89,0x3a,0x89,0x3a,0xa6,0x71,0x01,
    0xc1,0x0a,0x0d,0xfa,0x6b,0xf0,0x95,0x01,0x02,0xd2,0x0a,0x1d,0xe7,0xd6,0x01,0xe7,
    0xd6,0x01,0xed,0x6a,0x02,0x99,0x1e,0xa9,0x2e,0x18,0xaa,0x2e,0xe5,0x1e,0x1d,0x8a,
    0x55,0xbf,0x61,0x00,0x00,0xe7,0x49,0x00,0x00,0xf9,0x2b,0x00,0x00,0xbe,0x39,0x00,
    0x00,0x3d,0x18,0xce,0x29,0xce,0x29,0xce,0x29,0x18,0xc1,0x0a,0x0d,0x93,0x77,0x93,
    0x77,0x00,0xc1,0x0a,0x1d,0xbc,0x1c,0xc5,0x7a,0x00,0xce,0x10,0x1d,0xec,0x1b,0xec,
    0x1b,0xa8,0x38,0xc1,0x0a,0x0d,0xbe,0x14,0xad,0x2a,0x01,0xc1,0x0a,0x1d,0x99,0xd0,
    0x01,0xb5,0x9a,0x02,0x01,0xce,0x10,0x1d,0xde,0xbb,0x01,0xde,0xbb,0x01,0xbb,0x14,
    0xc1,0x0a,0x0d,0xbe,0x14,0xab,0x2a,0x02,0xc1,0x0a,0x1d,0x99,0xd0,0x01,0xb3,0x9a,
    0x02,0x02,0xce,0x10,0x1d,0xfa,0xc9,0x01,0xfa,0xc9,0x01,0x9f,0x06,0xc1,0x0a,0x1d,
    0xaf,0x7f,0xe9,0xcf,0x01,0x03,0x4b,0x1d,0x95,0x0d,0xc5,0x8c,0x01,0x95,0x0d,0x4b,
    0x1d,0xf6,0x41,0xb1,0x3c,0xf6,0x41,0x4b,0x1d,0xaa,0x1f,0x85,0x1d,0xaa,0x1f,0xb0,
    0x0a,0xf9,0x07,0xba,0x36,0xba,0x36,0x23,0xe3,0x05,0xb3,0x28,0xc5,0x1f,0x9a,0x14,
    0x8b,0x14,0x01,0x65,0xbf,0x76,0xbf,0x76,0xc1,0x0a,0x1d,0xe2,0xc7,0x01,0xee,0x28,
    0x00,0xc1,0x12,0x1d,0xab,0x9e,0x01,0xb6,0x29,0xab,0x9e,0x01,0x22,0xcc,0x8a,0x01,
    0x00,0xc9,0x06,0x1d,0x82,0x52,0xe2,0xdb,0x01,0x82,0x52,0x22,0xa0,0xe1,0x01,0x00,
    0xc1,0x0a,0x0d,0xef,0xaa,0x01,0xed,0x58,0x01,0x3f,0x0d,0xdc,0xd9,0x01,0xdc,0xd9,
    0x01,0xd2,0x0a,0x1d,0xe1,0x3d,0xe1,0x3d,0x8c,0x43,0x01,0x13,0x9d,0x05,0xae,0x19,
    0xc2,0x26,0x8b,0x14,0x22,0x00,0xae,0x19,0x8d,0x1e,0x88,0x06,0xc6,0x06,0x08,0x95,
    0xd7,0x01,0x00,0x8b,0x03,0xa7,0x06,0x95,0x05,0xee,0x85,0x02,0xa7,0x06,0x17,0xa9,
    0x21,0xa7,0x06,0x1d,0x92,0x0d,0x18,0xda,0x09,0xc1,0x0a,0x0d,0xd3,0xaf,0x01,0xf9,
    0xa5,0x01,0x03,0xce,0x16,0x09,0x92,0xaf,0x01,0x92,0xaf,0x01,0xf8,0x99,0x02,0xa7,
    0x1e,0xfe,0x24,0x00,0xba,0x1e,0x00,0xbc,0x9c,0x01,0xfe,0x24,0x18,0xbb,0x9c,0x01,
    0xc1,0x0a,0x0d,0xdc,0x72,0xc7,0x20,0x00,0xc1,0x0a,0x0b,0x83,0x39,0xb9,0x4c,0x00,
    0x01,0x18,0xc6,0x7b,0xe2,0x0d,0x33,0xcd,0x05,0x85,0x0d,0xc4,0x1b,0x8b,0x14,0xd6,
    0x6f,0x8b,0x14,0x01,0x50,0xd7,0x0f,0xd7,0x0f,0xb4,0x0a,0x56,0xc3,0x57,0x8a,0x4f,
    0x00,0x00,0xc1,0x0a,0x0d,0xe6,0x37,0xbb,0x3c,0x00,0xc1,0x0a,0x18,0xe9,0x20,0xfc,
    0x16,0x00,0xce,0x10,0x18,0xa4,0x0f,0xa4,0x0f,0xc5,0x11,0xc1,0x0a,0x0d,0xbe,0x14,
    0xc3,0x39,0x01,0xc1,0x0a,0x18,0xe4,0x59,0xc2,0x94,0x01,0x01,0xce,0x10,0x18,0x9f,
    0x6e,0x9f,0x6e,0xbb,0x14,0xc1,0x0a,0x0d,0xbe,0x14,0xc1,0x39,0x02,0xc1,0x0a,0x18,
    0xe4,0x59,0xc4,0x94,0x01,0x02,0xce,0x10,0x18,0x83,0x60,0x83,0x60,0x9f,0x06,0xc1,
    0x0a,0x18,0xaf,0x7f,0xef,0x4a,0x03,0x4b,0x18,0x95,0x0d,0xc5,0x8c,0x01,0x95,0x0d,
    0x4b,0x18,0xaa,0x54,0xfd,0x29,0xaa,0x54,0x4b,0x18,0x88,0x94,0x01,0x8c,0x6a,0x88,
    0x94,0x01,0xce,0x10,0x18,0xa3,0x6e,0xa3,0x6e,0xd7,0x0f,0xc1,0x0a,0x0d,0x86,0x65,
    0xe6,0x34,0x01,0xc1,0x0a,0x0b,0xaf,0x46,0xb7,0x04,0x01,0x01,0x18,0xc6,0x33,0xe4,
    0x0d,0x33,0xcd,0x05,0x85,0x0d,0xc4,0x1b,0x8b,0x14,0xd7,0x93,0x01,0x8b,0x14,0x01,
    0x50,0xd7,0x0f,0xd7,0x0f,0xb4,0x0a,0x56,0xc3,0x57,0x8b,0x4f,0x00,0x00,0xc1,0x0a,
    0x0d,0xe8,0x37,0xb9,0x3c,0x00,0xc1,0x0a,0x18,0xeb,0x20,0xfc,0x16,0x00,0xce,0x10,
    0x18,0xa6,0x0f,0xa6,0x0f,0xc5,0x11,0xc1,0x0a,0x0d,0xbe,0x14,0xc1,0x39,0x01,0xc1,
    0x0a,0x18,0xe4,0x59,0xc4,0x94,0x01,0x01,0xce,0x10,0x18,0x9f,0x6e,0x9f,0x6e,0xbb,
    0x14,0xc1,0x0a,0x0d,0xbe,0x14,0xbf,0x39,0x02,0xc1,0x0a,0x18,0xe4,0x59,0xc6,0x94,
    0x01,0x02,0xce,0x10,0x18,0x85,0x60,0x85,0x60,0xa1,0x06,0xc1,0x0a,0x18,0xaf,0x7f,
    0xef,0x4a,0x03,0x4b,0x18,0x95,0x0d,0xc5,0x8c,0x01,0x95,0x0d,0x4b,0x18,0xaa,0x54,
    0xff,0x29,0xaa,0x54,0x4b,0x18,0xa6,0xa2,0x01,0xa8,0x78,0xa6,0xa2,0x01,0xce,0x10,
    0x18,0xa3,0xfe,0x01,0xa3,0xfe,0x01,0xe5,0xe6,0x01,0x4b,0x18,0xd6,0x33,0x89,0x4e,
    0xd6,0x33,0xc1,0x0a,0x0d,0x8d,0x33,0xb7,0xb1,0x01,0x02,0xc1,0x0a,0x0b,0xb0,0x93,
    0x01,0xf5,0x10,0x02,0x01,0x18,0x86,0x40,0xe6,0x0d,0x33,0xcd,0x05,0x85,0x0d,0xc4,
    0x1b,0x8b,0x14,0xb8,0x8d,0x01,0x8b,0x14,0x01,0x50,0xd7,0x0f,0xd7,0x0f,0xb4,0x0a,
    0x56,0xc3,0x57,0x8c,0x4f,0x00,0x00,0xc1,0x0a,0x0d,0xe8,0x37,0xb9,0x3c,0x00,0xc1,
    0x0a,0x18,0xeb,0x20,0xfc,0x16,0x00,0xce,0x10,0x18,0xa8,0x0f,0xa8,0x0f,0xc3,0x11,
    0xc1,0x0a,0x0d,0xbe,0x14,0xbf,0x39,0x01,0xc1,0x0a,0x18,0xe4,0x59,0xc6,0x94,0x01,
    0x01,0xce,0x10,0x18,0x9f,0x6e,0x9f,0x6e,0xbb,0x14,0xc1,0x0a,0x0d,0xbe,0x14,0xbd,
    0x39,0x02,0xc1,0x0a,0x18,0xe4,0x59,0xc8,0x94,0x01,0x02,0xce,0x10,0x18,0x87,0x60,
    0x87,0x60,0xa3,0x06,0xc1,0x0a,0x18,0xaf,0x7f,0xef,0x4a,0x03,0x4b,0x18,0x95,0x0d,
    0xc5,0x8c,0x01,0x95,0x0d,0x4b,0x18,0xaa,0x54,0x81,0x2a,0xaa,0x54,0x4b,0x18,0xa6,
    0xa2,0x01,0xa6,0x78,0xa6,0xa2,0x01,0xce,0x10,0x18,0xa3,0xfe,0x01,0xa3,0xfe,0x01,
    0x45,0x4b,0x18,0xdc,0x2d,0xf7,0x05,0xdc,0x2d,0xc1,0x0a,0x0b,0x8a,0x0a,0x85,0x6d,
    0x03,0x01,0x18,0xb5,0x29,0xe5,0xb7,0x01,0x33,0xcd,0x05,0xc8,0xb8,0x01,0xc4,0x1b,
    0x8b,0x14,0xb0,0x5f,0x8b,0x14,0x01,0x50,0xd7,0x0f,0xd7,0x0f,0xb4,0x0a,0x56,0xc3,
    0x57,0x8d,0x4f,0x00,0x00,0xc1,0x0a,0x0d,0xe8,0x37,0x94,0x89,0x01,0x00,0xc1,0x0a,
    0x18,0xeb,0x20,0xfc,0x16,0x00,0xce,0x10,0x18,0xaa,0x0f,0xaa,0x0f,0xc1,0x11,0xc1,
    0x0a,0x0d,0xbe,0x14,0x90,0x8c,0x01,0x01,0xc1,0x0a,0x18,0xe4,0x59,0xc8,0x94,0x01,
    0x01,0xce,0x10,0x18,0x9f,0x6e,0x9f,0x6e,0xbb,0x14,0xc1,0x0a,0x0d,0xbe,0x14,0x92,
    0x8c,0x01,0x02,0xc1,0x0a,0x18,0xe4,0x59,0xca,0x94,0x01,0x02,0xce,0x10,0x18,0x89,
    0x60,0x89,0x60,0xa5,0x06,0xc1,0x0a,0x18,0xaf,0x7f,0xef,0x4a,0x03,0x4b,0x18,0x95,
    0x0d,0xc5,0x8c,0x01,0x95,0x0d,0x4b,0x18,0xaa,0x54,0x83,0x2a,0xaa,0x54,0x4b,0x18,
    0xa6,0xa2,0x01,0xa4,0x78,0xa6,0xa2,0x01,0xce,0x10,0x18,0xf9,0x83,0x02,0xf9,0x83,
    0x02,0xd7,0x11,0x4b,0x18,0xde,0x9f,0x01,0xae,0x6c,0xde,0x9f,0x01,0x22,0x8b,0x2c,
    0x00,0x8d,0x1e,0x18,0xf1,0x03,0xc1,0x0a,0x0d,0xb3,0x11,0x99,0x2d,0x00,0xc1,0x0a,
    0x0b,0xaf,0x2c,0xb7,0x4c,0x00,0x01,0x18,0xca,0x7b,0xe8,0x0d,0x33,0xcd,0x05,0x83,
    0x0d,0xc4,0x1b,0x8b,0x14,0xd7,0x6f,0x8b,0x14,0x01,0x50,0xd7,0x0f,0xd7,0x0f,0xb4,
    0x0a,0x56,0xc3,0x57,0x8e,0x4f,0x00,0x00,0xc1,0x0a,0x0d,0xe8,0x37,0xb7,0x3c,0x00,
    0xc1,0x0a,0x18,0xeb,0x20,0xfc,0x16,0x00,0xce,0x10,0x18,0xac,0x0f,0xac,0x0f,0xbf,
    0x11,0xc1,0x0a,0x0d,0xbe,0x14,0xb9,0x39,0x01,0xc1,0x0a,0x18,0xe4,0x59,0xca,0x94,
    0x01,0x01,0xce,0x10,0x18,0x9f,0x6e,0x9f,0x6e,0xbb,0x14,0xc1,0x0a,0x0d,0xbe,0x14,
    0xb7,0x39,0x02,0xc1,0x0a,0x18,0xe4,0x59,0xcc,0x94,0x01,0x02,0xce,0x10,0x18,0x8b,
    0x60,0x8b,0x60,0xa7,0x06,0xc1,0x0a,0x18,0xaf,0x7f,0xef,0x4a,0x03,0x4b,0x18,0x95,
    0x0d,0xc5,0x8c,0x01,0x95,0x0d,0x4b,0x18,0xaa,0x54,0x85,0x2a,0xaa,0x54,0x4b,0x18,
    0x82,0x94,0x01,0xfe,0x69,0x82,0x94,0x01,0xce,0x10,0x18,0xa3,0x6e,0xa3,0x6e,0x83,
    0x03,0xc1,0x0a,0x0d,0x86,0x65,0xe8,0x34,0x01,0xc1,0x0a,0x0b,0xaf,0x46,0xb5,0x04,
    0x01,0x01,0x18,0xca,0x33,0xea,0x0d,0x33,0xcd,0x05,0x83,0x0d,0xc4,0x1b,0x8b,0x14,
    0xd8,0x93,0x01,0x8b,0x14,0x01,0x50,0xd7,0x0f,0xd7,0x0f,0xb4,0x0a,0x56,0xc3,0x57,
    0x8f,0x4f,0x00,0x00,0xc1,0x0a,0x0d,0xe8,0x37,0xb7,0x3c,0x00,0xc1,0x0a,0x18,0xeb,
    0x20,0xfc,0x16,0x00,0xce,0x10,0x18,0xae,0x0f,0xae,0x0f,0xbd,0x11,0xc1,0x0a,0x0d,
    0xbe,0x14,0xb7,0x39,0x01,0xc1,0x0a,0x18,0xe4,0x59,0xcc,0x94,0x01,0x01,0xce,0x10,
    0x18,0x9f,0x6e,0x9f,0x6e,0xbb,0x14,0xc1,0x0a,0x0d,0xbe,0x14,0xb5,0x39,0x02,0xc1,
    0x0a,0x18,0xe4,0x59,0xce,0x94,0x01,0x02,0xce,0x10,0x18,0x8d,0x60,0x8d,0x60,0xa9,
    0x06,0xc1,0x0a,0x18,0xaf,0x7f,0xef,0x4a,0x03,0x4b,0x18,0x95,0x0d,0xc5,0x8c,0x01,
    0x95,0x0d,0x4b,0x18,0xaa,0x54,0x87,0x2a,0xaa,0x54,0x4b,0x18,0xa4,0xa2,0x01,0x9e,
    0x78,0xa4,0xa2,0x01,0xce,0x10,0x18,0xa5,0xfe,0x01,0xa5,0xfe,0x01,0xe3,0xe6,0x01,
    0x4b,0x18,0xd4,0x33,0x89,0x4e,0xd4,0x33,0xc1,0x0a,0x0d,0x8d,0x33,0xb5,0xb1,0x01,
    0x02,0xc1,0x0a,0x0b,0xb0,0x93,0x01,0xf3,0x10,0x02,0x01,0x18,0x8a,0x40,0xec,0x0d,
    0x33,0xcd,0x05,0x83,0x0d,0xc4,0x1b,0x8b,0x14,0xb9,0x8d,0x01,0x8b,0x14,0x01,0x50,
    0xd7,0x0f,0xd7,0x0f,0xb4,0x0a,0x56,0xc3,0x57,0x90,0x4f,0x00,0x00,0xc1,0x0a,0x0d,
    0xe8,0x37,0xb7,0x3c,0x00,0xc1,0x0a,0x18,0xeb,0x20,0xfc,0x16,0x00,0xce,0x10,0x18,
    0xb0,0x0f,0xb0,0x0f,0xbb,0x11,0xc1,0x0a,0x0d,0xbe,0x14,0xb5,0x39,0x01,0xc1,0x0a,
    0x18,0xe4,0x59,0xce,0x94,0x01,0x01,0xce,0x10,0x18,0x9f,0x6e,0x9f,0x6e,0xbb,0x14,
    0xc1,0x0a,0x0d,0xbe,0x14,0xb3,0x39,0x02,0xc1,0x0a,0x18,0xe4,0x59,0xd0,0x94,0x01,
    0x02,0xce,0x10,0x18,0x8f,0x60,0x8f,0x60,0xab,0x06,0xc1,0x0a,0x18,0xaf,0x7f,0xef,
    0x4a,0x03,0x4b,0x18,0x95,0x0d,0xc5,0x8c,0x01,0x95,0x0d,0x4b,0x18,0xaa,0x54,0x89,
    0x2a,0xaa,0x54,0x4b,0x18,0xa4,0xa2,0x01,0x9c,0x78,0xa4,0xa2,0x01,0xce,0x10,0x18,
    0xd7,0xf0,0x01,0xd7,0xf0,0x01,0x8a,0x0d,0x4b,0x18,0xc0,0xe2,0x01,0xbc,0xbc,0x01,
    0xc0,0xe2,0x01,0x3f,0x0d,0xba,0x08,0xc8,0xec,0x01,0xc3,0x10,0x0d,0xcf,0xa7,0x01,
    0xcf,0xa7,0x01,0xe2,0xd5,0x01,0xbd,0x0c,0x0b,0x83,0x72,0x83,0x72,0xc1,0x0a,0x0b,
    0x94,0x75,0xdf,0x50,0x03,0xc2,0x10,0x0b,0x8c,0x45,0x8c,0x45,0xec,0xf7,0x01,0xc0,
    0x10,0x0b,0xfc,0x43,0x9c,0xfe,0x01,0xfc,0x43,0x99,0x1e,0xd6,0xdf,0x01,0x18,0xd5,
    0xdf,0x01,0xe5,0x1e,0x18,0x92,0x23,0xc6,0x5d,0x00,0x00,0x49,0x47,0x00,0x00,0xc0,
    0x4c,0x00,0x00,0x7f,0x41,0x00,0x00,0xe5,0x1e,0x0b,0x95,0x29,0x79,0x19,0x00,0x00,
    0x49,0x47,0x00,0x00,0xf4,0x44,0x00,0x00,0x7f,0x41,0x00,0x00,0xc0,0x16,0x09,0x84,
    0x75,0x84,0x75,0xd5,0x70,0xb6,0x1e,0x87,0x58,0xc5,0x12,0x00,0xba,0x1e,0x00,0xc5,
    0x12,0x87,0x58,0x18,0xc6,0x12,0xc9,0x10,0x0b,0xd6,0x67,0xa0,0xef,0x01,0xcc,0xc3,
    0x02,0xbc,0x0e,0x0c,0xcf,0xcc,0x01,0xcf,0xcc,0x01,0xc6,0x10,0x0b,0xbc,0x28,0x8c,
    0x4b,0xb8,0x9f,0x01,0xbc,0x0e,0x0c,0xd3,0x33,0xd3,0x33,0xc0,0x0a,0x12,0xe0,0x01,
    0xb7,0x09,0xe0,0x01,0x01,0xfe,0x03,0xc4,0xca,0x01,0xd2,0x9b,0x02,0xb4,0x0c,0x96,
    0x01,0xbf,0xbb,0x01,0xbf,0xbb,0x01,0xef,0x0a,0x1d,0x85,0x41,0x85,0x41,0x81,0x32,
    0x02,0x8b,0x14,0x2d,0x13,0xfa,0xdf,0x01,0xfa,0xdf,0x01,0xfa,0xdf,0x01,0x10,0xc1,
    0x0a,0x0d,0xb2,0x06,0xb2,0x06,0x00,0xbd,0x0c,0x0b,0xe6,0x0d,0xe6,0x0d,0x01,0x18,
    0x91,0x75,0xc5,0x68,0x33,0xcd,0x05,0xb8,0x9b,0x01,0xc4,0x1b,0x8b,0x14,0xee,0xac,
    0x01,0x8b,0x14,0x01,0x50,0xdf,0x41,0xdf,0x41,0xb4,0x0a,0x56,0xc3,0x57,0x91,0x4f,
    0x00,0x00,0xc1,0x0a,0x0d,0xe8,0x37,0xfc,0x39,0x00,0xc1,0x0a,0x18,0xeb,0x20,0xfc,
    0x16,0x00,0xce,0x10,0x18,0xb2,0x0f,0xb2,0x0f,0xb9,0x11,0xc1,0x0a,0x0d,0xbe,0x14,
    0x80,0x3d,0x01,0xc1,0x0a,0x18,0xe4,0x59,0xd0,0x94,0x01,0x01,0xce,0x10,0x18,0x9f,
    0x6e,0x9f,0x6e,0xbb,0x14,0xc1,0x0a,0x0d,0xbe,0x14,0x82,0x3d,0x02,0xc1,0x0a,0x18,
    0xe4,0x59,0xd2,0x94,0x01,0x02,0xce,0x10,0x18,0x91,0x60,0x91,0x60,0xad,0x06,0xc1,
    0x0a,0x18,0xaf,0x7f,0xef,0x4a,0x03,0x4b,0x18,0x95,0x0d,0xc5,0x8c,0x01,0x95,0x0d,
    0x4b,0x18,0x8e,0x42,0xa7,0x3c,0x8e,0x42,0x4b,0x18,0x98,0x33,0x8d,0x09,0x98,0x33,
    0xc1,0x0a,0x0d,0xa8,0x10,0x9d,0x31,0x01,0xce,0x10,0x18,0xe5,0x16,0xbd,0x06,0xe5,
    0x16,0x4b,0x18,0xc0,0x35,0xb6,0x8b,0x01,0xc0,0x35,0xc0,0x10,0x0b,0x97,0x1f,0xb4,
    0x95,0x01,0xcc,0xeb,0x01,0x99,0x1e,0xb0,0x8f,0x01,0x18,0xd8,0x37,0x22,0xcf,0x01,
    0xf6,0xa3,0x01,0x8d,0x1e,0x88,0x06,0xc6,0x06,0x08,0xfb,0x84,0x02,0x00,0x8b,0x03,
    0xa7,0x06,0x95,0x05,0xbf,0x03,0xa7,0x06,0x17,0xd4,0x16,0xa7,0x06,0x1d,0xd7,0x12,
    0x18,0xa0,0xa3,0x02,0xc1,0x0a,0x0d,0xd3,0xaf,0x01,0xcc,0x73,0x03,0xce,0x16,0x09,
    0xa0,0x4a,0xa0,0x4a,0xd4,0xdc,0x01,0xa7,0x1e,0xfe,0x24,0x00,0xba,0x1e,0x00,0xbc,
    0x9c,0x01,0xfe,0x24,0x18,0xbb,0x9c,0x01,0xc1,0x0a,0x0d,0xdc,0x72,0x8c,0x94,0x01,
    0x00,0xc1,0x0a,0x0b,0x83,0x39,0xb0,0x48,0x00,0x01,0x18,0xc6,0x7b,0xca,0xda,0x01,
    0x33,0xcd,0x05,0xec,0x57,0xba,0x26,0x8b,0x14,0x84,0x51,0x8b,0x14,0x01,0x50,0xd7,
    0x0f,0xd7,0x0f,0xb4,0x0a,0x56,0xb5,0xbc,0x01,0x71,0x59,0x00,0x00,0xc1,0x0a,0x0d,
    0xe6,0x37,0xbb,0x3c,0x00,0xc1,0x0a,0x18,0xe9,0x20,0xfc,0x16,0x00,0xce,0x10,0x18,
    0x96,0x74,0x96,0x74,0xac,0x53,0xc1,0x0a,0x0d,0xbe,0x14,0xae,0x2b,0x01,0xc1,0x0a,
    0x18,0x8d,0x0b,0xc2,0x94,0x01,0x01,0xce,0x10,0x18,0xad,0x09,0xad,0x09,0xbb,0x14,
    0xc1,0x0a,0x0d,0xbe,0x14,0xb0,0x2b,0x02,0xc1,0x0a,0x18,0x8d,0x0b,0xc4,0x94,0x01,
    0x02,0xce,0x10,0x18,0xee,0x04,0xee,0x04,0x9f,0x06,0xc1,0x0a,0x18,0xaf,0x7f,0x82,
    0x1a,0x03,0x4b,0x18,0x95,0x0d,0xc5,0x8c,0x01,0x95,0x0d,0x4b,0x18,0xaa,0x54,0xfd,
    0x29,0xaa,0x54,0x4b,0x18,0x96,0x2f,0x9a,0x05,0x96,0x2f,0xce,0x10,0x18,0xb1,0x09,
    0xb1,0x09,0x9a,0x55,0xc1,0x0a,0x0d,0xf7,0xc4,0x01,0xae,0x24,0x01,0xc1,0x0a,0x0b,
    0xdc,0x7e,0xb2,0x90,0x01,0x01,0x01,0x18,0xc6,0x33,0xcc,0xda,0x01,0x33,0xcd,0x05,
    0xec,0x57,0xba,0x26,0x8b,0x14,0x85,0x75,0x8b,0x14,0x01,0x50,0xd7,0x0f,0xd7,0x0f,
    0xb4,0x0a,0x56,0xb5,0xbc,0x01,0x72,0x59,0x00,0x00,0xc1,0x0a,0x0d,0xe6,0x37,0xbb,
    0x3c,0x00,0xc1,0x0a,0x18,0xe9,0x20,0xfc,0x16,0x00,0xce,0x10,0x18,0x98,0x74,0x98,
    0x74,0xae,0x53,0xc1,0x0a,0x0d,0xbe,0x14,0xb0,0x2b,0x01,0xc1,0x0a,0x18,0x8d,0x0b,
    0xc4,0x94,0x01,0x01,0xce,0x10,0x18,0xad,0x09,0xad,0x09,0xbb,0x14,0xc1,0x0a,0x0d,
    0xbe,0x14,0xb2,0x2b,0x02,0xc1,0x0a,0x18,0x8d,0x0b,0xc6,0x94,0x01,0x02,0xce,0x10,
    0x18,0xec,0x04,0xec,0x04,0xa1,0x06,0xc1,0x0a,0x18,0xaf,0x7f,0x82,0x1a,0x03,0x4b,
    0x18,0x95,0x0d,0xc5,0x8c,0x01,0x95,0x0d,0x4b,0x18,0xaa,0x54,0xff,0x29,0xaa,0x54,
    0x4b,0x18,0xb4,0x3d,0xb6,0x13,0xb4,0x3d,0xce,0x10,0x18,0xb1,0x99,0x01,0xb1,0x99,
    0x01,0x98,0x43,0x4b,0x18,0x9b,0x31,0xfb,0xb2,0x01,0x9b,0x31,0xc1,0x0a,0x0d,0xe4,
    0x31,0x8e,0x68,0x02,0xc1,0x0a,0x0b,0xbe,0x2e,0xf4,0x83,0x01,0x02,0x01,0x18,0x86,
    0x40,0xce,0xda,0x01,0x33,0xcd,0x05,0xec,0x57,0xba,0x26,0x8b,0x14,0xe6,0x6e,0x8b,
    0x14,0x01,0x50,0xd7,0x0f,0xd7,0x0f,0xb4,0x0a,0x56,0xb5,0xbc,0x01,0x73,0x59,0x00,
    0x00,0xc1,0x0a,0x0d,0xe6,0x37,0xbb,0x3c,0x00,0xc1,0x0a,0x18,0xe9,0x20,0xfc,0x16,
    0x00,0xce,0x10,0x18,0x9a,0x74,0x9a,0x74,0xb0,0x53,0xc1,0x0a,0x0d,0xbe,0x14,0xb2,
    0x2b,0x01,0xc1,0x0a,0x18,0x8d,0x0b,0xc6,0x94,0x01,0x01,0xce,0x10,0x18,0xad,0x09,
    0xad,0x09,0xbb,0x14,0xc1,0x0a,0x0d,0xbe,0x14,0xb4,0x2b,0x02,0xc1,0x0a,0x18,0x8d,
    0x0b,0xc8,0x94,0x01,0x02,0xce,0x10,0x18,0xea,0x04,0xea,0x04,0xa3,0x06,0xc1,0x0a,
    0x18,0xaf,0x7f,0x82,0x1a,0x03,0x4b,0x18,0x95,0x0d,0xc5,0x8c,0x01,0x95,0x0d,0x4b,
    0x18,0xaa,0x54,0x81,0x2a,0xaa,0x54,0x4b,0x18,0xb4,0x3d,0xb4,0x13,0xb4,0x3d,0xce,
    0x10,0x18,0xb1,0x99,0x01,0xb1,0x99,0x01,0x45,0x4b,0x18,0x95,0x37,0xf7,0x05,0x95,
    0x37,0xc1,0x0a,0x0b,0xfe,0x6e,0xd8,0x8c,0x01,0x03,0x01,0x18,0xd4,0x9b,0x01,0x80,
    0xbf,0x02,0x33,0xcd,0x05,0xc3,0x0c,0xba,0x26,0x8b,0x14,0x98,0x73,0x8b,0x14,0x01,
    0x50,0xd7,0x0f,0xd7,0x0f,0xb4,0x0a,0x56,0xb5,0xbc,0x01,0x74,0x59,0x00,0x00,0xc1,
    0x0a,0x0d,0xe6,0x37,0xeb,0xa0,0x01,0x00,0xc1,0x0a,0x18,0xe9,0x20,0xfc,0x16,0x00,
    0xce,0x10,0x18,0x9c,0x74,0x9c,0x74,0xb2,0x53,0xc1,0x0a,0x0d,0xbe,0x14,0xfb,0x38,
    0x01,0xc1,0x0a,0x18,0x8d,0x0b,0xc8,0x94,0x01,0x01,0xce,0x10,0x18,0xad,0x09,0xad,
    0x09,0xbb,0x14,0xc1,0x0a,0x0d,0xbe,0x14,0xf9,0x38,0x02,0xc1,0x0a,0x18,0x8d,0x0b,
    0xca,0x94,0x01,0x02,0xce,0x10,0x18,0xe8,0x04,0xe8,0x04,0xa5,0x06,0xc1,0x0a,0x18,
    0xaf,0x7f,0x82,0x1a,0x03,0x4b,0x18,0x95,0x0d,0xc5,0x8c,0x01,0x95,0x0d,0x4b,0x18,
    0xaa,0x54,0x83,0x2a,0xaa,0x54,0x4b,0x18,0xb4,0x3d,0xb2,0x13,0xb4,0x3d,0xce,0x10,
    0x18,0x87,0x9f,0x01,0x87,0x9f,0x01,0xd7,0x11,0x4b,0x18,0xec,0x3a,0xae,0x6c,0xec,
    0x3a,0x22,0xdc,0xa0,0x01,0x00,0x8d,0x1e,0x18,0xf1,0x03,0xc1,0x0a,0x0d,0xbe,0x53,
    0xac,0xec,0x01,0x00,0xc1,0x0a,0x0b,0xa1,0x91,0x01,0xb2,0x48,0x00,0x01,0x18,0xca,
    0x7b,0xd0,0xda,0x01,0x33,0xcd,0x05,0xee,0x57,0xba,0x26,0x8b,0x14,0x85,0x51,0x8b,
    0x14,0x01,0x50,0xd7,0x0f,0xd7,0x0f,0xb4,0x0a,0x56,0xb5,0xbc,0x01,0x75,0x59,0x00,
    0x00,0xc1,0x0a,0x0d,0xe6,0x37,0xb9,0x3c,0x00,0xc1,0x0a,0x18,0xe9,0x20,0xfc,0x16,
    0x00,0xce,0x10,0x18,0x9e,0x74,0x9e,0x74,0xb4,0x53,0xc1,0x0a,0x0d,0xbe,0x14,0xb8,
    0x2b,0x01,0xc1,0x0a,0x18,0x8d,0x0b,0xca,0x94,0x01,0x01,0xce,0x10,0x18,0xad,0x09,
    0xad,0x09,0xbb,0x14,0xc1,0x0a,0x0d,0xbe,0x14,0xba,0x2b,0x02,0xc1,0x0a,0x18,0x8d,
    0x0b,0xcc,0x94,0x01,0x02,0xce,0x10,0x18,0xe6,0x04,0xe6,0x04,0xa7,0x06,0xc1,0x0a,
    0x18,0xaf,0x7f,0x82,0x1a,0x03,0x4b,0x18,0x95,0x0d,0xc5,0x8c,0x01,0x95,0x0d,0x4b,
    0x18,0xaa,0x54,0x85,0x2a,0xaa,0x54,0x4b,0x18,0x90,0x2f,0x8c,0x05,0x90,0x2f,0xce,
    0x10,0x18,0xb1,0x09,0xb1,0x09,0x83,0x03,0xc1,0x0a,0x0d,0xf7,0xc4,0x01,0xb0,0x24,
    0x01,0xc1,0x0a,0x0b,0xdc,0x7e,0xb4,0x90,0x01,0x01,0x01,0x18,0xca,0x33,0xd2,0xda,
    0x01,0x33,0xcd,0x05,0xee,0x57,0xba,0x26,0x8b,0x14,0x86,0x75,0x8b,0x14,0x01,0x50,
    0xd7,0x0f,0xd7,0x0f,0xb4,0x0a,0x56,0xb5,0xbc,0x01,0x76,0x59,0x00,0x00,0xc1,0x0a,
    0x0d,0xe6,0x37,0xb9,0x3c,0x00,0xc1,0x0a,0x18,0xe9,0x20,0xfc,0x16,0x00,0xce,0x10,
    0x18,0xa0,0x74,0xa0,0x74,0xb6,0x53,0xc1,0x0a,0x0d,0xbe,0x14,0xba,0x2b,0x01,0xc1,
    0x0a,0x18,0x8d,0x0b,0xcc,0x94,0x01,0x01,0xce,0x10,0x18,0xad,0x09,0xad,0x09,0xbb,
    0x14,0xc1,0x0a,0x0d,0xbe,0x14,0xbc,0x2b,0x02,0xc1,0x0a,0x18,0x8d,0x0b,0xce,0x94,
    0x01,0x02,0xce,0x10,0x18,0xe4,0x04,0xe4,0x04,0xa9,0x06,0xc1,0x0a,0x18,0xaf,0x7f,
    0x82,0x1a,0x03,0x4b,0x18,0x95,0x0d,0xc5,0x8c,0x01,0x95,0x0d,0x4b,0x18,0xaa,0x54,
    0x87,0x2a,0xaa,0x54,0x4b,0x18,0xb2,0x3d,0xac,0x13,0xb2,0x3d,0xce,0x10,0x18,0xb3,
    0x99,0x01,0xb3,0x99,0x01,0x9a,0x43,0x4b,0x18,0x9d,0x31,0xfb,0xb2,0x01,0x9d,0x31,
    0xc1,0x0a,0x0d,0xe4,0x31,0x90,0x68,0x02,0xc1,0x0a,0x0b,0xbe,0x2e,0xf6,0x83,0x01,
    0x02,0x01,0x18,0x8a,0x40,0xd4,0xda,0x01,0x33,0xcd,0x05,0xee,0x57,0xba,0x26,0x8b,
    0x14,0xe7,0x6e,0x8b,0x14,0x01,0x50,0xd7,0x0f,0xd7,0x0f,0xb4,0x0a,0x56,0xb5,0xbc,
    0x01,0x77,0x59,0x00,0x00,0xc1,0x0a,0x0d,0xe6,0x37,0xb9,0x3c,0x00,0xc1,0x0a,0x18,
    0xe9,0x20,0xfc,0x16,0x00,0xce,0x10,0x18,0xa2,0x74,0xa2,0x74,0xb8,0x53,0xc1,0x0a,
    0x0d,0xbe,0x14,0xbc,0x2b,0x01,0xc1,0x0a,0x18,0x8d,0x0b,0xce,0x94,0x01,0x01,0xce,
    0x10,0x18,0xad,0x09,0xad,0x09,0xbb,0x14,0xc1,0x0a,0x0d,0xbe,0x14,0xbe,0x2b,0x02,
    0xc1,0x0a,0x18,0x8d,0x0b,0xd0,0x94,0x01,0x02,0xce,0x10,0x18,0xe2,0x04,0xe2,0x04,
    0xab,0x06,0xc1,0x0a,0x18,0xaf,0x7f,0x82,0x1a,0x03,0x4b,0x18,0x95,0x0d,0xc5,0x8c,
    0x01,0x95,0x0d,0x4b,0x18,0xaa,0x54,0x89,0x2a,0xaa,0x54,0x4b,0x18,0xb2,0x3d,0xaa,
    0x13,0xb2,0x3d,0xce,0x10,0x18,0xe5,0x8b,0x01,0xe5,0x8b,0x01,0x8a,0x0d,0x4b,0x18,
    0xce,0x7d,0xbc,0xbc,0x01,0xce,0x7d,0x3f,0x0d,0xba,0x08,0xd6,0x87,0x01,0xc3,0x10,
    0x0d,0xdd,0x42,0xdd,0x42,0xb0,0xfd,0x01,0xbd,0x0c,0x0b,0x88,0x53,0x88,0x53,0xc1,
    0x0a,0x0b,0xf7,0x4f,0xfc,0xa8,0x01,0x03,0xc2,0x10,0x0b,0x8c,0x45,0x8c,0x45,0xba,
    0x9f,0x02,0xc0,0x10,0x0b,0x81,0xe6,0x01,0xed,0xf0,0x01,0x81,0xe6,0x01,0x99,0x1e,
    0xb3,0x8f,0x02,0x18,0xb4,0x8f,0x02,0xe5,0x1e,0x18,0xf9,0xa1,0x01,0x74,0x4e,0x00,
    0x00,0xf7,0x37,0x00,0x00,0x6e,0x3d,0x00,0x00,0x66,0x4b,0x00,0x00,0xe5,0x1e,0x0b,
    0x95,0x29,0xa6,0x54,0x00,0x00,0xf7,0x37,0x00,0x00,0xa2,0x35,0x00,0x00,0x66,0x4b,
    0x00,0x00,0xc0,0x16,0x09,0x92,0x10,0x92,0x10,0xb6,0x54,0xb6,0x1e,0x87,0x58,0xb7,
    0x77,0x00,0xba,0x1e,0x00,0xb7,0x77,0x87,0x58,0x18,0xb8,0x77,0xc9,0x10,0x0b,0xa7,
    0xc2,0x01,0xdd,0x3a,0x9c,0x41,0xbc,0x0e,0x0c,0xae,0x5d,0xae,0x5d,0xc6,0x10,0x0b,
    0xb5,0x3c,0xe5,0x19,0x94,0x62,0xbc,0x0e,0x0c,0xaa,0xf6,0x01,0xaa,0xf6,0x01,0xc0,
    0x0a,0x12,0xab,0xc3,0x01,0xb7,0x09,0xab,0xc3,0x01,0x01,0xfe,0x03,0xc4,0xca,0x01,
    0xa0,0xc3,0x02,0xb4,0x0c,0x96,0x01,0xbf,0xbb,0x01,0xbf,0xbb,0x01,0xef,0x0a,0x1d,
    0x85,0x41,0x85,0x41,0x81,0x32,0x02,0x8b,0x14,0x2d,0x13,0xfa,0xdf,0x01,0xfa,0xdf,
    0x01,0xfa,0xdf,0x01,0x10,0xc1,0x0a,0x0d,0xb2,0x06,0xb2,0x06,0x00,0xbd,0x0c,0x0b,
    0xe6,0x0d,0xe6,0x0d,0x01,0x18,0x83,0xda,0x01,0xa2,0x64,0x33,0xcd,0x05,0xd3,0x29,
    0xba,0x26,0x8b,0x14,0xd5,0xc0,0x01,0x8b,0x14,0x01,0x50,0x9e,0xe8,0x01,0x9e,0xe8,
    0x01,0xb4,0x0a,0x56,0xb3,0xbc,0x01,0x78,0x59,0x00,0x00,0xc1,0x0a,0x0d,0xe4,0x37,
    0xfa,0x39,0x00,0xc1,0x0a,0x18,0xe9,0x20,0xfa,0x16,0x00,0xce,0x10,0x18,0xa4,0x74,
    0xa4,0x74,0xba,0x53,0xc1,0x0a,0x0d,0xbe,0x14,0xf2,0xa1,0x01,0x01,0xc1,0x0a,0x18,
    0x8d,0x0b,0xce,0x94,0x01,0x01,0xce,0x10,0x18,0xad,0x09,0xad,0x09,0xbb,0x14,0xc1,
    0x0a,0x0d,0xbe,0x14,0xf4,0xa1,0x01,0x02,0xc1,0x0a,0x18,0x8d,0x0b,0xd0,0x94,0x01,
    0x02,0xce,0x10,0x18,0xe2,0x04,0xe2,0x04,0xab,0x06,0xc1,0x0a,0x18,0xb1,0x7f,0x80,
    0x1a,0x03,0x4b,0x18,0x95,0x0d,0xc7,0x8c,0x01,0x95,0x0d,0x4b,0x18,0x8e,0x42,0xa7,
    0x3c,0x8e,0x42,0x4b,0x18,0xd9,0x31,0xff,0x6d,0xd9,0x31,0xc1,0x0a,0x0d,0x9a,0x75,
    0x9d,0x31,0x01,0xce,0x10,0x18,0xe5,0x16,0xb4,0x5e,0xe5,0x16,0x4b,0x18,0xb1,0x2f,
    0xc4,0x26,0xb1,0x2f,0xc0,0x10,0x0b,0x97,0x1f,0xc2,0x30,0xa8,0xae,0x01,0x99,0x1e,
    0xcd,0x9a,0x01,0x18,0xd8,0x37,0x22,0x98,0xcb,0x01,0x84,0x3f,0x8d,0x1e,0x88,0x06,
    0xc6,0x06,0x1d,0xfd,0xd5,0x01,0x00,0xeb,0x0a,0xa7,0x06,0x1d,0xa2,0x25,0x18,0x8c,
    0x1d,0x39,0x95,0x05,0xe4,0xde,0x01,0x07,0x23,0x8b,0x05,0x8f,0x99,0x01,0xc5,0x1f,
    0x99,0x16,0x8a,0x14,0x01,0x0d,0xa5,0x1e,0xa5,0x1e,0xc4,0x16,0x09,0xb2,0x47,0xb2,
    0x47,0x94,0xc1,0x01,0xa7,0x1e,0xb9,0x66,0x00,0xba,0x1e,0x00,0xc5,0x58,0xb9,0x66,
    0x18,0xc6,0x58,0x9e,0x1e,0x60,0x17,0x00,0x00,0x18,0xf4,0x0d,0x01,0x65,0x95,0x5e,
    0x86,0x94,0x01,0x01,0x1d,0xb5,0x87,0x01,0x96,0x2c,0x01,0x0c,0xcc,0x16,0xc8,0x3f,
    0xc7,0x18,0x0c,0xa2,0xd2,0x01,0xa2,0xd2,0x01,0xf8,0xc1,0x02,0xcb,0x14,0x09,0xdd,
    0xb7,0x01,0xdd,0xb7,0x01,0x94,0x73,0xa7,0x1e,0xa7,0xca,0x01,0x00,0xba,0x1e,0x00,
    0xfb,0x25,0xa7,0xca,0x01,0x18,0xfc,0x25,0x01,0x0c,0xf1,0x0c,0xe2,0x73,0x13,0x8d,
    0x05,0xaf,0x0b,0xa5,0x18,0x8b,0x14,0x01,0x0c,0xde,0x19,0xde,0x19,0xc0,0x10,0x0c,
    0xc6,0x63,0xf4,0x71,0xc6,0x63,0xcb,0x10,0x0c,0xb1,0x9d,0x01,0xb1,0x9d,0x01,0xec,
    0x5e,0xc7,0x10,0x0c,0x94,0xc8,0x01,0xe2,0x2a,0x80,0xa7,0x02,0xd0,0x0a,0x16,0xf9,
    0x60,0x9a,0x67,0xf9,0x60,0xfa,0xc7,0x01,0x01,0x0c,0xa0,0x14,0x82,0xbc,0x01,0x99,
    0x1e,0x92,0x28,0x18,0x91,0x28,0xe5,0x1e,0x16,0xeb,0x35,0x08,0x3c,0x00,0x00,0x53,
    0x30,0x00,0x00,0xe6,0x29,0x00,0x00,0xdf,0x55,0x00,0x00,0xe5,0x1e,0x1d,0xaa,0x1d,
    0x8d,0x1a,0x00,0x00,0x53,0x30,0x00,0x00,0x7f,0x33,0x00,0x00,0xdf,0x55,0x00,0x00,
    0xe5,0x1e,0x0c,0x85,0x51,0x0b,0x0a,0x00,0x00,0x53,0x30,0x00,0x00,0xfe,0x53,0x00,
    0x00,0xdf,0x55,0x00,0x00,0xc1,0x16,0x09,0x88,0x95,0x02,0x88,0x95,0x02,0xae,0x83,
    0x01,0xb6,0x1e,0xf2,0xa2,0x02,0xa0,0x30,0x00,0xba,0x1e,0x00,0xcc,0xac,0x01,0xf2,
    0xa2,0x02,0x18,0xcb,0xac,0x01,0x33,0x8b,0x05,0x9a,0x5c,0xfb,0x19,0x8b,0x14,0xab,
    0x39,0x8a,0x14,0x01,0x0d,0x93,0x29,0x93,0x29,0xc7,0x16,0x09,0xf3,0x7a,0xf3,0x7a,
    0x8c,0x6b,0xa7,0x1e,0xcf,0xdf,0x01,0x00,0xba,0x1e,0x00,0xf8,0x0b,0xcf,0xdf,0x01,
    0x18,0xf7,0x0b,0xd2,0x0a,0x16,0xfe,0x3c,0xd4,0x51,0xf8,0x1d,0x02,0x01,0xff,0x03,
    0xb0,0x51,0xfc,0xd8,0x01,0xb4,0x0c,0xd6,0x01,0xeb,0x58,0xeb,0x58,0xef,0x0a,0x1d,
    0xfe,0x20,0xfe,0x20,0xc2,0x19,0x02,0x8b,0x14,0xce,0x10,0x1d,0xc9,0x19,0xc9,0x19,
    0xf5,0x49,0x4b,0x1d,0xa8,0x22,0xee,0x22,0xa8,0x22,0x99,0x1e,0xa9,0x8c,0x01,0x18,
    0xaa,0x8c,0x01,0xe5,0x1e,0x16,0xa7,0xcb,0x01,0x99,0x29,0x00,0x00,0xc9,0x36,0x00,
    0x00,0x15,0x31,0x00,0x00,0xd6,0x21,0x00,0x00,0xe5,0x1e,0x1d,0xb2,0x26,0xee,0x30,
    0x00,0x00,0xc9,0x36,0x00,0x00,0xa5,0x39,0x00,0x00,0xd6,0x21,0x00,0x00,0x99,0x1e,
    0xbf,0x89,0x01,0x18,0xc0,0x89,0x01,0xc0,0x10,0x0c,0xc1,0x07,0xa6,0xdd,0x01,0xe0,
    0xa7,0x02,0x99,0x1e,0xde,0x73,0x18,0x8f,0xeb,0x01,0x99,0x1e,0xe5,0x80,0x02,0x18,
    0xe6,0x80,0x02,0xe5,0x1e,0x1d,0xc1,0x05,0x8d,0x1a,0x00,0x00,0xf3,0x53,0x00,0x00,
    0xee,0x30,0x00,0x00,0x36,0x19,0x00,0x00,0x01,0x0c,0xf7,0x73,0xfa,0xaa,0x01,0xc7,
    0x18,0x0c,0xa9,0x5b,0xa9,0x5b,0xde,0x8b,0x01,0xcb,0x14,0x09,0xbe,0x0a,0xbe,0x0a,
    0x96,0x73,0xa7,0x1e,0xf3,0x80,0x01,0x00,0xba,0x1e,0x00,0xe1,0x24,0xf3,0x80,0x01,
    0x18,0xe2,0x24,0x01,0x17,0xba,0x04,0xea,0x67,0x01,0x1d,0xa6,0x76,0xc8,0xe0,0x01,
    0x3d,0x18,0xfb,0x43,0x9d,0x69,0x9d,0x69,0x18,0x22,0xbd,0x62,0x00,0xe9,0x06,0x08,
    0xc1,0x84,0x01,0xec,0x2b,0xff,0xe6,0x01,0x97,0x52,0xbd,0xc8,0x01,0x01,0x18,0xbe,
    0xbc,0x01,0xc1,0x2a,0xc1,0x0a,0x0d,0xad,0x6f,0xad,0x6f,0x00,0xd2,0x0a,0x1d,0xfe,
    0x27,0xfe,0x27,0xba,0xe7,0x01,0x00,0xc1,0x0a,0x0d,0xbe,0x46,0x71,0x01,0xd2,0x0a,
    0x1d,0x89,0x3a,0x89,0x3a,0xb4,0x0c,0x01,0xc1,0x0a,0x0d,0xfa,0x6b,0xfe,0x30,0x02,
    0xd2,0x0a,0x1d,0xe7,0xd6,0x01,0xe7,0xd6,0x01,0xed,0x6a,0x02,0x99,0x1e,0x9b,0x93,
    0x01,0x18,0x9c,0x93,0x01,0xe5,0x1e,0x1d,0xe7,0x0f,0x08,0x58,0x00,0x00,0x69,0x59,
    0x00,0x00,0x42,0x22,0x00,0x00,0x07,0x30,0x00,0x00,0x3d,0x18,0xce,0x29,0xce,0x29,
    0xce,0x29,0x18,0xc1,0x0a,0x0d,0x93,0x77,0x93,0x77,0x00,0xc1,0x0a,0x1d,0xbc,0x1c,
    0xa1,0x16,0x00,0xce,0x10,0x1d,0xec,0x1b,0xec,0x1b,0xa8,0x38,0xc1,0x0a,0x0d,0xbe,
    0x14,0xad,0x2a,0x01,0xc1,0x0a,0x1d,0xe4,0x59,0xec,0x73,0x01,0xce,0x10,0x1d,0x9f,
    0x6e,0x9f,0x6e,0xbb,0x14,0xc1,0x0a,0x0d,0xbe,0x14,0xab,0x2a,0x02,0xc1,0x0a,0x1d,
    0xe4,0x59,0xee,0x73,0x02,0xce,0x10,0x1d,0x83,0x60,0x83,0x60,0x9f,0x06,0xc1,0x0a,
    0x1d,0xaf,0x7f,0xc5,0x6b,0x03,0x4b,0x1d,0x95,0x0d,0xc5,0x8c,0x01,0x95,0x0d,0x4b,
    0x1d,0xae,0xa2,0x01,0x86,0x24,0xae,0xa2,0x01,0x4b,0x1d,0xdf,0x19,0xa8,0x0a,0xdf,
    0x19,0x13,0xe3,0x05,0xe7,0x72,0xc5,0x1f,0x96,0x16,0x01,0x65,0xf6,0xbe,0x01,0xf6,
    0xbe,0x01,0xc1,0x12,0x1d,0xe7,0x1a,0xe7,0x1a,0xa6,0x31,0x9e,0x1e,0xb4,0x4c,0x00,
    0x00,0x88,0x06,0x00,0x00,0x00,0x00,0x00,0x32,0x1d,0x00,0x00,0x00,0x00,0x00,0x00,
    0x4c,0x4f,0x4d,0x53,0x00,0x03,0x01,0x00,0x0b,0x00,0x08,0x00,0x70,0x62,0x00,0x00,
    0x00,0x00,0x00,0x00,0x64,0x4a,0x00,0x00,0x91,0x02,0x01,0x91,0x02,0x20,0xd1,0x10,
    0x02,0x47,0x4c,0x53,0x4c,0x2e,0x73,0x74,0x64,0x2e,0x34,0x35,0x30,0x00,0x00,0x00,
    0x00,0xa0,0x04,0x00,0x01,0xef,0x0f,0x00,0x9f,0x2c,0xed,0xc2,0xa5,0xf3,0x06,0x00,
    0x8c,0x1a,0xa9,0x20,0x82,0x1f,0xaf,0x2e,0x93,0x2d,0xb0,0x23,0xd9,0x1b,0xb0,0x19,
    0xc2,0x26,0xab,0x22,0x10,0xec,0x23,0x06,0x10,0x37,0xc5,0x09,0x0e,0x00,0x05,0x00,
    0x07,0x01,0x10,0x00,0x23,0x00,0x01,0x05,0x00,0x07,0x01,0x10,0x00,0x23,0x40,0x01,
    0x23,0x30,0x01,0x23,0x04,0x01,0x23,0x04,0x01,0x23,0x04,0x01,0x05,0x00,0x07,0x01,
    0x10,0x00,0x23,0x04,0x01,0x23,0x40,0x10,0xa0,0x34,0x01,0x01,0x10,0xf9,0x4a,0x06,
    0x80,0x02,0x00,0xca,0x12,0x02,0x47,0x00,0x01,0x00,0x23,0x00,0x10,0x9e,0x1d,0x21,
    0x00,0x10,0x00,0x22,0x01,0x00,0x64,0x0e,0x10,0x00,0x1e,0x0a,0x10,0xb2,0x21,0x01,
    0x08,0x10,0x99,0x30,0x06,0x40,0x10,0x02,0x06,0x40,0x10,0xd7,0x05,0x06,0x10,0x10,
    0x94,0x04,0x06,0x10,0x10,0x02,0x06,0x10,0x10,0x02,0x06,0x10,0x10,0x02,0x06,0x10,
    0x00,0xfb,0x0e,0x02,0x37,0x00,0x99,0x00,0x05,0x00,0x07,0x01,0x10,0x00,0x23,0x00,
    0x01,0x05,0x00,0x07,0x01,0x10,0x00,0x23,0x40,0x01,0x05,0x00,0x07,0x01,0x10,0x00,
    0x23,0x40,0x01,0x05,0x00,0x07,0x01,0x10,0x00,0x23,0x40,0x01,0x05,0x00,0x07,0x01,
    0x10,0x00,0x23,0x40,0x01,0x05,0x00,0x07,0x01,0x10,0x00,0x23,0x80,0x02,0x01,0x05,
    0x00,0x07,0x01,0x10,0x00,0x23,0x80,0x02,0x01,0x05,0x00,0x07,0x01,0x10,0x00,0x23,
    0x40,0x01,0x05,0x00,0x07,0x01,0x10,0x00,0x23,0x30,0x01,0x23,0x40,0x01,0x23,0x10,
    0x01,0x23,0x08,0x01,0x23,0x04,0x01,0x23,0x04,0x01,0x23,0x10,0x01,0x23,0x10,0x01,
    0x23,0x08,0x01,0x23,0x08,0x01,0x23,0x04,0x01,0x00,0x00,0x23,0x04,0x01,0x23,0x08,
    0x01,0x23,0x04,0x01,0x23,0x04,0x01,0x23,0x04,0x01,0x23,0x04,0x01,0x23,0x04,0x01,
    0x00,0x00,0x23,0x04,0x01,0x00,0x00,0x23,0x04,0x01,0x00,0x00,0x23,0x04,0x01,0x00,
    0x00,0x23,0x10,0x01,0x00,0x00,0x23,0x0c,0x01,0x00,0x00,0x23,0x04,0x01,0x00,0x00,
    0x23,0x08,0x01,0x00,0x00,0x23,0x04,0x01,0x00,0x00,0x23,0x04,0x01,0x00,0x00,0x23,
    0x04,0x01,0x23,0x04,0x01,0x00,0x00,0x23,0x04,0x01,0x00,0x00,0x23,0x04,0x01,0x23,
    0x90,0x01,0x01,0x00,0x00,0x23,0x0c,0x01,0x23,0x04,0x01,0x23,0x10,0x01,0x23,0x10,
    0x01,0x00,0x00,0x23,0x08,0x01,0x00,0x00,0x23,0x04,0x01,0x23,0x04,0x01,0x00,0x00,
    0x23,0x08,0x01,0x00,0x00,0x23,0x04,0x01,0x23,0x04,0x01,0x00,0x00,0x23,0x10,0x01,
    0x00,0x00,0x23,0x04,0x01,0x23,0x04,0x01,0x00,0x00,0x23,0x08,0x01,0x23,0x04,0x01,
    0x00,0x00,0x23,0x04,0x01,0x00,0x00,0x23,0x04,0x01,0x23,0x04,0x01,0x23,0x0c,0x01,
    0x23,0x04,0x01,0x23,0x04,0x01,0x23,0x04,0x01,0x23,0x04,0x01,0x23,0x04,0x01,0x23,
    0x0c,0x01,0x23,0x04,0x01,0x23,0x04,0x01,0x23,0x04,0x01,0x23,0x04,0x01,0x05,0x00,
    0x07,0x01,0x10,0x00,0x23,0x04,0x01,0x23,0x30,0x01,0x23,0x08,0x01,0x05,0x00,0x07,
    0x01,0x10,0x00,0x23,0x08,0x01,0x05,0x00,0x07,0x01,0x10,0x00,0x23,0x40,0x01,0x00,
    0x00,0x23,0x40,0x01,0x00,0x00,0x23,0x04,0x01,0x00,0x00,0x23,0x04,0x01,0x00,0x00,
    0x23,0x04,0x01,0x23,0x04,0x01,0x23,0x40,0x01,0x00,0x00,0x23,0x04,0x01,0x00,0x00,
    0x23,0x04,0x01,0x00,0x00,0x23,0x04,0x01,0x23,0x04,0x01,0x23,0x40,0x01,0x00,0x00,
    0x23,0x40,0x01,0x00,0x00,0x23,0x04,0x01,0x00,0x00,0x23,0x04,0x01,0x00,0x00,0x23,
    0x04,0x01,0x05,0x00,0x07,0x01,0x10,0x00,0x23,0x04,0x01,0x23,0x40,0x01,0x00,0x00,
    0x23,0x10,0x10,0x92,0x2a,0x21,0x00,0x10,0x00,0x22,0x00,0x10,0xc8,0x01,0x0b,0x2a,
    0x37,0x8b,0x2e,0x05,0x00,0x05,0x00,0x07,0x01,0x10,0x00,0x23,0x00,0x01,0x23,0x30,
    0x01,0x23,0x0c,0x10,0x9d,0x03,0x06,0x40,0x00,0xa6,0x1e,0x02,0x47,0x00,0x01,0x00,
    0x23,0x00,0x10,0xba,0x09,0x21,0x01,0x10,0x00,0x22,0x01,0x10,0xb6,0x0f,0x21,0x05,
    0x10,0x00,0x22,0x01,0x00,0x8f,0x37,0x02,0x47,0x00,0x01,0x00,0x23,0x00,0x10,0xb4,
    0x19,0x06,0x10,0x00,0xab,0x26,0x02,0x37,0x00,0x02,0x00,0x00,0x00,0x23,0x00,0x10,
    0xf4,0x3c,0x21,0x02,0x10,0x00,0x22,0x01,0x10,0xcb,0x02,0x21,0x03,0x10,0x00,0x22,
    0x01,0x10,0xa6,0x01,0x1e,0x00,0x10,0xda,0x1e,0x1e,0x05,0x10,0xb7,0x02,0x1e,0x06,
    0x10,0xfb,0x4a,0x06,0x40,0x00,0xa6,0x1e,0x02,0x47,0x00,0x01,0x00,0x23,0x00,0x10,
    0xa4,0x1f,0x21,0x06,0x10,0x00,0x22,0x01,0x10,0x8f,0x24,0x06,0x10,0x00,0xab,0x26,
    0x02,0x37,0x00,0x02,0x00,0x00,0x00,0x23,0x00,0x10,0xbe,0x31,0x21,0x07,0x10,0x00,
    0x22,0x01,0x10,0xea,0x12,0x0b,0x2b,0x10,0xad,0x0f,0x1e,0x09,0x10,0xd1,0x04,0x1e,
    0x0c,0x00,0xc3,0x32,0x02,0x47,0x00,0x04,0x00,0x0b,0x01,0x00,0x01,0x0b,0x01,0x01,
    0x01,0x0b,0x01,0x03,0x01,0x0b,0x01,0x04,0x10,0xba,0x44,0x1e,0x06,0x00,0xbe,0x8b,
    0x01,0x00,0x00,0x84,0x3e,0x00,0x93,0x02,0x0e,0xa1,0x04,0xf4,0x13,0x08,0xa6,0x02,
    0xe9,0x13,0x20,0xb7,0x02,0x20,0x0d,0x04,0xb8,0x02,0x90,0x01,0x1d,0x04,0xb7,0x02,
    0x99,0x01,0x0d,0x03,0xb5,0x02,0x17,0x20,0x01,0x3e,0x92,0x0a,0x07,0x18,0xb5,0x02,
    0x93,0x0a,0x20,0x00,0xb7,0x02,0x18,0x0b,0x04,0xd1,0x04,0xe8,0x05,0x08,0x95,0x05,
    0x17,0x1d,0xb1,0x04,0xc0,0x0f,0x1d,0x1d,0xae,0x02,0xe3,0x05,0x1d,0xbb,0x04,0x0b,
    0xa2,0x18,0x00,0x00,0x00,0x00,0xbb,0x04,0x0c,0x02,0x00,0x00,0x00,0x00,0xbb,0x04,
    0x0b,0x04,0x01,0x00,0x00,0x00,0xbb,0x04,0x0c,0x02,0x01,0x00,0x00,0x00,0xbb,0x04,
    0x0b,0x04,0x02,0x00,0x00,0x00,0xbb,0x04,0x0c,0x02,0x02,0x00,0x00,0x00,0xbb,0x04,
    0x0c,0x06,0x03,0x00,0x00,0x00,0x3e,0x95,0x1e,0x06,0x0c,0x3e,0xb2,0x01,0x06,0x65,
    0xb8,0x02,0xb7,0x0a,0x18,0x03,0xbb,0x04,0x0b,0xa0,0x27,0x04,0x00,0x00,0x00,0xbc,
    0x02,0xbf,0x04,0x1d,0x96,0x14,0x9e,0x03,0xc5,0x09,0x65,0x46,0x0c,0x0c,0x0c,0x0d,
    0x65,0xf6,0x11,0xb2,0x06,0x0c,0xa0,0x34,0x40,0x00,0x00,0x00,0xbc,0x02,0xf9,0x4a,
    0x93,0x0d,0xa3,0x27,0xae,0x02,0xca,0x12,0xe6,0x01,0x3e,0xfa,0x09,0x02,0x8b,0x0b,
    0x39,0x88,0x10,0xa4,0x13,0x02,0x3e,0xed,0x27,0x02,0x65,0x39,0x89,0x05,0xe8,0x3c,
    0x06,0x3e,0x99,0x3e,0x02,0x0c,0x39,0x89,0x05,0x8a,0x37,0x06,0xbb,0x04,0x0c,0xe9,
    0x18,0x05,0x00,0x00,0x00,0x3e,0x9d,0x1e,0x02,0x0d,0x39,0xe2,0x05,0xb4,0x53,0x06,
    0xbb,0x04,0x0c,0x8f,0x35,0x06,0x00,0x00,0x00,0x3e,0xa1,0x1e,0x03,0x0c,0x39,0x8c,
    0x05,0x80,0x2a,0x03,0xb2,0x06,0x0c,0xb2,0x21,0x02,0x00,0x00,0x00,0xbc,0x02,0x99,
    0x30,0x65,0x96,0x14,0xbc,0x02,0x02,0x65,0x96,0x14,0xb7,0x02,0x8b,0x25,0x0d,0x02,
    0xb7,0x02,0x02,0x0b,0x03,0xbb,0x04,0x0b,0xa2,0x28,0x09,0x00,0x00,0x00,0xbc,0x02,
    0xef,0x08,0x18,0xa5,0x14,0xbc,0x02,0x94,0x04,0x1d,0x96,0x14,0xbc,0x02,0x02,0x1d,
    0x96,0x14,0xbc,0x02,0x02,0x1d,0x96,0x14,0xbc,0x02,0x02,0x1d,0x96,0x14,0xde,0x83,
    0xc0,0x02,0xfb,0x0e,0x65,0x65,0x65,0x65,0xd8,0x12,0xd9,0x12,0x65,0x46,0x65,0x1d,
    0x13,0x0d,0x0d,0x1d,0x1d,0x13,0x13,0x0d,0x0d,0x13,0x0d,0x0d,0x0d,0x0d,0x0d,0x0d,
    0x0d,0x0d,0x1d,0x14,0x0c,0x13,0x0c,0x0c,0x0c,0x0c,0x0d,0x0d,0xed,0x0f,0x18,0x0d,
    0x1d,0x1d,0x13,0x0c,0x0d,0x13,0x0d,0x0d,0x1d,0x0c,0x0d,0x13,0x0d,0x0d,0x0d,0x0b,
    0x18,0x0d,0x0d,0x0b,0x0d,0x0d,0x18,0x0d,0x0d,0x0d,0x0d,0x0d,0x46,0x13,0x13,0x65,
    0x65,0x0d,0x0d,0x0d,0x0d,0xf7,0x11,0x0c,0x0d,0x0d,0x0d,0xf8,0x11,0xf9,0x11,0x0c,
    0x0c,0x0c,0x0c,0x65,0x1d,0xfa,0x11,0x3e,0xfa,0x09,0x02,0xbc,0x0a,0x39,0xb9,0x0f,
    0x98,0x20,0x02,0x3e,0xef,0x34,0x01,0x0c,0x39,0x8d,0x05,0xb8,0x36,0x01,0xb8,0x02,
    0xa5,0x3f,0x18,0x04,0xb8,0x02,0x0b,0x1d,0x03,0xce,0x02,0xa6,0x11,0x50,0x18,0x0d,
    0xbb,0x04,0x0b,0xb7,0x0d,0x00,0x01,0x00,0x00,0xbc,0x02,0x9a,0x0a,0xa3,0x09,0xc7,
    0x02,0xae,0x02,0xa6,0x1e,0xd4,0x07,0x3e,0x8b,0x25,0x02,0xe7,0x16,0x39,0xa1,0x04,
    0xc6,0x2e,0x02,0x3e,0xed,0x2b,0x02,0x50,0xbb,0x04,0x0b,0x8c,0x1d,0x03,0x00,0x00,
    0x00,0xbb,0x04,0x0d,0x0d,0x00,0x00,0x00,0x00,0x94,0x02,0x85,0x28,0xbb,0x04,0x0d,
    0x82,0x02,0x00,0x00,0x80,0x3f,0xb7,0x02,0xef,0x01,0x0c,0x02,0xbb,0x04,0x0b,0xe4,
    0x29,0x00,0x08,0x00,0x00,0x89,0x03,0xdb,0x27,0x0d,0x01,0x00,0x00,0x00,0x01,0x00,
    0xab,0x02,0xd0,0x05,0x96,0x01,0x3e,0xfa,0x09,0x00,0xfe,0x03,0x39,0xfb,0x08,0xc8,
    0x34,0x00,0xae,0x02,0x8f,0x37,0x0c,0x3e,0xfa,0x09,0x09,0xd7,0x07,0x39,0xd4,0x0c,
    0xa2,0x17,0x09,0x3e,0xad,0x26,0x09,0x0c,0xb7,0x02,0xef,0x09,0x0c,0x03,0xbb,0x04,
    0x0c,0xde,0x29,0x00,0x08,0x00,0x00,0xbc,0x02,0xa7,0x01,0x1d,0xc7,0x02,0xae,0x02,
    0xab,0x26,0xb1,0x14,0x3e,0xfa,0x09,0x02,0x9b,0x01,0x39,0x98,0x06,0xfa,0x32,0x02,
    0x89,0x03,0xfd,0x3b,0x0d,0x01,0x00,0x01,0x00,0x01,0x00,0xab,0x02,0xd2,0x04,0xd6,
    0x01,0x3e,0xfa,0x09,0x00,0xff,0x03,0x39,0xfc,0x08,0xe6,0x2a,0x00,0x3e,0xa9,0x32,
    0x01,0x1d,0x39,0x9a,0x05,0xd0,0x33,0x01,0xbb,0x04,0x0c,0xf3,0x2c,0x00,0x02,0x00,
    0x00,0xbb,0x04,0x0c,0xff,0x0b,0x00,0x01,0x00,0x00,0x3e,0x98,0x05,0x01,0x17,0x39,
    0x94,0x05,0xb6,0x52,0x01,0x39,0x9a,0x05,0xb7,0x02,0x01,0xbc,0x02,0xfb,0x4a,0xa3,
    0x09,0xc7,0x02,0xae,0x02,0xa6,0x1e,0xd5,0x07,0x3e,0x8b,0x25,0x02,0xe8,0x16,0x39,
    0xa2,0x04,0xb0,0x44,0x02,0xbc,0x02,0x8f,0x24,0x1d,0xc7,0x02,0xae,0x02,0xab,0x26,
    0xb2,0x14,0x3e,0xfa,0x09,0x02,0x9c,0x01,0x39,0x99,0x06,0xc4,0x27,0x02,0xbb,0x04,
    0x0c,0xc3,0x07,0x5a,0x00,0x00,0x00,0xbb,0x04,0x0c,0x05,0x59,0x00,0x00,0x00,0x39,
    0x8d,0x05,0xb4,0x1a,0x01,0x3e,0xa9,0x3c,0x03,0x1d,0x39,0x9b,0x05,0xfc,0x2c,0x03,
    0x39,0x9b,0x05,0xd1,0x04,0x03,0xbb,0x04,0x0d,0xad,0x32,0x00,0x00,0x00,0x40,0xbb,
    0x04,0x0d,0xd0,0x0c,0x00,0x00,0x80,0xbf,0xbc,0x02,0x8e,0x01,0x0d,0x90,0x14,0xbc,
    0x02,0x13,0x0d,0x8d,0x14,0xde,0x02,0xdf,0x0d,0x1d,0x0d,0x88,0x07,0xfe,0x06,0x3e,
    0x82,0x0a,0x03,0x0e,0x39,0x8f,0x05,0xe6,0x42,0x03,0x3e,0xe3,0x42,0x03,0x0d,0x39,
    0x9b,0x05,0xb6,0x3a,0x03,0xad,0x06,0x1d,0xd1,0x44,0xc6,0x06,0x08,0xba,0x58,0x00,
    0x82,0x0a,0x18,0x82,0x66,0x39,0x95,0x05,0xb2,0x7d,0x07,0x01,0x0c,0xdb,0xce,0x01,
    0xb6,0x26,0x22,0xfe,0x38,0x00,0x01,0x0c,0x90,0xc4,0x01,0x8e,0xfd,0x01,0xc7,0x10,
    0x0c,0xc7,0x51,0xc7,0x51,0x94,0x8a,0x01,0x33,0xe3,0x05,0xeb,0x2a,0xda,0x19,0x8b,
    0x14,0xef,0x6f,0x8b,0x14,0x01,0x65,0x96,0x80,0x01,0x96,0x80,0x01,0x33,0x8a,0x05,
    0xcc,0x23,0xda,0x19,0x8b,0x14,0xef,0x6f,0x91,0x14,0x01,0x0c,0xb4,0x2d,0xb4,0x2d,
    0x22,0xda,0xbd,0x02,0x00,0x33,0x8a,0x05,0xd9,0x63,0xda,0x19,0x8b,0x14,0xef,0x6f,
    0x94,0x14,0x01,0x0c,0x9d,0x87,0x01,0x9d,0x87,0x01,0x22,0xf2,0x59,0x00,0x33,0xe3,
    0x05,0xa0,0x87,0x01,0xda,0x19,0x8b,0x14,0xef,0x6f,0x9d,0x14,0x01,0x65,0xb7,0x88,
    0x01,0xb7,0x88,0x01,0x22,0xae,0x3c,0x00,0x01,0x1d,0x98,0x5d,0x8c,0xb9,0x01,0x01,
    0x0c,0xa7,0x75,0xca,0x40,0xc7,0x18,0x0c,0x8e,0xf8,0x01,0x8e,0xf8,0x01,0xe6,0xe8,
    0x02,0xcb,0x14,0x09,0xdd,0xb7,0x01,0xdd,0xb7,0x01,0x82,0x9a,0x01,0xa7,0x1e,0xb5,
    0x65,0x00,0xba,0x1e,0x00,0xfb,0x25,0xb5,0x65,0x18,0xfc,0x25,0x01,0x0c,0xf1,0x0c,
    0xd0,0x9a,0x01,0x13,0x8e,0x05,0xa1,0x70,0xa5,0x18,0x8b,0x14,0x01,0x0c,0xd0,0x7e,
    0xd0,0x7e,0xc0,0x10,0x0c,0xc6,0x63,0xf4,0x71,0xc6,0x63,0xcb,0x10,0x0c,0xb1,0x9d,
    0x01,0xb1,0x9d,0x01,0xda,0x85,0x01,0xc7,0x10,0x0c,0x94,0xc8,0x01,0xe2,0x2a,0xee,
    0xcd,0x02,0xd0,0x0a,0x16,0xf9,0x60,0x9a,0x67,0xf9,0x60,0xe8,0xee,0x01,0x01,0x0c,
    0xa0,0x14,0xf0,0xe2,0x01,0x99,0x1e,0x92,0x28,0x18,0x91,0x28,0xe5,0x1e,0x16,0xeb,
    0x35,0xbf,0x45,0x00,0x00,0x0a,0x3a,0x00,0x00,0x9c,0x33,0x00,0x00,0x96,0x5f,0x00,
    0x00,0xe5,0x1e,0x1d,0xaa,0x1d,0xc8,0x3d,0x00,0x00,0x0a,0x3a,0x00,0x00,0x36,0x3d,
    0x00,0x00,0x96,0x5f,0x00,0x00,0xe5,0x1e,0x0c,0x85,0x51,0x0b,0x0a,0x00,0x00,0x0a,
    0x3a,0x00,0x00,0xb5,0x5d,0x00,0x00,0x96,0x5f,0x00,0x00,0xc1,0x16,0x09,0xf5,0x14,
    0xf5,0x14,0xcf,0xa6,0x01,0xb6,0x1e,0x8b,0x07,0xdd,0xf9,0x01,0x00,0xba,0x1e,0x00,
    0xbf,0x18,0x8b,0x07,0x18,0xc0,0x18,0x33,0x8b,0x05,0x8c,0xc1,0x01,0xd5,0x1f,0x8b,
    0x14,0xe2,0x4c,0x8a,0x14,0x01,0x0d,0x85,0x8e,0x01,0x85,0x8e,0x01,0xc7,0x16,0x09,
    0x81,0x16,0x81,0x16,0xfa,0x91,0x01,0xa7,0x1e,0xae,0x4a,0x00,0xba,0x1e,0x00,0xf8,
    0x0b,0xae,0x4a,0x18,0xf7,0x0b,0xd2,0x0a,0x16,0xfe,0x3c,0xd4,0x51,0xf8,0x1d,0x02,
    0x01,0xff,0x03,0xb0,0x51,0xea,0xff,0x01,0xb4,0x0c,0xd6,0x01,0xeb,0x58,0xeb,0x58,
    0xef,0x0a,0x1d,0xfe,0x20,0xfe,0x20,0xc2,0x19,0x02,0x8b,0x14,0xce,0x10,0x1d,0xbb,
    0x7e,0xbb,0x7e,0xf5,0x49,0x4b,0x1d,0x9a,0x87,0x01,0xee,0x22,0x9a,0x87,0x01,0x99,
    0x1e,0xd4,0x9d,0x01,0x18,0xd3,0x9d,0x01,0xe5,0x1e,0x16,0xd4,0x5e,0x50,0x33,0x00,
    0x00,0x47,0x27,0x00,0x00,0xcc,0x3a,0x00,0x00,0x8d,0x2b,0x00,0x00,0xe5,0x1e,0x1d,
    0xb4,0x26,0xa5,0x3a,0x00,0x00,0x47,0x27,0x00,0x00,0x5c,0x43,0x00,0x00,0x8d,0x2b,
    0x00,0x00,0x99,0x1e,0xbf,0x89,0x01,0x18,0xc0,0x89,0x01,0xc0,0x10,0x0c,0xc1,0x07,
    0xa6,0xdd,0x01,0xce,0xce,0x02,0x99,0x1e,0xde,0x73,0x18,0x8f,0xeb,0x01,0x99,0x1e,
    0xf3,0x9b,0x01,0x18,0xf4,0x9b,0x01,0xe5,0x1e,0x1d,0xb0,0x5f,0xc8,0x3d,0x00,0x00,
    0xa0,0x2f,0x00,0x00,0xa5,0x3a,0x00,0x00,0xed,0x22,0x00,0x00,0x01,0x0c,0xf7,0x73,
    0xe8,0xd1,0x01,0xc7,0x18,0x0c,0xa9,0x5b,0xa9,0x5b,0xcc,0xb2,0x01,0xcb,0x14,0x09,
    0xbe,0x0a,0xbe,0x0a,0x84,0x9a,0x01,0xa7,0x1e,0x81,0x1c,0x00,0xba,0x1e,0x00,0xe1,
    0x24,0x81,0x1c,0x18,0xe2,0x24,0x01,0x17,0xba,0x04,0xd8,0x8e,0x01,0x01,0x1d,0xb4,
    0x11,0xc4,0xa2,0x01,0x3d,0x18,0xf6,0x20,0x9d,0x69,0x9d,0x69,0x18,0x22,0x91,0x1e,
    0x00,0xe9,0x06,0x08,0xc1,0x84,0x01,0xfc,0x51,0xd3,0xa2,0x01,0x97,0x52,0xcb,0x63,
    0x01,0x18,0xcc,0x57,0x87,0x4b,0xc1,0x0a,0x0d,0xbb,0x0a,0xbb,0x0a,0x00,0xd2,0x0a,
    0x1d,0xf3,0x3c,0xf3,0x3c,0xb6,0xa9,0x01,0x00,0xc1,0x0a,0x0d,0xb0,0xab,0x01,0x80,
    0x64,0x01,0xd2,0x0a,0x1d,0x89,0x3a,0x89,0x3a,0xa6,0x71,0x01,0xc1,0x0a,0x0d,0xfa,
    0x6b,0xf0,0x95,0x01,0x02,0xd2,0x0a,0x1d,0xe7,0xd6,0x01,0xe7,0xd6,0x01,0xed,0x6a,
    0x02,0x99,0x1e,0xa9,0x2e,0x18,0xaa,0x2e,0xe5,0x1e,0x1d,0x8a,0x55,0xbf,0x61,0x00,
    0x00,0xe7,0x49,0x00,0x00,0xf9,0x2b,0x00,0x00,0xbe,0x39,0x00,0x00,0x3d,0x18,0xce,
    0x29,0xce,0x29,0xce,0x29,0x18,0xc1,0x0a,0x0d,0x93,0x77,0x93,0x77,0x00,0xc1,0x0a,
    0x1d,0xbc,0x1c,0xeb,0x32,0x00,0xce,0x10,0x1d,0xec,0x1b,0xec,0x1b,0xa8,0x38,0xc1,
    0x0a,0x0d,0xbe,0x14,0xad,0x2a,0x01,0xc1,0x0a,0x1d,0x99,0xd0,0x01,0xdb,0xd2,0x01,
    0x01,0xce,0x10,0x1d,0xde,0xbb,0x01,0xde,0xbb,0x01,0xbb,0x14,0xc1,0x0a,0x0d,0xbe,
    0x14,0xab,0x2a,0x02,0xc1,0x0a,0x1d,0x99,0xd0,0x01,0xd9,0xd2,0x01,0x02,0xce,0x10,
    0x1d,0xfa,0xc9,0x01,0xfa,0xc9,0x01,0x9f,0x06,0xc1,0x0a,0x1d,0xaf,0x7f,0x8f,0x88,
    0x01,0x03,0x4b,0x1d,0x95,0x0d,0xc5,0x8c,0x01,0x95,0x0d,0x4b,0x1d,0xf6,0x41,0xb1,
    0x3c,0xf6,0x41,0x4b,0x1d,0x92,0x1e,0x9d,0x1e,0x92,0x1e,0xb0,0x0a,0xf9,0x07,0xce,
    0x59,0xce,0x59,0x01,0x0c,0xf1,0x4b,0xae,0xd9,0x01,0xcb,0x10,0x0c,0x92,0x3f,0x92,
    0x3f,0x8e,0xf7,0x01,0x23,0xe3,0x05,0xbe,0x22,0xc5,0x1f,0x9a,0x14,0xac,0xa6,0x01,
    0x01,0x65,0xf3,0x7e,0xf3,0x7e,0xc1,0x0a,0x1d,0x88,0x70,0xf2,0x06,0x00,0xc1,0x12,
    0x1d,0xab,0x9e,0x01,0xa3,0x2e,0xab,0x9e,0x01,0x22,0xcc,0x8a,0x01,0x00,0xc9,0x06,
    0x1d,0x8a,0x4c,0xea,0xd5,0x01,0x8a,0x4c,0x22,0xa8,0xdb,0x01,0x00,0x01,0x0c,0xa9,
    0x0c,0xc6,0xcd,0x01,0xcb,0x10,0x0c,0x95,0x34,0x95,0x34,0xfe,0x77,0xbf,0x0c,0x0d,
    0xdb,0x36,0xa2,0x41,0xc8,0x10,0x0d,0xbe,0x47,0xf8,0xdd,0x01,0xbe,0x47,0xc8,0x10,
    0x0d,0xab,0x2a,0xab,0x2a,0xcc,0xb3,0x01,0x4b,0x0d,0x94,0x78,0x90,0x9f,0x02,0x94,
    0x78,0xbf,0x0c,0x0d,0x8f,0x0c,0xba,0x52,0x4a,0x0d,0xa0,0x10,0xf8,0x51,0xa0,0x10,
    0x4b,0x0d,0xa3,0x8a,0x01,0x93,0x86,0x01,0xa3,0x8a,0x01,0xc8,0x10,0x0d,0xf0,0x37,
    0xda,0xdb,0x01,0x82,0x47,0xc1,0x0a,0x0d,0xfc,0x96,0x01,0xec,0xb2,0x01,0x00,0x4a,
    0x0d,0xf6,0x08,0xf6,0x08,0xf2,0x9f,0x01,0xd2,0x0a,0x1d,0x89,0x8b,0x02,0x89,0x8b,
    0x02,0xa7,0x4f,0x00,0xc1,0x0a,0x0d,0x90,0xef,0x01,0x90,0xef,0x01,0x03,0x4a,0x0d,
    0x8f,0x83,0x01,0xd8,0x38,0x8f,0x83,0x01,0xc1,0x0a,0x0d,0xef,0x7c,0xef,0x10,0x00,
    0x4b,0x0d,0xd8,0xd4,0x01,0xd8,0xd4,0x01,0xe8,0x57,0xd2,0x0a,0x1d,0xf9,0x4f,0xf9,
    0x4f,0xee,0x73,0x00,0xc1,0x0a,0x0d,0xa2,0x4e,0xa2,0x4e,0x00,0xc3,0x10,0x0d,0xf1,
    0x7e,0xe0,0xb3,0x01,0xad,0x7a,0xc1,0x0a,0x0d,0x97,0x49,0xe7,0x79,0x03,0x4a,0x0d,
    0xb0,0x93,0x01,0x98,0x4a,0xb0,0x93,0x01,0x4b,0x0d,0x87,0x22,0xe1,0x56,0x87,0x22,
    0xc0,0x10,0x0c,0xf4,0x30,0xb0,0x41,0xdc,0xe6,0x01,0xbf,0x0c,0x0d,0xd8,0x54,0xd8,
    0x54,0x4a,0x0d,0xe7,0x13,0xbe,0x71,0xe7,0x13,0xc3,0x10,0x0d,0xc1,0x69,0x92,0xe4,
    0x01,0xc1,0x69,0x4a,0x0d,0x8b,0x50,0x8b,0x50,0xbe,0x29,0x4b,0x0d,0xd5,0x2d,0xa1,
    0xcc,0x01,0xd5,0x2d,0x23,0x90,0x05,0xb2,0x77,0xc2,0x26,0x91,0x14,0x8b,0x14,0x22,
    0x00,0xf2,0x01,0x3f,0x0d,0xe0,0x71,0x92,0xe9,0x01,0x23,0x90,0x05,0xaa,0x28,0xc2,
    0x26,0x91,0x14,0x8e,0x14,0x22,0x00,0xaa,0x28,0xc1,0x0a,0x0d,0xf9,0x90,0x02,0xbd,
    0x7d,0x01,0x3f,0x0d,0xe6,0xd9,0x01,0xe6,0xd9,0x01,0xd2,0x0a,0x1d,0xe1,0x3d,0xe1,
    0x3d,0xc6,0x1e,0x01,0x13,0x9b,0x05,0xab,0x1f,0xc2,0x26,0x8b,0x14,0x22,0x00,0xab,
    0x1f,0x22,0xc6,0xb1,0x01,0x80,0x06,0x8d,0x1e,0x88,0x06,0xc6,0x06,0x08,0xbb,0x9e,
    0x01,0x00,0x8b,0x03,0xa7,0x06,0x95,0x05,0xee,0x85,0x02,0xa7,0x06,0x17,0xa9,0x21,
    0xa7,0x06,0x1d,0x92,0x0d,0x18,0xda,0x09,0xc1,0x0a,0x0d,0xd3,0xaf,0x01,0xf9,0xa5,
    0x01,0x03,0xce,0x16,0x09,0x92,0xaf,0x01,0x92,0xaf,0x01,0xf8,0x99,0x02,0xa7,0x1e,
    0xfe,0x24,0x00,0xba,0x1e,0x00,0xbc,0x9c,0x01,0xfe,0x24,0x18,0xbb,0x9c,0x01,0xc1,
    0x0a,0x0d,0xdc,0x72,0xc7,0x20,0x00,0xc1,0x0a,0x0b,0x83,0x39,0xb9,0x4c,0x00,0x01,
    0x18,0xc6,0x7b,0xe2,0x0d,0x33,0xcd,0x05,0x85,0x0d,0xc4,0x1b,0x8b,0x14,0xd6,0x6f,
    0x8b,0x14,0x01,0x50,0xd7,0x0f,0xd7,0x0f,0xb4,0x0a,0x56,0xc3,0x57,0x8a,0x4f,0x00,
    0x00,0xc1,0x0a,0x0d,0xe6,0x37,0xbb,0x3c,0x00,0xc1,0x0a,0x18,0xe9,0x20,0xfc,0x16,
    0x00,0xce,0x10,0x18,0xa4,0x0f,0xa4,0x0f,0xc5,0x11,0xc1,0x0a,0x0d,0xbe,0x14,0xc3,
    0x39,0x01,0xc1,0x0a,0x18,0xe4,0x59,0xc2,0x94,0x01,0x01,0xce,0x10,0x18,0x9f,0x6e,
    0x9f,0x6e,0xbb,0x14,0xc1,0x0a,0x0d,0xbe,0x14,0xc1,0x39,0x02,0xc1,0x0a,0x18,0xe4,
    0x59,0xc4,0x94,0x01,0x02,0xce,0x10,0x18,0x83,0x60,0x83,0x60,0x9f,0x06,0xc1,0x0a,
    0x18,0xaf,0x7f,0xef,0x4a,0x03,0x4b,0x18,0x95,0x0d,0xc5,0x8c,0x01,0x95,0x0d,0x4b,
    0x18,0xaa,0x54,0xfd,0x29,0xaa,0x54,0x4b,0x18,0x88,0x94,0x01,0x8c,0x6a,0x88,0x94,
    0x01,0xce,0x10,0x18,0xa3,0x6e,0xa3,0x6e,0xd7,0x0f,0xc1,0x0a,0x0d,0x86,0x65,0xe6,
    0x34,0x01,0xc1,0x0a,0x0b,0xaf,0x46,0xb7,0x04,0x01,0x01,0x18,0xc6,0x33,0xe4,0x0d,
    0x33,0xcd,0x05,0x85,0x0d,0xc4,0x1b,0x8b,0x14,0xd7,0x93,0x01,0x8b,0x14,0x01,0x50,
    0xd7,0x0f,0xd7,0x0f,0xb4,0x0a,0x56,0xc3,0x57,0x8b,0x4f,0x00,0x00,0xc1,0x0a,0x0d,
    0xe6,0x37,0xbb,0x3c,0x00,0xc1,0x0a,0x18,0xe9,0x20,0xfc,0x16,0x00,0xce,0x10,0x18,
    0xa6,0x0f,0xa6,0x0f,0xc3,0x11,0xc1,0x0a,0x0d,0xbe,0x14,0xc1,0x39,0x01,0xc1,0x0a,
    0x18,0xe4,0x59,0xc4,0x94,0x01,0x01,0xce,0x10,0x18,0x9f,0x6e,0x9f,0x6e,0xbb,0x14,
    0xc1,0x0a,0x0d,0xbe,0x14,0xbf,0x39,0x02,0xc1,0x0a,0x18,0xe4,0x59,0xc6,0x94,0x01,
    0x02,0xce,0x10,0x18,0x85,0x60,0x85,0x60,0xa1,0x06,0xc1,0x0a,0x18,0xaf,0x7f,0xef,
    0x4a,0x03,0x4b,0x18,0x95,0x0d,0xc5,0x8c,0x01,0x95,0x0d,0x4b,0x18,0xaa,0x54,0xff,
    0x29,0xaa,0x54,0x4b,0x18,0xa6,0xa2,0x01,0xa8,0x78,0xa6,0xa2,0x01,0xce,0x10,0x18,
    0xa3,0xfe,0x01,0xa3,0xfe,0x01,0xe5,0xe6,0x01,0x4b,0x18,0xd6,0x33,0x89,0x4e,0xd6,
    0x33,0xc1,0x0a,0x0d,0x8d,0x33,0xb7,0xb1,0x01,0x02,0xc1,0x0a,0x0b,0xb0,0x93,0x01,
    0xf5,0x10,0x02,0x01,0x18,0x86,0x40,0xe6,0x0d,0x33,0xcd,0x05,0x85,0x0d,0xc4,0x1b,
    0x8b,0x14,0xb8,0x8d,0x01,0x8b,0x14,0x01,0x50,0xd7,0x0f,0xd7,0x0f,0xb4,0x0a,0x56,
    0xc3,0x57,0x8c,0x4f,0x00,0x00,0xc1,0x0a,0x0d,0xe6,0x37,0xbb,0x3c,0x00,0xc1,0x0a,
    0x18,0xe9,0x20,0xfc,0x16,0x00,0xce,0x10,0x18,0xa8,0x0f,0xa8,0x0f,0xc1,0x11,0xc1,
    0x0a,0x0d,0xbe,0x14,0xbf,0x39,0x01,0xc1,0x0a,0x18,0xe4,0x59,0xc6,0x94,0x01,0x01,
    0xce,0x10,0x18,0x9f,0x6e,0x9f,0x6e,0xbb,0x14,0xc1,0x0a,0x0d,0xbe,0x14,0xbd,0x39,
    0x02,0xc1,0x0a,0x18,0xe4,0x59,0xc8,0x94,0x01,0x02,0xce,0x10,0x18,0x87,0x60,0x87,
    0x60,0xa3,0x06,0xc1,0x0a,0x18,0xaf,0x7f,0xef,0x4a,0x03,0x4b,0x18,0x95,0x0d,0xc5,
    0x8c,0x01,0x95,0x0d,0x4b,0x18,0xaa,0x54,0x81,0x2a,0xaa,0x54,0x4b,0x18,0xa6,0xa2,
    0x01,0xa6,0x78,0xa6,0xa2,0x01,0xce,0x10,0x18,0xa3,0xfe,0x01,0xa3,0xfe,0x01,0x45,
    0x4b,0x18,0xdc,0x2d,0xf7,0x05,0xdc,0x2d,0xc1,0x0a,0x0b,0x8a,0x0a,0x85,0x6d,0x03,
    0x01,0x18,0xb5,0x29,0xe5,0xb7,0x01,0x33,0xcd,0x05,0xc8,0xb8,0x01,0xc4,0x1b,0x8b,
    0x14,0xb0,0x5f,0x8b,0x14,0x01,0x50,0xd7,0x0f,0xd7,0x0f,0xb4,0x0a,0x56,0xc3,0x57,
    0x8d,0x4f,0x00,0x00,0xc1,0x0a,0x0d,0xe6,0x37,0x92,0x89,0x01,0x00,0xc1,0x0a,0x18,
    0xe9,0x20,0xfc,0x16,0x00,0xce,0x10,0x18,0xaa,0x0f,0xaa,0x0f,0xbf,0x11,0xc1,0x0a,
    0x0d,0xbe,0x14,0x90,0x8c,0x01,0x01,0xc1,0x0a,0x18,0xe4,0x59,0xc8,0x94,0x01,0x01,
    0xce,0x10,0x18,0x9f,0x6e,0x9f,0x6e,0xbb,0x14,0xc1,0x0a,0x0d,0xbe,0x14,0x92,0x8c,
    0x01,0x02,0xc1,0x0a,0x18,0xe4,0x59,0xca,0x94,0x01,0x02,0xce,0x10,0x18,0x89,0x60,
    0x89,0x60,0xa5,0x06,0xc1,0x0a,0x18,0xaf,0x7f,0xef,0x4a,0x03,0x4b,0x18,0x95,0x0d,
    0xc5,0x8c,0x01,0x95,0x0d,0x4b,0x18,0xaa,0x54,0x83,0x2a,0xaa,0x54,0x4b,0x18,0xa6,
    0xa2,0x01,0xa4,0x78,0xa6,0xa2,0x01,0xce,0x10,0x18,0xf9,0x83,0x02,0xf9,0x83,0x02,
    0xd7,0x11,0x4b,0x18,0xde,0x9f,0x01,0xae,0x6c,0xde,0x9f,0x01,0x22,0x8b,0x2c,0x00,
    0x8d,0x1e,0x18,0xf1,0x03,0xc1,0x0a,0x0d,0xb3,0x11,0x99,0x2d,0x00,0xc1,0x0a,0x0b,
    0xaf,0x2c,0xb7,0x4c,0x00,0x01,0x18,0xca,0x7b,0xe8,0x0d,0x33,0xcd,0x05,0x83,0x0d,
    0xc4,0x1b,0x8b,0x14,0xd7,0x6f,0x8b,0x14,0x01,0x50,0xd7,0x0f,0xd7,0x0f,0xb4,0x0a,
    0x56,0xc3,0x57,0x8e,0x4f,0x00,0x00,0xc1,0x0a,0x0d,0xe6,0x37,0xb9,0x3c,0x00,0xc1,
    0x0a,0x18,0xe9,0x20,0xfc,0x16,0x00,0xce,0x10,0x18,0xac,0x0f,0xac,0x0f,0xbd,0x11,
    0xc1,0x0a,0x0d,0xbe,0x14,0xb9,0x39,0x01,0xc1,0x0a,0x18,0xe4,0x59,0xca,0x94,0x01,
    0x01,0xce,0x10,0x18,0x9f,0x6e,0x9f,0x6e,0xbb,0x14,0xc1,0x0a,0x0d,0xbe,0x14,0xb7,
    0x39,0x02,0xc1,0x0a,0x18,0xe4,0x59,0xcc,0x94,0x01,0x02,0xce,0x10,0x18,0x8b,0x60,
    0x8b,0x60,0xa7,0x06,0xc1,0x0a,0x18,0xaf,0x7f,0xef,0x4a,0x03,0x4b,0x18,0x95,0x0d,
    0xc5,0x8c,0x01,0x95,0x0d,0x4b,0x18,0xaa,0x54,0x85,0x2a,0xaa,0x54,0x4b,0x18,0x82,
    0x94,0x01,0xfe,0x69,0x82,0x94,0x01,0xce,0x10,0x18,0xa3,0x6e,0xa3,0x6e,0x83,0x03,
    0xc1,0x0a,0x0d,0x86,0x65,0xe8,0x34,0x01,0xc1,0x0a,0x0b,0xaf,0x46,0xb5,0x04,0x01,
    0x01,0x18,0xca,0x33,0xea,0x0d,0x33,0xcd,0x05,0x83,0x0d,0xc4,0x1b,0x8b,0x14,0xd8,
    0x93,0x01,0x8b,0x14,0x01,0x50,0xd7,0x0f,0xd7,0x0f,0xb4,0x0a,0x56,0xc3,0x57,0x8f,
    0x4f,0x00,0x00,0xc1,0x0a,0x0d,0xe6,0x37,0xb9,0x3c,0x00,0xc1,0x0a,0x18,0xe9,0x20,
    0xfc,0x16,0x00,0xce,0x10,0x18,0xae,0x0f,0xae,0x0f,0xbb,0x11,0xc1,0x0a,0x0d,0xbe,
    0x14,0xb7,0x39,0x01,0xc1,0x0a,0x18,0xe4,0x59,0xcc,0x94,0x01,0x01,0xce,0x10,0x18,
    0x9f,0x6e,0x9f,0x6e,0xbb,0x14,0xc1,0x0a,0x0d,0xbe,0x14,0xb5,0x39,0x02,0xc1,0x0a,
    0x18,0xe4,0x59,0xce,0x94,0x01,0x02,0xce,0x10,0x18,0x8d,0x60,0x8d,0x60,0xa9,0x06,
    0xc1,0x0a,0x18,0xaf,0x7f,0xef,0x4a,0x03,0x4b,0x18,0x95,0x0d,0xc5,0x8c,0x01,0x95,
    0x0d,0x4b,0x18,0xaa,0x54,0x87,0x2a,0xaa,0x54,0x4b,0x18,0xa4,0xa2,0x01,0x9e,0x78,
    0xa4,0xa2,0x01,0xce,0x10,0x18,0xa5,0xfe,0x01,0xa5,0xfe,0x01,0xe3,0xe6,0x01,0x4b,
    0x18,0xd4,0x33,0x89,0x4e,0xd4,0x33,0xc1,0x0a,0x0d,0x8d,0x33,0xb5,0xb1,0x01,0x02,
    0xc1,0x0a,0x0b,0xb0,0x93,0x01,0xf3,0x10,0x02,0x01,0x18,0x8a,0x40,0xec,0x0d,0x33,
    0xcd,0x05,0x83,0x0d,0xc4,0x1b,0x8b,0x14,0xb9,0x8d,0x01,0x8b,0x14,0x01,0x50,0xd7,
    0x0f,0xd7,0x0f,0xb4,0x0a,0x56,0xc3,0x57,0x90,0x4f,0x00,0x00,0xc1,0x0a,0x0d,0xe6,
    0x37,0xb9,0x3c,0x00,0xc1,0x0a,0x18,0xe9,0x20,0xfc,0x16,0x00,0xce,0x10,0x18,0xb0,
    0x0f,0xb0,0x0f,0xb9,0x11,0xc1,0x0a,0x0d,0xbe,0x14,0xb5,0x39,0x01,0xc1,0x0a,0x18,
    0xe4,0x59,0xce,0x94,0x01,0x01,0xce,0x10,0x18,0x9f,0x6e,0x9f,0x6e,0xbb,0x14,0xc1,
    0x0a,0x0d,0xbe,0x14,0xb3,0x39,0x02,0xc1,0x0a,0x18,0xe4,0x59,0xd0,0x94,0x01,0x02,
    0xce,0x10,0x18,0x8f,0x60,0x8f,0x60,0xab,0x06,0xc1,0x0a,0x18,0xaf,0x7f,0xef,0x4a,
    0x03,0x4b,0x18,0x95,0x0d,0xc5,0x8c,0x01,0x95,0x0d,0x4b,0x18,0xaa,0x54,0x89,0x2a,
    0xaa,0x54,0x4b,0x18,0xa4,0xa2,0x01,0x9c,0x78,0xa4,0xa2,0x01,0xce,0x10,0x18,0xd7,
    0xf0,0x01,0xd7,0xf0,0x01,0x8a,0x0d,0x4b,0x18,0xc0,0xe2,0x01,0xbc,0xbc,0x01,0xc0,
    0xe2,0x01,0x3f,0x0d,0xba,0x08,0xc8,0xec,0x01,0xc3,0x10,0x0d,0xcf,0xa7,0x01,0xcf,
    0xa7,0x01,0xe2,0xd5,0x01,0xbd,0x0c,0x0b,0x83,0x72,0x83,0x72,0xc1,0x0a,0x0b,0x94,
    0x75,0xdf,0x50,0x03,0xc2,0x10,0x0b,0x8c,0x45,0x8c,0x45,0xec,0xf7,0x01,0xc0,0x10,
    0x0b,0xfc,0x43,0x9c,0xfe,0x01,0xfc,0x43,0x99,0x1e,0xd6,0xdf,0x01,0x18,0xd5,0xdf,
    0x01,0xe5,0x1e,0x18,0x92,0x23,0xc6,0x5d,0x00,0x00,0x49,0x47,0x00,0x00,0xc0,0x4c,
    0x00,0x00,0x7f,0x41,0x00,0x00,0xe5,0x1e,0x0b,0x95,0x29,0x79,0x19,0x00,0x00,0x49,
    0x47,0x00,0x00,0xf4,0x44,0x00,0x00,0x7f,0x41,0x00,0x00,0xc0,0x16,0x09,0x84,0x75,
    0x84,0x75,0xd5,0x70,0xb6,0x1e,0x87,0x58,0xc5,0x12,0x00,0xba,0x1e,0x00,0xc5,0x12,
    0x87,0x58,0x18,0xc6,0x12,0xc9,0x10,0x0b,0xd6,0x67,0xa0,0xef,0x01,0xcc,0xc3,0x02,
    0xbc,0x0e,0x0c,0xcf,0xcc,0x01,0xcf,0xcc,0x01,0xc6,0x10,0x0b,0xbc,0x28,0x8c,0x4b,
    0xb8,0x9f,0x01,0xbc,0x0e,0x0c,0xd3,0x33,0xd3,0x33,0xc0,0x0a,0x12,0xe0,0x01,0xb7,
    0x09,0xe0,0x01,0x01,0xfe,0x03,0xc4,0xca,0x01,0xd2,0x9b,0x02,0xb4,0x0c,0x96,0x01,
    0xbf,0xbb,0x01,0xbf,0xbb,0x01,0xef,0x0a,0x1d,0x85,0x41,0x85,0x41,0x81,0x32,0x02,
    0x8b,0x14,0x2d,0x13,0xfa,0xdf,0x01,0xfa,0xdf,0x01,0xfa,0xdf,0x01,0x10,0xc1,0x0a,
    0x0d,0xb2,0x06,0xb2,0x06,0x00,0xbd,0x0c,0x0b,0xe6,0x0d,0xe6,0x0d,0x01,0x18,0x91,
    0x75,0xc5,0x68,0x33,0xcd,0x05,0xb8,0x9b,0x01,0xc4,0x1b,0x8b,0x14,0xee,0xac,0x01,
    0x8b,0x14,0x01,0x50,0xdf,0x41,0xdf,0x41,0xb4,0x0a,0x56,0xc3,0x57,0x91,0x4f,0x00,
    0x00,0xc1,0x0a,0x0d,0xe6,0x37,0xfa,0x39,0x00,0xc1,0x0a,0x18,0xe9,0x20,0xfc,0x16,
    0x00,0xce,0x10,0x18,0xb2,0x0f,0xb2,0x0f,0xb7,0x11,0xc1,0x0a,0x0d,0xbe,0x14,0x80,
    0x3d,0x01,0xc1,0x0a,0x18,0xe4,0x59,0xd0,0x94,0x01,0x01,0xce,0x10,0x18,0x9f,0x6e,
    0x9f,0x6e,0xbb,0x14,0xc1,0x0a,0x0d,0xbe,0x14,0x82,0x3d,0x02,0xc1,0x0a,0x18,0xe4,
    0x59,0xd2,0x94,0x01,0x02,0xce,0x10,0x18,0x91,0x60,0x91,0x60,0xad,0x06,0xc1,0x0a,
    0x18,0xaf,0x7f,0xef,0x4a,0x03,0x4b,0x18,0x95,0x0d,0xc5,0x8c,0x01,0x95,0x0d,0x4b,
    0x18,0x8e,0x42,0xa7,0x3c,0x8e,0x42,0x4b,0x18,0x98,0x33,0x8d,0x09,0x98,0x33,0xc1,
    0x0a,0x0d,0xa8,0x10,0x9d,0x31,0x01,0xce,0x10,0x18,0xe5,0x16,0xbd,0x06,0xe5,0x16,
    0x4b,0x18,0xc0,0x35,0xb6,0x8b,0x01,0xc0,0x35,0xc0,0x10,0x0b,0x97,0x1f,0xb4,0x95,
    0x01,0xcc,0xeb,0x01,0x99,0x1e,0xb0,0x8f,0x01,0x18,0xd8,0x37,0x22,0xcf,0x01,0xf6,
    0xa3,0x01,0x8d,0x1e,0x88,0x06,0xc6,0x06,0x08,0xfb,0x84,0x02,0x00,0x8b,0x03,0xa7,
    0x06,0x95,0x05,0xbf,0x03,0xa7,0x06,0x17,0xd4,0x16,0xa7,0x06,0x1d,0xd7,0x12,0x18,
    0xa0,0xa3,0x02,0xc1,0x0a,0x0d,0xd3,0xaf,0x01,0xcc,0x73,0x03,0xce,0x16,0x09,0xa0,
    0x4a,0xa0,0x4a,0xd4,0xdc,0x01,0xa7,0x1e,0xfe,0x24,0x00,0xba,0x1e,0x00,0xbc,0x9c,
    0x01,0xfe,0x24,0x18,0xbb,0x9c,0x01,0xc1,0x0a,0x0d,0xdc,0x72,0x8c,0x94,0x01,0x00,
    0xc1,0x0a,0x0b,0x83,0x39,0xb0,0x48,0x00,0x01,0x18,0xc6,0x7b,0xca,0xda,0x01,0x33,
    0xcd,0x05,0xec,0x57,0xba,0x26,0x8b,0x14,0x84,0x51,0x8b,0x14,0x01,0x50,0xd7,0x0f,
    0xd7,0x0f,0xb4,0x0a,0x56,0xb5,0xbc,0x01,0x71,0x59,0x00,0x00,0xc1,0x0a,0x0d,0xe6,
    0x37,0xbb,0x3c,0x00,0xc1,0x0a,0x18,0xe9,0x20,0xfc,0x16,0x00,0xce,0x10,0x18,0x96,
    0x74,0x96,0x74,0xac,0x53,0xc1,0x0a,0x0d,0xbe,0x14,0xae,0x2b,0x01,0xc1,0x0a,0x18,
    0x8d,0x0b,0xc2,0x94,0x01,0x01,0xce,0x10,0x18,0xad,0x09,0xad,0x09,0xbb,0x14,0xc1,
    0x0a,0x0d,0xbe,0x14,0xb0,0x2b,0x02,0xc1,0x0a,0x18,0x8d,0x0b,0xc4,0x94,0x01,0x02,
    0xce,0x10,0x18,0xee,0x04,0xee,0x04,0x9f,0x06,0xc1,0x0a,0x18,0xaf,0x7f,0x82,0x1a,
    0x03,0x4b,0x18,0x95,0x0d,0xc5,0x8c,0x01,0x95,0x0d,0x4b,0x18,0xaa,0x54,0xfd,0x29,
    0xaa,0x54,0x4b,0x18,0x96,0x2f,0x9a,0x05,0x96,0x2f,0xce,0x10,0x18,0xb1,0x09,0xb1,
    0x09,0x9a,0x55,0xc1,0x0a,0x0d,0xf7,0xc4,0x01,0xae,0x24,0x01,0xc1,0x0a,0x0b,0xdc,
    0x7e,0xb2,0x90,0x01,0x01,0x01,0x18,0xc6,0x33,0xcc,0xda,0x01,0x33,0xcd,0x05,0xec,
    0x57,0xba,0x26,0x8b,0x14,0x85,0x75,0x8b,0x14,0x01,0x50,0xd7,0x0f,0xd7,0x0f,0xb4,
    0x0a,0x56,0xb5,0xbc,0x01,0x72,0x59,0x00,0x00,0xc1,0x0a,0x0d,0xe6,0x37,0xbb,0x3c,
    0x00,0xc1,0x0a,0x18,0xe9,0x20,0xfc,0x16,0x00,0xce,0x10,0x18,0x98,0x74,0x98,0x74,
    0xae,0x53,0xc1,0x0a,0x0d,0xbe,0x14,0xb0,0x2b,0x01,0xc1,0x0a,0x18,0x8d,0x0b,0xc4,
    0x94,0x01,0x01,0xce,0x10,0x18,0xad,0x09,0xad,0x09,0xbb,0x14,0xc1,0x0a,0x0d,0xbe,
    0x14,0xb2,0x2b,0x02,0xc1,0x0a,0x18,0x8d,0x0b,0xc6,0x94,0x01,0x02,0xce,0x10,0x18,
    0xec,0x04,0xec,0x04,0xa1,0x06,0xc1,0x0a,0x18,0xaf,0x7f,0x82,0x1a,0x03,0x4b,0x18,
    0x95,0x0d,0xc5,0x8c,0x01,0x95,0x0d,0x4b,0x18,0xaa,0x54,0xff,0x29,0xaa,0x54,0x4b,
    0x18,0xb4,0x3d,0xb6,0x13,0xb4,0x3d,0xce,0x10,0x18,0xb1,0x99,0x01,0xb1,0x99,0x01,
    0x98,0x43,0x4b,0x18,0x9b,0x31,0xfb,0xb2,0x01,0x9b,0x31,0xc1,0x0a,0x0d,0xe4,0x31,
    0x8e,0x68,0x02,0xc1,0x0a,0x0b,0xbe,0x2e,0xf4,0x83,0x01,0x02,0x01,0x18,0x86,0x40,
    0xce,0xda,0x01,0x33,0xcd,0x05,0xec,0x57,0xba,0x26,0x8b,0x14,0xe6,0x6e,0x8b,0x14,
    0x01,0x50,0xd7,0x0f,0xd7,0x0f,0xb4,0x0a,0x56,0xb5,0xbc,0x01,0x73,0x59,0x00,0x00,
    0xc1,0x0a,0x0d,0xe6,0x37,0xbb,0x3c,0x00,0xc1,0x0a,0x18,0xe9,0x20,0xfc,0x16,0x00,
    0xce,0x10,0x18,0x9a,0x74,0x9a,0x74,0xb0,0x53,0xc1,0x0a,0x0d,0xbe,0x14,0xb2,0x2b,
    0x01,0xc1,0x0a,0x18,0x8d,0x0b,0xc6,0x94,0x01,0x01,0xce,0x10,0x18,0xad,0x09,0xad,
    0x09,0xbb,0x14,0xc1,0x0a,0x0d,0xbe,0x14,0xb4,0x2b,0x02,0xc1,0x0a,0x18,0x8d,0x0b,
    0xc8,0x94,0x01,0x02,0xce,0x10,0x18,0xea,0x04,0xea,0x04,0xa3,0x06,0xc1,0x0a,0x18,
    0xaf,0x7f,0x82,0x1a,0x03,0x4b,0x18,0x95,0x0d,0xc5,0x8c,0x01,0x95,0x0d,0x4b,0x18,
    0xaa,0x54,0x81,0x2a,0xaa,0x54,0x4b,0x18,0xb4,0x3d,0xb4,0x13,0xb4,0x3d,0xce,0x10,
    0x18,0xb1,0x99,0x01,0xb1,0x99,0x01,0x45,0x4b,0x18,0x95,0x37,0xf7,0x05,0x95,0x37,
    0xc1,0x0a,0x0b,0xfe,0x6e,0xd8,0x8c,0x01,0x03,0x01,0x18,0xd4,0x9b,0x01,0x80,0xbf,
    0x02,0x33,0xcd,0x05,0xc3,0x0c,0xba,0x26,0x8b,0x14,0x98,0x73,0x8b,0x14,0x01,0x50,
    0xd7,0x0f,0xd7,0x0f,0xb4,0x0a,0x56,0xb5,0xbc,0x01,0x74,0x59,0x00,0x00,0xc1,0x0a,
    0x0d,0xe6,0x37,0xeb,0xa0,0x01,0x00,0xc1,0x0a,0x18,0xe9,0x20,0xfc,0x16,0x00,0xce,
    0x10,0x18,0x9c,0x74,0x9c,0x74,0xb2,0x53,0xc1,0x0a,0x0d,0xbe,0x14,0xfb,0x38,0x01,
    0xc1,0x0a,0x18,0x8d,0x0b,0xc8,0x94,0x01,0x01,0xce,0x10,0x18,0xad,0x09,0xad,0x09,
    0xbb,0x14,0xc1,0x0a,0x0d,0xbe,0x14,0xf9,0x38,0x02,0xc1,0x0a,0x18,0x8d,0x0b,0xca,
    0x94,0x01,0x02,0xce,0x10,0x18,0xe8,0x04,0xe8,0x04,0xa5,0x06,0xc1,0x0a,0x18,0xaf,
    0x7f,0x82,0x1a,0x03,0x4b,0x18,0x95,0x0d,0xc5,0x8c,0x01,0x95,0x0d,0x4b,0x18,0xaa,
    0x54,0x83,0x2a,0xaa,0x54,0x4b,0x18,0xb4,0x3d,0xb2,0x13,0xb4,0x3d,0xce,0x10,0x18,
    0x87,0x9f,0x01,0x87,0x9f,0x01,0xd7,0x11,0x4b,0x18,0xec,0x3a,0xae,0x6c,0xec,0x3a,
    0x22,0xdc,0xa0,0x01,0x00,0x8d,0x1e,0x18,0xf1,0x03,0xc1,0x0a,0x0d,0xbe,0x53,0xac,
    0xec,0x01,0x00,0xc1,0x0a,0x0b,0xa1,0x91,0x01,0xb2,0x48,0x00,0x01,0x18,0xca,0x7b,
    0xd0,0xda,0x01,0x33,0xcd,0x05,0xee,0x57,0xba,0x26,0x8b,0x14,0x85,0x51,0x8b,0x14,
    0x01,0x50,0xd7,0x0f,0xd7,0x0f,0xb4,0x0a,0x56,0xb5,0xbc,0x01,0x75,0x59,0x00,0x00,
    0xc1,0x0a,0x0d,0xe6,0x37,0xb9,0x3c,0x00,0xc1,0x0a,0x18,0xe9,0x20,0xfc,0x16,0x00,
    0xce,0x10,0x18,0x9e,0x74,0x9e,0x74,0xb4,0x53,0xc1,0x0a,0x0d,0xbe,0x14,0xb8,0x2b,
    0x01,0xc1,0x0a,0x18,0x8d,0x0b,0xca,0x94,0x01,0x01,0xce,0x10,0x18,0xad,0x09,0xad,
    0x09,0xbb,0x14,0xc1,0x0a,0x0d,0xbe,0x14,0xba,0x2b,0x02,0xc1,0x0a,0x18,0x8d,0x0b,
    0xcc,0x94,0x01,0x02,0xce,0x10,0x18,0xe6,0x04,0xe6,0x04,0xa7,0x06,0xc1,0x0a,0x18,
    0xaf,0x7f,0x82,0x1a,0x03,0x4b,0x18,0x95,0x0d,0xc5,0x8c,0x01,0x95,0x0d,0x4b,0x18,
    0xaa,0x54,0x85,0x2a,0xaa,0x54,0x4b,0x18,0x90,0x2f,0x8c,0x05,0x90,0x2f,0xce,0x10,
    0x18,0xb1,0x09,0xb1,0x09,0x83,0x03,0xc1,0x0a,0x0d,0xf7,0xc4,0x01,0xb0,0x24,0x01,
    0xc1,0x0a,0x0b,0xdc,0x7e,0xb4,0x90,0x01,0x01,0x01,0x18,0xca,0x33,0xd2,0xda,0x01,
    0x33,0xcd,0x05,0xee,0x57,0xba,0x26,0x8b,0x14,0x86,0x75,0x8b,0x14,0x01,0x50,0xd7,
    0x0f,0xd7,0x0f,0xb4,0x0a,0x56,0xb5,0xbc,0x01,0x76,0x59,0x00,0x00,0xc1,0x0a,0x0d,
    0xe6,0x37,0xb9,0x3c,0x00,0xc1,0x0a,0x18,0xe9,0x20,0xfc,0x16,0x00,0xce,0x10,0x18,
    0xa0,0x74,0xa0,0x74,0xb6,0x53,0xc1,0x0a,0x0d,0xbe,0x14,0xba,0x2b,0x01,0xc1,0x0a,
    0x18,0x8d,0x0b,0xcc,0x94,0x01,0x01,0xce,0x10,0x18,0xad,0x09,0xad,0x09,0xbb,0x14,
    0xc1,0x0a,0x0d,0xbe,0x14,0xbc,0x2b,0x02,0xc1,0x0a,0x18,0x8d,0x0b,0xce,0x94,0x01,
    0x02,0xce,0x10,0x18,0xe4,0x04,0xe4,0x04,0xa9,0x06,0xc1,0x0a,0x18,0xaf,0x7f,0x82,
    0x1a,0x03,0x4b,0x18,0x95,0x0d,0xc5,0x8c,0x01,0x95,0x0d,0x4b,0x18,0xaa,0x54,0x87,
    0x2a,0xaa,0x54,0x4b,0x18,0xb2,0x3d,0xac,0x13,0xb2,0x3d,0xce,0x10,0x18,0xb3,0x99,
    0x01,0xb3,0x99,0x01,0x9a,0x43,0x4b,0x18,0x9d,0x31,0xfb,0xb2,0x01,0x9d,0x31,0xc1,
    0x0a,0x0d,0xe4,0x31,0x90,0x68,0x02,0xc1,0x0a,0x0b,0xbe,0x2e,0xf6,0x83,0x01,0x02,
    0x01,0x18,0x8a,0x40,0xd4,0xda,0x01,0x33,0xcd,0x05,0xee,0x57,0xba,0x26,0x8b,0x14,
    0xe7,0x6e,0x8b,0x14,0x01,0x50,0xd7,0x0f,0xd7,0x0f,0xb4,0x0a,0x56,0xb5,0xbc,0x01,
    0x77,0x59,0x00,0x00,0xc1,0x0a,0x0d,0xe6,0x37,0xb9,0x3c,0x00,0xc1,0x0a,0x18,0xe9,
    0x20,0xfc,0x16,0x00,0xce,0x10,0x18,0xa2,0x74,0xa2,0x74,0xb8,0x53,0xc1,0x0a,0x0d,
    0xbe,0x14,0xbc,0x2b,0x01,0xc1,0x0a,0x18,0x8d,0x0b,0xce,0x94,0x01,0x01,0xce,0x10,
    0x18,0xad,0x09,0xad,0x09,0xbb,0x14,0xc1,0x0a,0x0d,0xbe,0x14,0xbe,0x2b,0x02,0xc1,
    0x0a,0x18,0x8d,0x0b,0xd0,0x94,0x01,0x02,0xce,0x10,0x18,0xe2,0x04,0xe2,0x04,0xab,
    0x06,0xc1,0x0a,0x18,0xaf,0x7f,0x82,0x1a,0x03,0x4b,0x18,0x95,0x0d,0xc5,0x8c,0x01,
    0x95,0x0d,0x4b,0x18,0xaa,0x54,0x89,0x2a,0xaa,0x54,0x4b,0x18,0xb2,0x3d,0xaa,0x13,
    0xb2,0x3d,0xce,0x10,0x18,0xe5,0x8b,0x01,0xe5,0x8b,0x01,0x8a,0x0d,0x4b,0x18,0xce,
    0x7d,0xbc,0xbc,0x01,0xce,0x7d,0x3f,0x0d,0xba,0x08,0xd6,0x87,0x01,0xc3,0x10,0x0d,
    0xdd,0x42,0xdd,0x42,0xb0,0xfd,0x01,0xbd,0x0c,0x0b,0x88,0x53,0x88,0x53,0xc1,0x0a,
    0x0b,0xf7,0x4f,0xfc,0xa8,0x01,0x03,0xc2,0x10,0x0b,0x8c,0x45,0x8c,0x45,0xba,0x9f,
    0x02,0xc0,0x10,0x0b,0x81,0xe6,0x01,0xed,0xf0,0x01,0x81,0xe6,0x01,0x99,0x1e,0xb3,
    0x8f,0x02,0x18,0xb4,0x8f,0x02,0xe5,0x1e,0x18,0xf9,0xa1,0x01,0x74,0x4e,0x00,0x00,
    0xf7,0x37,0x00,0x00,0x6e,0x3d,0x00,0x00,0x66,0x4b,0x00,0x00,0xe5,0x1e,0x0b,0x95,
    0x29,0xa6,0x54,0x00,0x00,0xf7,0x37,0x00,0x00,0xa2,0x35,0x00,0x00,0x66,0x4b,0x00,
    0x00,0xc0,0x16,0x09,0x92,0x10,0x92,0x10,0xb6,0x54,0xb6,0x1e,0x87,0x58,0xb7,0x77,
    0x00,0xba,0x1e,0x00,0xb7,0x77,0x87,0x58,0x18,0xb8,0x77,0xc9,0x10,0x0b,0xa7,0xc2,
    0x01,0xdd,0x3a,0x9c,0x41,0xbc,0x0e,0x0c,0xae,0x5d,0xae,0x5d,0xc6,0x10,0x0b,0xb5,
    0x3c,0xe5,0x19,0x94,0x62,0xbc,0x0e,0x0c,0xaa,0xf6,0x01,0xaa,0xf6,0x01,0xc0,0x0a,
    0x12,0xab,0xc3,0x01,0xb7,0x09,0xab,0xc3,0x01,0x01,0xfe,0x03,0xc4,0xca,0x01,0xa0,
    0xc3,0x02,0xb4,0x0c,0x96,0x01,0xbf,0xbb,0x01,0xbf,0xbb,0x01,0xef,0x0a,0x1d,0x85,
    0x41,0x85,0x41,0x81,0x32,0x02,0x8b,0x14,0x2d,0x13,0xfa,0xdf,0x01,0xfa,0xdf,0x01,
    0xfa,0xdf,0x01,0x10,0xc1,0x0a,0x0d,0xb2,0x06,0xb2,0x06,0x00,0xbd,0x0c,0x0b,0xe6,
    0x0d,0xe6,0x0d,0x01,0x18,0x83,0xda,0x01,0xa2,0x64,0x33,0xcd,0x05,0xd3,0x29,0xba,
    0x26,0x8b,0x14,0xd5,0xc0,0x01,0x8b,0x14,0x01,0x50,0x9e,0xe8,0x01,0x9e,0xe8,0x01,
    0xb4,0x0a,0x56,0xb3,0xbc,0x01,0x78,0x59,0x00,0x00,0xc1,0x0a,0x0d,0xe4,0x37,0xfa,
    0x39,0x00,0xc1,0x0a,0x18,0xe9,0x20,0xfa,0x16,0x00,0xce,0x10,0x18,0xa4,0x74,0xa4,
    0x74,0xba,0x53,0xc1,0x0a,0x0d,0xbe,0x14,0xf2,0xa1,0x01,0x01,0xc1,0x0a,0x18,0x8d,
    0x0b,0xce,0x94,0x01,0x01,0xce,0x10,0x18,0xad,0x09,0xad,0x09,0xbb,0x14,0xc1,0x0a,
    0x0d,0xbe,0x14,0xf4,0xa1,0x01,0x02,0xc1,0x0a,0x18,0x8d,0x0b,0xd0,0x94,0x01,0x02,
    0xce,0x10,0x18,0xe2,0x04,0xe2,0x04,0xab,0x06,0xc1,0x0a,0x18,0xb1,0x7f,0x80,0x1a,
    0x03,0x4b,0x18,0x95,0x0d,0xc7,0x8c,0x01,0x95,0x0d,0x4b,0x18,0x8e,0x42,0xa7,0x3c,
    0x8e,0x42,0x4b,0x18,0xd9,0x31,0xff,0x6d,0xd9,0x31,0xc1,0x0a,0x0d,0x9a,0x75,0x9d,
    0x31,0x01,0xce,0x10,0x18,0xe5,0x16,0xb4,0x5e,0xe5,0x16,0x4b,0x18,0xb1,0x2f,0xc4,
    0x26,0xb1,0x2f,0xc0,0x10,0x0b,0x97,0x1f,0xc2,0x30,0xa8,0xae,0x01,0x99,0x1e,0xcd,
    0x9a,0x01,0x18,0xd8,0x37,0x22,0x98,0xcb,0x01,0x84,0x3f,0x8d,0x1e,0x88,0x06,0xc6,
    0x06,0x1d,0xfd,0xd5,0x01,0x00,0xeb,0x0a,0xa7,0x06,0x1d,0xa2,0x25,0x18,0x8c,0x1d,
    0x39,0x95,0x05,0xe4,0xde,0x01,0x07,0x23,0x8b,0x05,0x8f,0x99,0x01,0xc5,0x1f,0x99,
    0x16,0x8a,0x14,0x01,0x0d,0xa5,0x1e,0xa5,0x1e,0xc4,0x16,0x09,0xb2,0x47,0xb2,0x47,
    0x94,0xc1,0x01,0xa7,0x1e,0xb9,0x66,0x00,0xba,0x1e,0x00,0xc5,0x58,0xb9,0x66,0x18,
    0xc6,0x58,0x9e,0x1e,0x60,0x17,0x00,0x00,0x18,0xf4,0x0d,0x01,0x65,0x95,0x5e,0x86,
    0x94,0x01,0x01,0x1d,0xb5,0x87,0x01,0x96,0x2c,0x01,0x0c,0xcc,0x16,0xc8,0x3f,0xc7,
    0x18,0x0c,0xa2,0xd2,0x01,0xa2,0xd2,0x01,0xf8,0xc1,0x02,0xcb,0x14,0x09,0xdd,0xb7,
    0x01,0xdd,0xb7,0x01,0x94,0x73,0xa7,0x1e,0xa7,0xca,0x01,0x00,0xba,0x1e,0x00,0xfb,
    0x25,0xa7,0xca,0x01,0x18,0xfc,0x25,0x01,0x0c,0xf1,0x0c,0xe2,0x73,0x13,0x8e,0x05,
    0xaf,0x0b,0xa5,0x18,0x8b,0x14,0x01,0x0c,0xde,0x19,0xde,0x19,0xc0,0x10,0x0c,0xc6,
    0x63,0xf4,0x71,0xc6,0x63,0xcb,0x10,0x0c,0xb1,0x9d,0x01,0xb1,0x9d,0x01,0xec,0x5e,
    0xc7,0x10,0x0c,0x94,0xc8,0x01,0xe2,0x2a,0x80,0xa7,0x02,0xd0,0x0a,0x16,0xf9,0x60,
    0x9a,0x67,0xf9,0x60,0xfa,0xc7,0x01,0x01,0x0c,0xa0,0x14,0x82,0xbc,0x01,0x99,0x1e,
    0x92,0x28,0x18,0x91,0x28,0xe5,0x1e,0x16,0xeb,0x35,0x08,0x3c,0x00,0x00,0x53,0x30,
    0x00,0x00,0xe6,0x29,0x00,0x00,0xdf,0x55,0x00,0x00,0xe5,0x1e,0x1d,0xaa,0x1d,0x8d,
    0x1a,0x00,0x00,0x53,0x30,0x00,0x00,0x7f,0x33,0x00,0x00,0xdf,0x55,0x00,0x00,0xe5,
    0x1e,0x0c,0x83,0x51,0x0b,0x0a,0x00,0x00,0x53,0x30,0x00,0x00,0xfe,0x53,0x00,0x00,
    0xdf,0x55,0x00,0x00,0xc1,0x16,0x09,0x86,0x95,0x02,0x86,0x95,0x02,0xae,0x83,0x01,
    0xb6,0x1e,0xf2,0xa2,0x02,0xa0,0x30,0x00,0xba,0x1e,0x00,0xcc,0xac,0x01,0xf2,0xa2,
    0x02,0x18,0xcb,0xac,0x01,0x33,0x8b,0x05,0x9a,0x5c,0xfb,0x19,0x8b,0x14,0xac,0x39,
    0x8a,0x14,0x01,0x0d,0x93,0x29,0x93,0x29,0xc7,0x16,0x09,0xf3,0x7a,0xf3,0x7a,0x8c,
    0x6b,0xa7,0x1e,0xcf,0xdf,0x01,0x00,0xba,0x1e,0x00,0xf8,0x0b,0xcf,0xdf,0x01,0x18,
    0xf7,0x0b,0xd2,0x0a,0x16,0xfe,0x3c,0xd2,0x51,0xf8,0x1d,0x02,0x01,0xff,0x03,0xb0,
    0x51,0xfc,0xd8,0x01,0xb4,0x0c,0xd6,0x01,0xeb,0x58,0xeb,0x58,0xef,0x0a,0x1d,0xfe,
    0x20,0xfe,0x20,0xc2,0x19,0x02,0x8b,0x14,0xce,0x10,0x1d,0xc9,0x19,0xc9,0x19,0xf5,
    0x49,0x4b,0x1d,0xa8,0x22,0xee,0x22,0xa8,0x22,0x99,0x1e,0xa9,0x8c,0x01,0x18,0xaa,
    0x8c,0x01,0xe5,0x1e,0x16,0xa7,0xcb,0x01,0x99,0x29,0x00,0x00,0xc9,0x36,0x00,0x00,
    0x15,0x31,0x00,0x00,0xd6,0x21,0x00,0x00,0xe5,0x1e,0x1d,0xb2,0x26,0xee,0x30,0x00,
    0x00,0xc9,0x36,0x00,0x00,0xa5,0x39,0x00,0x00,0xd6,0x21,0x00,0x00,0x99,0x1e,0xbf,
    0x89,0x01,0x18,0xc0,0x89,0x01,0xc0,0x10,0x0c,0xc1,0x07,0xa4,0xdd,0x01,0xe0,0xa7,
    0x02,0x99,0x1e,0xde,0x73,0x18,0x8f,0xeb,0x01,0x99,0x1e,0xe5,0x80,0x02,0x18,0xe6,
    0x80,0x02,0xe5,0x1e,0x1d,0xc1,0x05,0x8d,0x1a,0x00,0x00,0xf3,0x53,0x00,0x00,0xee,
    0x30,0x00,0x00,0x36,0x19,0x00,0x00,0x01,0x0c,0xf7,0x73,0xfa,0xaa,0x01,0xc7,0x18,
    0x0c,0xa9,0x5b,0xa9,0x5b,0xde,0x8b,0x01,0xcb,0x14,0x09,0xbe,0x0a,0xbe,0x0a,0x96,
    0x73,0xa7,0x1e,0xf3,0x80,0x01,0x00,0xba,0x1e,0x00,0xe1,0x24,0xf3,0x80,0x01,0x18,
    0xe2,0x24,0x01,0x17,0xba,0x04,0xea,0x67,0x01,0x1d,0xa6,0x76,0xc8,0xe0,0x01,0x3d,
    0x18,0xfb,0x43,0x9d,0x69,0x9d,0x69,0x18,0x22,0xbd,0x62,0x00,0xe9,0x06,0x08,0xc1,
    0x84,0x01,0xec,0x2b,0xff,0xe6,0x01,0x97,0x52,0xbd,0xc8,0x01,0x01,0x18,0xbe,0xbc,
    0x01,0xc1,0x2a,0xc1,0x0a,0x0d,0xad,0x6f,0xad,0x6f,0x00,0xd2,0x0a,0x1d,0xfe,0x27,
    0xfe,0x27,0xba,0xe7,0x01,0x00,0xc1,0x0a,0x0d,0xbe,0x46,0x71,0x01,0xd2,0x0a,0x1d,
    0x89,0x3a,0x89,0x3a,0xb4,0x0c,0x01,0xc1,0x0a,0x0d,0xfa,0x6b,0xfe,0x30,0x02,0xd2,
    0x0a,0x1d,0xe7,0xd6,0x01,0xe7,0xd6,0x01,0xed,0x6a,0x02,0x99,0x1e,0x9b,0x93,0x01,
    0x18,0x9c,0x93,0x01,0xe5,0x1e,0x1d,0xe7,0x0f,0x08,0x58,0x00,0x00,0x69,0x59,0x00,
    0x00,0x42,0x22,0x00,0x00,0x07,0x30,0x00,0x00,0x3d,0x18,0xce,0x29,0xce,0x29,0xce,
    0x29,0x18,0xc1,0x0a,0x0d,0x93,0x77,0x93,0x77,0x00,0xc1,0x0a,0x1d,0xbc,0x1c,0xa1,
    0x16,0x00,0xce,0x10,0x1d,0xec,0x1b,0xec,0x1b,0xa8,0x38,0xc1,0x0a,0x0d,0xbe,0x14,
    0xad,0x2a,0x01,0xc1,0x0a,0x1d,0xe4,0x59,0xec,0x73,0x01,0xce,0x10,0x1d,0x9f,0x6e,
    0x9f,0x6e,0xbb,0x14,0xc1,0x0a,0x0d,0xbe,0x14,0xab,0x2a,0x02,0xc1,0x0a,0x1d,0xe4,
    0x59,0xee,0x73,0x02,0xce,0x10,0x1d,0x83,0x60,0x83,0x60,0x9f,0x06,0xc1,0x0a,0x1d,
    0xaf,0x7f,0xc5,0x6b,0x03,0x4b,0x1d,0x95,0x0d,0xc5,0x8c,0x01,0x95,0x0d,0x4b,0x1d,
    0xae,0xa2,0x01,0x86,0x24,0xae,0xa2,0x01,0x4b,0x1d,0xdf,0x19,0xa8,0x0a,0xdf,0x19,
    0x13,0xe3,0x05,0xe7,0x72,0xc5,0x1f,0x96,0x16,0x01,0x65,0xf6,0xbe,0x01,0xf6,0xbe,
    0x01,0xc1,0x12,0x1d,0xe7,0x1a,0xe7,0x1a,0xa6,0x31,0x9e,0x1e,0xb4,0x4c,0x00,0x00,
    0x88,0x06,0x00,0x00,0x00,0x00,0x00,0x00,0xaf,0x0a,0x00,0x00,0x00,0x00,0x00,0x00,
    0x4c,0x4f,0x4d,0x53,0x00,0x03,0x01,0x00,0x0b,0x00,0x08,0x00,0x9c,0x62,0x00,0x00,
    0x00,0x00,0x00,0x00,0x34,0x20,0x00,0x00,0x91,0x02,0x01,0xd1,0x10,0x02,0x47,0x4c,
    0x53,0x4c,0x2e,0x73,0x74,0x64,0x2e,0x34,0x35,0x30,0x00,0x00,0x00,0x00,0xa0,0x04,
    0x00,0x01,0xef,0x0e,0x04,0x9f,0x2c,0xed,0xc2,0xa5,0xf3,0x06,0x00,0xab,0x22,0xbf,
    0x1c,0xa0,0x02,0x9f,0x2c,0x07,0x00,0xf4,0x39,0x00,0x10,0xfb,0x23,0x06,0x40,0x10,
    0x02,0x06,0x40,0x10,0x9f,0x01,0x06,0x10,0x10,0x84,0x01,0x06,0x10,0x10,0x02,0x06,
    0x10,0x10,0x02,0x06,0x10,0x10,0x02,0x06,0x10,0x00,0xaa,0x09,0x02,0x37,0x00,0x99,
    0x00,0x05,0x00,0x07,0x01,0x10,0x00,0x23,0x00,0x01,0x05,0x00,0x07,0x01,0x10,0x00,
    0x23,0x40,0x01,0x05,0x00,0x07,0x01,0x10,0x00,0x23,0x40,0x01,0x05,0x00,0x07,0x01,
    0x10,0x00,0x23,0x40,0x01,0x05,0x00,0x07,0x01,0x10,0x00,0x23,0x40,0x01,0x05,0x00,
    0x07,0x01,0x10,0x00,0x23,0x80,0x02,0x01,0x05,0x00,0x07,0x01,0x10,0x00,0x23,0x80,
    0x02,0x01,0x05,0x00,0x07,0x01,0x10,0x00,0x23,0x40,0x01,0x05,0x00,0x07,0x01,0x10,
    0x00,0x23,0x30,0x01,0x23,0x40,0x01,0x23,0x10,0x01,0x23,0x08,0x01,0x23,0x04,0x01,
    0x23,0x04,0x01,0x23,0x10,0x01,0x23,0x10,0x01,0x23,0x08,0x01,0x23,0x08,0x01,0x23,
    0x04,0x01,0x00,0x00,0x23,0x04,0x01,0x23,0x08,0x01,0x23,0x04,0x01,0x23,0x04,0x01,
    0x23,0x04,0x01,0x23,0x04,0x01,0x23,0x04,0x01,0x00,0x00,0x23,0x04,0x01,0x00,0x00,
    0x23,0x04,0x01,0x00,0x00,0x23,0x04,0x01,0x00,0x00,0x23,0x10,0x01,0x00,0x00,0x23,
    0x0c,0x01,0x00,0x00,0x23,0x04,0x01,0x00,0x00,0x23,0x08,0x01,0x00,0x00,0x23,0x04,
    0x01,0x00,0x00,0x23,0x04,0x01,0x00,0x00,0x23,0x04,0x01,0x23,0x04,0x01,0x00,0x00,
    0x23,0x04,0x01,0x00,0x00,0x23,0x04,0x01,0x23,0x90,0x01,0x01,0x00,0x00,0x23,0x0c,
    0x01,0x23,0x04,0x01,0x23,0x10,0x01,0x23,0x10,0x01,0x00,0x00,0x23,0x08,0x01,0x00,
    0x00,0x23,0x04,0x01,0x23,0x04,0x01,0x00,0x00,0x23,0x08,0x01,0x00,0x00,0x23,0x04,
    0x01,0x23,0x04,0x01,0x00,0x00,0x23,0x10,0x01,0x00,0x00,0x23,0x04,0x01,0x23,0x04,
    0x01,0x00,0x00,0x23,0x08,0x01,0x23,0x04,0x01,0x00,0x00,0x23,0x04,0x01,0x00,0x00,
    0x23,0x04,0x01,0x23,0x04,0x01,0x23,0x0c,0x01,0x23,0x04,0x01,0x23,0x04,0x01,0x23,
    0x04,0x01,0x23,0x04,0x01,0x23,0x04,0x01,0x23,0x0c,0x01,0x23,0x04,0x01,0x23,0x04,
    0x01,0x23,0x04,0x01,0x23,0x04,0x01,0x05,0x00,0x07,0x01,0x10,0x00,0x23,0x04,0x01,
    0x23,0x30,0x01,0x23,0x08,0x01,0x05,0x00,0x07,0x01,0x10,0x00,0x23,0x08,0x01,0x05,
    0x00,0x07,0x01,0x10,0x00,0x23,0x40,0x01,0x00,0x00,0x23,0x40,0x01,0x00,0x00,0x23,
    0x04,0x01,0x00,0x00,0x23,0x04,0x01,0x00,0x00,0x23,0x04,0x01,0x23,0x04,0x01,0x23,
    0x40,0x01,0x00,0x00,0x23,0x04,0x01,0x00,0x00,0x23,0x04,0x01,0x00,0x00,0x23,0x04,
    0x01,0x23,0x04,0x01,0x23,0x40,0x01,0x00,0x00,0x23,0x40,0x01,0x00,0x00,0x23,0x04,
    0x01,0x00,0x00,0x23,0x04,0x01,0x00,0x00,0x23,0x04,0x01,0x05,0x00,0x07,0x01,0x10,
    0x00,0x23,0x04,0x01,0x23,0x40,0x01,0x00,0x00,0x23,0x10,0x10,0xfc,0x1f,0x21,0x00,
    0x10,0x00,0x22,0x00,0x10,0xcc,0x05,0x1e,0x06,0x00,0xb8,0x9e,0x02,0x00,0x00,0x97,
    0xb7,0x01,0x00,0x00,0xf4,0x5b,0x00,0x00,0xf3,0x4f,0x00,0x00,0xce,0x2a,0x00,0x00,
    0xd1,0xd2,0x01,0x02,0x47,0x00,0x01,0x00,0x23,0x00,0x10,0xd2,0x2e,0x21,0x00,0x10,
    0x00,0x22,0x02,0x10,0xc5,0x05,0x1e,0x00,0x00,0x90,0x0e,0x00,0x10,0x00,0x21,0x0b,
    0x10,0x00,0x22,0x00,0x93,0x02,0x0e,0xa1,0x04,0xf4,0x13,0x08,0xa6,0x02,0xe9,0x13,
    0x20,0xb7,0x02,0x16,0x0d,0x03,0x94,0x02,0x1d,0xb7,0x02,0x28,0x0d,0x04,0xfe,0x02,
    0xac,0x13,0x1d,0x1d,0x0d,0x0d,0x0d,0x18,0x3e,0xbb,0x09,0x07,0x18,0x89,0x03,0xf9,
    0x07,0x0d,0x03,0x00,0x00,0x00,0x01,0x00,0xab,0x02,0xcc,0x05,0x98,0x01,0x3e,0xfa,
    0x09,0x00,0xfe,0x03,0xc1,0x04,0xbc,0x0a,0x1d,0x95,0x05,0xfb,0x08,0xb5,0x02,0x99,
    0x1c,0x20,0x01,0xb8,0x02,0xb2,0x01,0x1d,0x04,0xb8,0x02,0x3d,0x18,0x03,0xb5,0x02,
    0x75,0x20,0x00,0xbb,0x04,0x0b,0x96,0x28,0x04,0x00,0x00,0x00,0xbb,0x04,0x0c,0x15,
    0x00,0x00,0x00,0x00,0x3e,0xd1,0x1c,0x02,0x65,0xbb,0x04,0x0c,0xd8,0x1c,0x01,0x00,
    0x00,0x00,0x3e,0x95,0x1d,0x02,0x46,0xbb,0x04,0x0c,0xa2,0x1d,0x03,0x00,0x00,0x00,
    0x3e,0x93,0x1e,0x02,0x0d,0xbc,0x02,0xe4,0x0b,0x65,0x96,0x14,0xbc,0x02,0x02,0x65,
    0x96,0x14,0xb7,0x02,0xd3,0x15,0x0d,0x02,0xb7,0x02,0x02,0x0b,0x03,0xbb,0x04,0x0b,
    0xa2,0x28,0x09,0x00,0x00,0x00,0xbc,0x02,0xef,0x13,0x18,0xa5,0x14,0xbc,0x02,0x84,
    0x01,0x1d,0x96,0x14,0xbc,0x02,0x02,0x1d,0x96,0x14,0xbc,0x02,0x02,0x1d,0x96,0x14,
    0xbc,0x02,0x02,0x1d,0x96,0x14,0xde,0x83,0xc0,0x02,0xaa,0x09,0x65,0x65,0x65,0x65,
    0xfc,0x0a,0xfd,0x0a,0x65,0x46,0x65,0x1d,0x13,0x0d,0x0d,0x1d,0x1d,0x13,0x13,0x0d,
    0x0d,0x13,0x0d,0x0d,0x0d,0x0d,0x0d,0x0d,0x0d,0x0d,0x1d,0x14,0x0c,0x13,0x0c,0x0c,
    0x0c,0x0c,0x0d,0x0d,0xad,0x0a,0x18,0x0d,0x1d,0x1d,0x13,0x0c,0x0d,0x13,0x0d,0x0d,
    0x1d,0x0c,0x0d,0x13,0x0d,0x0d,0x0d,0x0b,0x18,0x0d,0x0d,0x0b,0x0d,0x0d,0x18,0x0d,
    0x0d,0x0d,0x0d,0x0d,0x46,0x13,0x13,0x65,0x65,0x0d,0x0d,0x0d,0x0d,0xef,0x0a,0x0c,
    0x0d,0x0d,0x0d,0xf0,0x0a,0xf1,0x0a,0x0c,0x0c,0x0c,0x0c,0x65,0x1d,0xf2,0x0a,0x3e,
    0xfa,0x09,0x02,0xc7,0x0f,0x39,0xc4,0x14,0x82,0x16,0x02,0x3e,0xd5,0x34,0x02,0x1d,
    0xbb,0x04,0x0b,0xf2,0x1d,0x03,0x00,0x00,0x00,0xbb,0x04,0x0d,0x0d,0x00,0x00,0x00,
    0x00,0xbb,0x04,0x0d,0x83,0x26,0x00,0x00,0x80,0x3f,0x3e,0xa2,0x08,0x01,0x1d,0x39,
    0x9b,0x05,0xa0,0x3a,0x01,0x3e,0xbf,0x3a,0x07,0x0d,0xbb,0x04,0x0c,0xdc,0x20,0x3a,
    0x00,0x00,0x00,0xec,0x04,0x1d,0x82,0x03,0xdc,0x05,0xdc,0x05,0xdc,0x05,0xdc,0x05,
    0xbb,0x04,0x0c,0xe9,0x02,0x3e,0x00,0x00,0x00,0xbb,0x04,0x0c,0x1d,0x39,0x00,0x00,
    0x00,0x3e,0xbf,0x20,0x02,0x18,0xbb,0x04,0x0c,0xd8,0x20,0x3d,0x00,0x00,0x00,0xbb,
    0x04,0x0b,0xe3,0x02,0x02,0x00,0x00,0x00,0xbb,0x04,0x0b,0x05,0x01,0x00,0x00,0x00,
    0xbb,0x04,0x0d,0xb9,0x09,0x0a,0xd7,0xa3,0x3a,0xbb,0x04,0x0b,0xb4,0x09,0x00,0x00,
    0x00,0x00,0xbb,0x04,0x0c,0xe4,0x02,0x3b,0x00,0x00,0x00,0xbb,0x04,0x0c,0x18,0x3f,
    0x00,0x00,0x00,0xbb,0x04,0x0c,0x06,0x40,0x00,0x00,0x00,0xbb,0x04,0x0c,0x12,0x43,
    0x00,0x00,0x00,0xbb,0x04,0x0c,0x06,0x44,0x00,0x00,0x00,0xbb,0x04,0x0c,0x2f,0x3c,
    0x00,0x00,0x00,0x3e,0xed,0x20,0x02,0x0b,0xbb,0x04,0x0c,0xb6,0x1e,0x08,0x00,0x00,
    0x00,0xbb,0x04,0x0c,0xa8,0x01,0x24,0x00,0x00,0x00,0xbb,0x04,0x0c,0xb4,0x01,0x42,
    0x00,0x00,0x00,0xbb,0x04,0x0c,0x05,0x41,0x00,0x00,0x00,0xbb,0x04,0x0c,0x8f,0x01,
    0x29,0x00,0x00,0x00,0xbb,0x04,0x0c,0x0b,0x27,0x00,0x00,0x00,0xae,0x02,0x8d,0x1a,
    0x1d,0x3e,0xfa,0x09,0x02,0xf9,0x07,0x39,0xf6,0x0c,0xd8,0x24,0x02,0x3e,0x8b,0x34,
    0x03,0x1d,0x39,0x9c,0x05,0xc6,0x2e,0x03,0xbb,0x04,0x0c,0xc9,0x0d,0x45,0x00,0x00,
    0x00,0x39,0xfb,0x08,0xda,0x1b,0x00,0x3e,0xf5,0x3c,0x03,0x0d,0xad,0x06,0x1d,0x93,
    0x0a,0xad,0x06,0x0d,0x02,0xad,0x06,0x18,0x02,0xc6,0x06,0x08,0xb6,0x58,0x00,0x82,
    0x0a,0x18,0x82,0x66,0x39,0x95,0x05,0x8b,0x64,0x07,0x01,0x1d,0xfe,0x8f,0x02,0xdc,
    0xa5,0x02,0x3d,0x18,0xe1,0x6c,0xe1,0x6c,0xe1,0x6c,0x18,0x13,0x9a,0x05,0xd1,0x81,
    0x01,0xa2,0x1f,0x8b,0x14,0x01,0x1d,0x9c,0xf7,0x01,0x9c,0xf7,0x01,0x80,0x0b,0xf3,
    0x09,0xbf,0x0a,0xbf,0x0a,0xd6,0xe8,0x02,0xd4,0xe8,0x02,0xd4,0xe8,0x02,0xd4,0xe8,
    0x02,0xd2,0xe8,0x02,0xc1,0x0a,0x1d,0x83,0xfe,0x01,0x83,0xfe,0x01,0x00,0x80,0x0b,
    0xf3,0x09,0xfe,0x66,0xfe,0x66,0xd0,0xd1,0x01,0xce,0xd1,0x01,0xce,0xd1,0x01,0xce,
    0xd1,0x01,0xcc,0xd1,0x01,0xc1,0x0a,0x1d,0xe9,0x08,0xe9,0x08,0x00,0x22,0xec,0x8f,
    0x01,0x00,0x23,0x9a,0x05,0xea,0x90,0x01,0xc5,0x1f,0x8e,0x14,0x94,0x14,0x01,0x1d,
    0xf1,0xd8,0x01,0xf1,0xd8,0x01,0x3d,0x18,0xac,0xdc,0x01,0xac,0xdc,0x01,0xac,0xdc,
    0x01,0x18,0xc3,0x10,0x18,0xf9,0x95,0x01,0xbb,0x36,0xf9,0x95,0x01,0x13,0xc3,0x05,
    0xfe,0x92,0x01,0xc5,0x1f,0xda,0x15,0x01,0x46,0xb9,0x05,0xb9,0x05,0xc1,0x12,0x18,
    0xf1,0xd2,0x01,0xf1,0xd2,0x01,0xad,0x45,0x22,0xb2,0x27,0x00,0xd9,0x06,0x1d,0xa8,
    0x94,0x01,0x9e,0xce,0x01,0xda,0xbb,0x01,0x80,0xcf,0x01,0x01,0x1d,0x95,0x20,0xfa,
    0xbc,0x01,0x3d,0x18,0xfd,0x27,0xfd,0x27,0xfd,0x27,0x18,0xc1,0x0a,0x0d,0xec,0x52,
    0xd8,0x0a,0x03,0xc3,0x10,0x0d,0xe8,0x16,0xba,0xb5,0x02,0xe8,0x16,0xce,0x10,0x18,
    0xa3,0x76,0xcf,0x0c,0xa3,0x76,0x3d,0x18,0xa4,0x2c,0xbf,0x28,0xbf,0x28,0x18,0x4b,
    0x18,0xb3,0x6c,0x8f,0x40,0xb3,0x6c,0x13,0x8c,0x05,0x82,0x92,0x01,0xbf,0x1c,0x8a,
    0x14,0xc1,0x0a,0x0d,0x8a,0x59,0x8c,0xeb,0x01,0x00,0x22,0x8a,0x59,0x00,0x13,0x8c,
    0x05,0xdf,0x4d,0xbf,0x1c,0x8d,0x14,0xc1,0x0a,0x0d,0xe1,0x6e,0xca,0x2e,0x01,0x22,
    0xe1,0x6e,0x00,0x13,0x8c,0x05,0xe4,0x6e,0xbf,0x1c,0x90,0x14,0xc1,0x0a,0x0d,0xfb,
    0x36,0xb2,0x66,0x02,0x22,0xfb,0x36,0x00,0x8d,0x1e,0x88,0x06,0xc6,0x06,0x1d,0xdb,
    0x9f,0x01,0x00,0x99,0x0e,0xa7,0x06,0x95,0x05,0xc9,0x0e,0xa7,0x06,0xfb,0x08,0x4e,
    0x18,0xe4,0xc3,0x02,0x01,0x18,0xfb,0x74,0xb6,0xcf,0x01,0x5c,0x0d,0xf6,0x7e,0x01,
    0x42,0xae,0x84,0x01,0x13,0x8a,0x05,0x9b,0xf2,0x01,0xc5,0x1f,0xb9,0x15,0x01,0x0d,
    0xa2,0x1f,0xa2,0x1f,0xc8,0x16,0x09,0x92,0x72,0xe7,0x60,0x92,0x72,0xa7,0x1e,0xae,
    0xbd,0x01,0x00,0xba,0x1e,0x00,0xd1,0x04,0xae,0xbd,0x01,0x18,0xd2,0x04,0x9e,0x1e,
    0x7a,0x0b,0x00,0x00,0x18,0xff,0xc1,0x01,0x13,0x8a,0x05,0xe0,0xea,0x01,0xc5,0x1f,
    0xc5,0x15,0x01,0x0d,0xc7,0x64,0xc7,0x64,0xca,0x16,0x09,0x90,0x61,0xed,0x36,0x90,
    0x61,0xa7,0x1e,0xa6,0xe7,0x01,0x00,0xba,0x1e,0x00,0xa6,0x25,0xa6,0xe7,0x01,0x18,
    0xa5,0x25,0x9e,0x1e,0x7a,0x0b,0x00,0x00,0x18,0xff,0xc1,0x01,0x13,0x96,0x05,0xe8,
    0xc6,0x01,0xc5,0x1f,0xb6,0x15,0x01,0x18,0xe1,0x5a,0xe1,0x5a,0x13,0x8a,0x05,0xbe,
    0x4b,0xc5,0x1f,0xc2,0x15,0x01,0x0d,0xa6,0x59,0xa6,0x59,0xc1,0x0a,0x0d,0xb3,0x44,
    0xb0,0x60,0x02,0x13,0x8b,0x05,0xde,0x3a,0xd3,0x1c,0x8d,0x14,0x01,0x0d,0xa7,0x60,
    0xa7,0x60,0x4a,0x0d,0xd3,0x57,0xd1,0xc1,0x01,0xd3,0x57,0x5c,0x0d,0xf0,0x66,0x01,
    0x04,0xab,0x5c,0xca,0x16,0x09,0xf4,0x23,0xf4,0x23,0xda,0xa4,0x02,0xa7,0x1e,0xf9,
    0x1c,0x00,0xba,0x1e,0x00,0xf2,0xc9,0x01,0xf9,0x1c,0x18,0xf1,0xc9,0x01,0xc1,0x0a,
    0x0d,0xc0,0x87,0x01,0xc4,0x2b,0x00,0xc1,0x0a,0x0d,0xd2,0x0f,0x96,0x3b,0x01,0xc3,
    0x10,0x0d,0xc6,0x3b,0xc6,0x3b,0xca,0x93,0x01,0x5c,0x0d,0xff,0x58,0x01,0x1b,0x90,
    0xa6,0x01,0x4a,0x0d,0xbd,0x0a,0xa5,0x18,0xbd,0x0a,0xc3,0x10,0x0d,0xd7,0x0e,0xe9,
    0x5b,0xd7,0x0e,0xc8,0x10,0x0d,0xda,0x6e,0xda,0x6e,0x8e,0x90,0x01,0x99,0x1e,0xcf,
    0x17,0x18,0xd0,0x17,0xe5,0x1e,0x0d,0xf5,0xa5,0x01,0x7a,0x4d,0x00,0x00,0x5f,0x1a,
    0x00,0x00,0x32,0x52,0x00,0x00,0x64,0x1e,0x00,0x00,0xc3,0x10,0x0d,0xd7,0x36,0xeb,
    0x83,0x02,0xf1,0x30,0x6c,0x0d,0xb2,0x70,0x01,0x28,0xf3,0x41,0x8c,0x14,0x4a,0x0d,
    0xf0,0x45,0xca,0x7f,0xf0,0x45,0x3f,0x0d,0xc7,0x41,0xc7,0x41,0x5c,0x0d,0x83,0x97,
    0x01,0x01,0x1b,0xa0,0x7c,0xc3,0x10,0x0d,0x8a,0xc7,0x01,0xb2,0xa6,0x02,0x8a,0xc7,
    0x01,0x13,0x8a,0x05,0xad,0x1d,0xc5,0x1f,0xbc,0x15,0x01,0x0d,0x9f,0x02,0x9f,0x02,
    0x6c,0x0d,0xab,0x79,0x01,0x25,0xa3,0x94,0x01,0xbc,0x84,0x01,0x13,0x96,0x05,0xd6,
    0x3b,0xc5,0x1f,0xc8,0x15,0x01,0x18,0xd6,0x16,0xd6,0x16,0x13,0x8a,0x05,0xa0,0x5e,
    0xc5,0x1f,0xcb,0x15,0x01,0x0d,0xd5,0xab,0x01,0xd5,0xab,0x01,0xca,0x16,0x09,0xa4,
    0xbc,0x01,0xa4,0xbc,0x01,0xce,0xa8,0x02,0xa7,0x1e,0xd3,0x08,0x00,0xba,0x1e,0x00,
    0xf6,0xb1,0x01,0xd3,0x08,0x18,0xf5,0xb1,0x01,0x13,0x8a,0x05,0x8c,0xd8,0x01,0xc5,
    0x1f,0xd4,0x15,0x01,0x0d,0x89,0x2e,0x89,0x2e,0x4a,0x0d,0x91,0x78,0xf1,0xb6,0x01,
    0x91,0x78,0x13,0x8a,0x05,0x90,0x27,0xc5,0x1f,0xd7,0x15,0x01,0x0d,0xbc,0x5f,0xbc,
    0x5f,0xc3,0x10,0x0d,0xc5,0xb0,0x01,0xf9,0x29,0xc5,0xb0,0x01,0x13,0x88,0x05,0xc0,
    0x36,0xc5,0x1f,0xbf,0x15,0x01,0x0b,0xff,0x6f,0xff,0x6f,0x5c,0x13,0xac,0x5a,0x01,
    0x3e,0xd3,0x36,0xc1,0x0a,0x0d,0xbc,0x9b,0x01,0xbc,0x9b,0x01,0x01,0xc1,0x0a,0x0d,
    0x97,0xb7,0x01,0xdb,0x1b,0x00,0x7c,0x0d,0xd0,0x25,0x01,0x2b,0xb3,0x53,0x8c,0x14,
    0x8a,0x01,0x7c,0x0d,0xeb,0x4a,0x01,0x2e,0xc7,0xb1,0x01,0xfb,0x55,0xe3,0x68,0x13,
    0xe2,0x05,0xb4,0xc4,0x01,0xc5,0x1f,0xa3,0x14,0x01,0x65,0xe6,0x3b,0xe6,0x3b,0xc1,
    0x0a,0x1d,0xf3,0x70,0xf3,0x70,0x00,0x3d,0x18,0x9e,0x10,0x9e,0x10,0x9e,0x10,0x18,
    0xc1,0x0a,0x1d,0xff,0xbf,0x01,0xd5,0xa0,0x02,0x01,0x3d,0x18,0x86,0xd9,0x01,0x86,
    0xd9,0x01,0x86,0xd9,0x01,0x18,0xc1,0x0a,0x1d,0xab,0xd9,0x01,0xfb,0xa0,0x02,0x02,
    0x3d,0x18,0xc4,0xdd,0x01,0xc4,0xdd,0x01,0xc4,0xdd,0x01,0x18,0xd0,0x0a,0x46,0xd5,
    0x70,0xb7,0x53,0xbd,0x6c,0xd5,0x70,0xb4,0x0a,0x46,0xfe,0x74,0xb3,0x34,0x00,0x00,
    0x01,0xfe,0x03,0xf9,0x3f,0xf6,0xcd,0x01,0x01,0x18,0xb0,0x66,0xf4,0xb4,0x02,0xc1,
    0x12,0x18,0xfb,0x0c,0xba,0x19,0xfb,0x0c,0xe8,0x0a,0x1d,0xa7,0xa9,0x01,0xf3,0x4f,
    0xa7,0xa9,0x01,0x02,0xad,0x43,0x3d,0x18,0xce,0x2a,0xce,0x2a,0xce,0x2a,0x18,0x4a,
    0x18,0xd5,0x01,0x89,0x01,0xd5,0x01,0x99,0x1e,0xcb,0x78,0x18,0xcc,0x78,0xe5,0x1e,
    0x18,0xae,0x21,0x7c,0x38,0x00,0x00,0x1a,0x58,0x00,0x00,0x37,0x38,0x00,0x00,0xb8,
    0x27,0x00,0x00,0x13,0x8a,0x05,0xaf,0x11,0xc5,0x1f,0xf7,0x14,0x01,0x0d,0xfa,0x02,
    0xfa,0x02,0x4a,0x0d,0xcd,0x40,0xcd,0x40,0x98,0x9c,0x01,0xce,0x10,0x18,0xf0,0x59,
    0xec,0x0a,0xf0,0x59,0x13,0x8a,0x05,0x87,0x86,0x02,0xc5,0x1f,0xd1,0x15,0x01,0x0d,
    0x8a,0xb8,0x01,0x8a,0xb8,0x01,0xca,0x16,0x09,0x92,0x19,0x92,0x19,0xd0,0xa8,0x02,
    0xa7,0x1e,0x8e,0xea,0x01,0x00,0xba,0x1e,0x00,0xf6,0xb1,0x01,0x8e,0xea,0x01,0x18,
    0xf5,0xb1,0x01,0x13,0x8a,0x05,0xbe,0xd7,0x01,0xc5,0x1f,0xce,0x15,0x01,0x0d,0x97,
    0x37,0x97,0x37,0xc3,0x10,0x0d,0xce,0x35,0xeb,0x12,0xce,0x35,0x6c,0x0d,0xb1,0xe8,
    0x01,0x01,0x28,0xb3,0xba,0x01,0x8c,0x14,0x4a,0x0d,0xd6,0xad,0x01,0xcc,0x7f,0xd6,
    0xad,0x01,0x3f,0x0d,0x95,0x55,0x95,0x55,0x5c,0x0d,0xe4,0x2d,0x01,0x1b,0xba,0x72,
    0x13,0x9a,0x05,0xcd,0x35,0xc5,0x1f,0x86,0x15,0x01,0x1d,0x84,0x6c,0x84,0x6c,0x3d,
    0x18,0x93,0x3d,0x93,0x3d,0x93,0x3d,0x18,0x23,0x8a,0x05,0xf9,0x55,0xc5,0x1f,0x86,
    0x15,0x93,0x14,0x01,0x0d,0xa4,0x37,0xa4,0x37,0xce,0x10,0x18,0xa3,0x5c,0xf9,0x7a,
    0xa3,0x5c,0x01,0x18,0xc2,0xa7,0x01,0x9c,0xff,0x01,0x5c,0x18,0xd9,0x86,0x01,0x01,
    0x45,0xa1,0x9c,0x01,0x13,0x96,0x05,0x8a,0x99,0x01,0xc5,0x1f,0x80,0x15,0x01,0x18,
    0xb3,0x36,0xb3,0x36,0xc4,0x12,0x0d,0xbb,0x82,0x01,0xe5,0x1f,0xbb,0x82,0x01,0x6c,
    0x0d,0xf6,0xa2,0x01,0x01,0x28,0x81,0x49,0x8c,0x14,0x6c,0x0d,0xbe,0x55,0x01,0x1a,
    0xbc,0x9a,0x01,0xeb,0x9b,0x01,0xc3,0x10,0x0d,0xad,0xf2,0x01,0xf4,0x95,0x01,0xcf,
    0x7a,0x4a,0x0d,0xd0,0x6c,0xdd,0x85,0x01,0xd0,0x6c,0xce,0x10,0x18,0xa9,0x6e,0xae,
    0x05,0xa9,0x6e,0x4b,0x18,0xfe,0xe9,0x01,0xa7,0x05,0xfe,0xe9,0x01,0x99,0x1e,0xd2,
    0x99,0x02,0x18,0xd1,0x99,0x02,0xe5,0x1e,0x18,0xe6,0xee,0x01,0x6a,0x61,0x00,0x00,
    0x5d,0x56,0x00,0x00,0x16,0x60,0x00,0x00,0xb9,0x27,0x00,0x00,0xc1,0x0a,0x0d,0xf5,
    0x0b,0xf5,0x0b,0x00,0xc1,0x0a,0x0d,0xa5,0xbb,0x01,0x9b,0xc7,0x01,0x01,0xc1,0x0a,
    0x0d,0x6a,0xb1,0xc6,0x01,0x02,0xe0,0x0a,0x1d,0xce,0x85,0x01,0xed,0x34,0xb8,0x86,
    0x01,0xce,0x85,0x01,0x90,0x85,0x01,0x9e,0x1e,0x2e,0x45,0x00,0x00,0x88,0x06,0x00,
    0x5f,0x05,0x00,0x00,0x00,0x00,0x00,0x00,0x4c,0x4f,0x4d,0x53,0x00,0x03,0x01,0x00,
    0x0b,0x00,0x08,0x00,0xe3,0x60,0x00,0x00,0x00,0x00,0x00,0x00,0x38,0x15,0x00,0x00,
    0x91,0x02,0x01,0xd1,0x10,0x02,0x47,0x4c,0x53,0x4c,0x2e,0x73,0x74,0x64,0x2e,0x34,
    0x35,0x30,0x00,0x00,0x00,0x00,0xa0,0x04,0x00,0x01,0x9f,0x0f,0x04,0x9f,0x2c,0xed,
    0xc2,0xa5,0xf3,0x06,0x00,0x8c,0x1a,0xef,0x25,0xd9,0x1b,0xb0,0x19,0x82,0x1d,0xa0,
    0x02,0x9f,0x2c,0x07,0x10,0xba,0x12,0x06,0x10,0x37,0xc3,0x07,0x0e,0x00,0x05,0x00,
    0x07,0x01,0x10,0x00,0x23,0x00,0x01,0x05,0x00,0x07,0x01,0x10,0x00,0x23,0x40,0x01,
    0x23,0x30,0x01,0x23,0x04,0x01,0x23,0x04,0x01,0x23,0x04,0x01,0x05,0x00,0x07,0x01,
    0x10,0x00,0x23,0x04,0x01,0x23,0x40,0x10,0xd0,0x43,0x01,0x01,0x10,0xc1,0x43,0x06,
    0x80,0x02,0x00,0x82,0x1a,0x02,0x47,0x00,0x01,0x00,0x23,0x00,0x10,0xae,0x0e,0x21,
    0x00,0x10,0x00,0x22,0x01,0x10,0xff,0x2b,0x06,0x40,0x10,0x02,0x06,0x40,0x10,0xa4,
    0x0a,0x06,0x10,0x10,0x62,0x06,0x10,0x10,0x02,0x06,0x10,0x10,0x02,0x06,0x10,0x10,
    0x02,0x06,0x10,0x00,0xd3,0x0d,0x02,0x37,0x00,0x99,0x00,0x05,0x00,0x07,0x01,0x10,
    0x00,0x23,0x00,0x01,0x05,0x00,0x07,0x01,0x10,0x00,0x23,0x40,0x01,0x05,0x00,0x07,
    0x01,0x10,0x00,0x23,0x40,0x01,0x05,0x00,0x07,0x01,0x10,0x00,0x23,0x40,0x01,0x05,
    0x00,0x07,0x01,0x10,0x00,0x23,0x40,0x01,0x05,0x00,0x07,0x01,0x10,0x00,0x23,0x80,
    0x02,0x01,0x05,0x00,0x07,0x01,0x10,0x00,0x23,0x80,0x02,0x01,0x05,0x00,0x07,0x01,
    0x10,0x00,0x23,0x40,0x01,0x05,0x00,0x07,0x01,0x10,0x00,0x23,0x30,0x01,0x23,0x40,
    0x01,0x23,0x10,0x01,0x23,0x08,0x01,0x23,0x04,0x01,0x23,0x04,0x01,0x23,0x10,0x01,
    0x23,0x10,0x01,0x23,0x08,0x01,0x23,0x08,0x01,0x23,0x04,0x01,0x00,0x00,0x23,0x04,
    0x01,0x23,0x08,0x01,0x23,0x04,0x01,0x23,0x04,0x01,0x23,0x04,0x01,0x23,0x04,0x01,
    0x23,0x04,0x01,0x00,0x00,0x23,0x04,0x01,0x00,0x00,0x23,0x04,0x01,0x00,0x00,0x23,
    0x04,0x01,0x00,0x00,0x23,0x10,0x01,0x00,0x00,0x23,0x0c,0x01,0x00,0x00,0x23,0x04,
    0x01,0x00,0x00,0x23,0x08,0x01,0x00,0x00,0x23,0x04,0x01,0x00,0x00,0x23,0x04,0x01,
    0x00,0x00,0x23,0x04,0x01,0x23,0x04,0x01,0x00,0x00,0x23,0x04,0x01,0x00,0x00,0x23,
    0x04,0x01,0x23,0x90,0x01,0x01,0x00,0x00,0x23,0x0c,0x01,0x23,0x04,0x01,0x23,0x10,
    0x01,0x23,0x10,0x01,0x00,0x00,0x23,0x08,0x01,0x00,0x00,0x23,0x04,0x01,0x23,0x04,
    0x01,0x00,0x00,0x23,0x08,0x01,0x00,0x00,0x23,0x04,0x01,0x23,0x04,0x01,0x00,0x00,
    0x23,0x10,0x01,0x00,0x00,0x23,0x04,0x01,0x23,0x04,0x01,0x00,0x00,0x23,0x08,0x01,
    0x23,0x04,0x01,0x00,0x00,0x23,0x04,0x01,0x00,0x00,0x23,0x04,0x01,0x23,0x04,0x01,
    0x23,0x0c,0x01,0x23,0x04,0x01,0x23,0x04,0x01,0x23,0x04,0x01,0x23,0x04,0x01,0x23,
    0x04,0x01,0x23,0x0c,0x01,0x23,0x04,0x01,0x23,0x04,0x01,0x23,0x04,0x01,0x23,0x04,
    0x01,0x05,0x00,0x07,0x01,0x10,0x00,0x23,0x04,0x01,0x23,0x30,0x01,0x23,0x08,0x01,
    0x05,0x00,0x07,0x01,0x10,0x00,0x23,0x08,0x01,0x05,0x00,0x07,0x01,0x10,0x00,0x23,
    0x40,0x01,0x00,0x00,0x23,0x40,0x01,0x00,0x00,0x23,0x04,0x01,0x00,0x00,0x23,0x04,
    0x01,0x00,0x00,0x23,0x04,0x01,0x23,0x04,0x01,0x23,0x40,0x01,0x00,0x00,0x23,0x04,
    0x01,0x00,0x00,0x23,0x04,0x01,0x00,0x00,0x23,0x04,0x01,0x23,0x04,0x01,0x23,0x40,
    0x01,0x00,0x00,0x23,0x40,0x01,0x00,0x00,0x23,0x04,0x01,0x00,0x00,0x23,0x04,0x01,
    0x00,0x00,0x23,0x04,0x01,0x05,0x00,0x07,0x01,0x10,0x00,0x23,0x04,0x01,0x23,0x40,
    0x01,0x00,0x00,0x23,0x10,0x10,0x9c,0x3a,0x21,0x00,0x10,0x00,0x22,0x00,0x00,0xf1,
    0x0a,0x0e,0x10,0x00,0x1e,0x0a,0x10,0xc6,0x17,0x1e,0x00,0x10,0xab,0x14,0x1e,0x09,
    0x10,0xd1,0x04,0x1e,0x0c,0x10,0xa4,0x07,0x1e,0x01,0x93,0x02,0x0e,0xa1,0x04,0xf4,
    0x13,0x08,0xb5,0x02,0xeb,0x13,0x20,0x01,0xa6,0x02,0x02,0x20,0xb7,0x02,0x20,0x0d,
    0x04,0xb8,0x02,0x90,0x01,0x1d,0x04,0xb7,0x02,0x99,0x01,0x0d,0x03,0xb8,0x02,0x5c,
    0x18,0x03,0xb5,0x02,0x75,0x20,0x00,0xbb,0x04,0x0b,0x96,0x28,0x04,0x00,0x00,0x00,
    0xbc,0x02,0xf1,0x15,0x1d,0x96,0x14,0x9e,0x03,0xc3,0x07,0x65,0x46,0x0c,0x0c,0x0c,
    0x0d,0x65,0x9d,0x09,0xb2,0x06,0x0c,0xd0,0x43,0x40,0x00,0x00,0x00,0xbc,0x02,0xc1,
    0x43,0xbb,0x05,0xa3,0x27,0xae,0x02,0x82,0x1a,0xc2,0x05,0x3e,0xfa,0x09,0x02,0xc3,
    0x12,0x39,0xc0,0x17,0xb4,0x04,0x02,0xbb,0x04,0x0c,0x9d,0x0b,0x00,0x00,0x00,0x00,
    0x3e,0x83,0x1e,0x02,0x0c,0xbb,0x04,0x0c,0x9c,0x1e,0x04,0x00,0x00,0x00,0xbc,0x02,
    0xf9,0x20,0x65,0x96,0x14,0xbc,0x02,0x02,0x65,0x96,0x14,0xb7,0x02,0x8f,0x07,0x0d,
    0x02,0xb7,0x02,0x02,0x0b,0x03,0xbb,0x04,0x0b,0xa2,0x28,0x09,0x00,0x00,0x00,0xbc,
    0x02,0xef,0x16,0x18,0xa5,0x14,0xbc,0x02,0x62,0x1d,0x96,0x14,0xbc,0x02,0x02,0x1d,
    0x96,0x14,0xbc,0x02,0x02,0x1d,0x96,0x14,0xbc,0x02,0x02,0x1d,0x96,0x14,0xde,0x83,
    0xc0,0x02,0xd3,0x0d,0x65,0x65,0x65,0x65,0xda,0x03,0xdb,0x03,0x65,0x46,0x65,0x1d,
    0x13,0x0d,0x0d,0x1d,0x1d,0x13,0x13,0x0d,0x0d,0x13,0x0d,0x0d,0x0d,0x0d,0x0d,0x0d,
    0x0d,0x0d,0x1d,0x14,0x0c,0x13,0x0c,0x0c,0x0c,0x0c,0x0d,0x0d,0xed,0x08,0x18,0x0d,
    0x1d,0x1d,0x13,0x0c,0x0d,0x13,0x0d,0x0d,0x1d,0x0c,0x0d,0x13,0x0d,0x0d,0x0d,0x0b,
    0x18,0x0d,0x0d,0x0b,0x0d,0x0d,0x18,0x0d,0x0d,0x0d,0x0d,0x0d,0x46,0x13,0x13,0x65,
    0x65,0x0d,0x0d,0x0d,0x0d,0x9e,0x09,0x0c,0x0d,0x0d,0x0d,0x9f,0x09,0xa0,0x09,0x0c,
    0x0c,0x0c,0x0c,0x65,0x1d,0xa1,0x09,0x3e,0xfa,0x09,0x02,0xb7,0x02,0x39,0xb4,0x07,
    0xa2,0x30,0x02,0x3e,0xf5,0x34,0x01,0x0c,0x39,0x8a,0x05,0x84,0x2a,0x01,0xb7,0x02,
    0xf5,0x33,0x0b,0x02,0x3e,0xfa,0x09,0x03,0x11,0x39,0x8e,0x05,0xc2,0x41,0x03,0xbb,
    0x04,0x0b,0xc9,0x23,0x00,0x00,0x00,0x00,0x3e,0x83,0x1e,0x03,0x0b,0x3e,0x24,0x01,
    0x1d,0x39,0x9a,0x05,0xfe,0x2c,0x01,0xbb,0x04,0x0b,0x91,0x0f,0x02,0x00,0x00,0x00,
    0x3e,0x89,0x1e,0x01,0x0d,0xbb,0x04,0x0b,0x90,0x1e,0x03,0x00,0x00,0x00,0xbb,0x04,
    0x0b,0x0b,0x01,0x00,0x00,0x00,0x39,0x9a,0x05,0xc6,0x0a,0x01,0x3e,0xbf,0x28,0x03,
    0x13,0x39,0x90,0x05,0xe4,0x2f,0x03,0xbb,0x04,0x0d,0x8b,0x36,0x00,0x00,0x00,0x3f,
    0xbb,0x04,0x0c,0xf2,0x24,0x0e,0x00,0x00,0x00,0x3e,0xb3,0x1e,0x02,0x1d,0xc6,0x06,
    0x08,0x88,0x4e,0x00,0x82,0x0a,0x18,0xe6,0x61,0x01,0x0c,0xba,0xa0,0x01,0xc6,0xa6,
    0x02,0x33,0x89,0x05,0xf5,0xf0,0x01,0xda,0x19,0x8b,0x14,0xaf,0xad,0x01,0x97,0x14,
    0x01,0x0c,0xd4,0x74,0xd4,0x74,0xbc,0x0e,0x0b,0xe9,0x5c,0xe9,0x5c,0x13,0x88,0x05,
    0xed,0x04,0xef,0x25,0x8a,0x14,0x22,0x00,0xed,0x04,0x13,0x8b,0x05,0xfe,0x73,0xd9,
    0x1b,0x90,0x14,0x01,0x0d,0xf7,0x5e,0xf7,0x5e,0x13,0x8b,0x05,0xe6,0xdc,0x01,0xd9,
    0x1b,0x93,0x14,0x01,0x0d,0x89,0x9f,0x01,0x89,0x9f,0x01,0xc8,0x10,0x0d,0x9c,0x0f,
    0xf8,0x4c,0x9c,0x0f,0xbc,0x0e,0x0b,0xa8,0x24,0xa8,0x24,0x13,0x88,0x05,0xfa,0x34,
    0xef,0x25,0x8d,0x14,0x22,0x00,0xfa,0x34,0x01,0x1d,0xaf,0xc7,0x01,0xa2,0x39,0x2d,
    0x13,0x86,0x6e,0x86,0x6e,0x86,0x6e,0x10,0xc0,0x0a,0x13,0xc6,0x9c,0x01,0xda,0xab,
    0x01,0xda,0xab,0x01,0xc8,0x10,0x13,0xf1,0xba,0x01,0xab,0x1e,0xf1,0xba,0x01,0x01,
    0x1d,0xa2,0x89,0x01,0xf0,0x96,0x02,0x2d,0x13,0xab,0xa0,0x01,0xab,0xa0,0x01,0xab,
    0xa0,0x01,0x10,0x13,0x8b,0x05,0xa5,0x2d,0xb0,0x19,0x93,0x14,0x01,0x0d,0xc6,0x87,
    0x02,0xc6,0x87,0x02,0xc0,0x0a,0x13,0xad,0xa0,0x01,0xad,0xa0,0x01,0xad,0xa0,0x01,
    0xc8,0x10,0x13,0xce,0x43,0xc0,0x7d,0xce,0x43,0xc3,0x10,0x13,0x8a,0x28,0xc0,0x8e,
    0x01,0x8a,0x28,0xce,0x10,0x13,0xa8,0x0e,0xa8,0x0e,0x9e,0xd9,0x02,0x13,0x9b,0x05,
    0xa1,0xd9,0x01,0xc5,0x1f,0xb5,0x14,0x01,0x1d,0xc8,0x61,0xc8,0x61,0x2d,0x13,0xac,
    0x71,0xac,0x71,0xac,0x71,0x10,0x4a,0x13,0xcb,0x24,0xf9,0x2a,0xcb,0x24,0x22,0x98,
    0xf8,0x01,0x00,0x8d,0x1e,0x88,0x06,0x00,0x72,0x07,0x00,0x00,0x00,0x00,0x00,0x00,
    0x4c,0x4f,0x4d,0x53,0x00,0x03,0x01,0x00,0x0b,0x00,0x08,0x00,0x7d,0x62,0x00,0x00,
    0x00,0x00,0x00,0x00,0x0c,0x1a,0x00,0x00,0x91,0x02,0x01,0xd1,0x10,0x02,0x47,0x4c,
    0x53,0x4c,0x2e,0x73,0x74,0x64,0x2e,0x34,0x35,0x30,0x00,0x00,0x00,0x00,0xa0,0x04,
    0x00,0x01,0xbf,0x0f,0x00,0x9f,0x2c,0xed,0xc2,0xa5,0xf3,0x06,0x00,0x82,0x1f,0x8c,
    0x1a,0xb0,0x23,0xab,0x22,0xd9,0x1b,0xb0,0x19,0xc2,0x26,0x10,0xb2,0x16,0x06,0x10,
    0x37,0xfc,0x17,0x0e,0x00,0x05,0x00,0x07,0x01,0x10,0x00,0x23,0x00,0x01,0x05,0x00,
    0x07,0x01,0x10,0x00,0x23,0x40,0x01,0x23,0x30,0x01,0x23,0x04,0x01,0x23,0x04,0x01,
    0x23,0x04,0x01,0x05,0x00,0x07,0x01,0x10,0x00,0x23,0x04,0x01,0x23,0x40,0x10,0x98,
    0x20,0x01,0x01,0x10,0xf5,0x22,0x06,0x80,0x02,0x00,0xbd,0x23,0x02,0x47,0x00,0x01,
    0x00,0x23,0x00,0x10,0xa2,0x2b,0x21,0x00,0x10,0x00,0x22,0x01,0x10,0xc7,0x1a,0x06,
    0x40,0x10,0x02,0x06,0x40,0x10,0xf3,0x03,0x06,0x10,0x10,0xba,0x01,0x06,0x10,0x10,
    0x02,0x06,0x10,0x10,0x02,0x06,0x10,0x10,0x02,0x06,0x10,0x00,0x0b,0x02,0x37,0x00,
    0x99,0x00,0x05,0x00,0x07,0x01,0x10,0x00,0x23,0x00,0x01,0x05,0x00,0x07,0x01,0x10,
    0x00,0x23,0x40,0x01,0x05,0x00,0x07,0x01,0x10,0x00,0x23,0x40,0x01,0x05,0x00,0x07,
    0x01,0x10,0x00,0x23,0x40,0x01,0x05,0x00,0x07,0x01,0x10,0x00,0x23,0x40,0x01,0x05,
    0x00,0x07,0x01,0x10,0x00,0x23,0x80,0x02,0x01,0x05,0x00,0x07,0x01,0x10,0x00,0x23,
    0x80,0x02,0x01,0x05,0x00,0x07,0x01,0x10,0x00,0x23,0x40,0x01,0x05,0x00,0x07,0x01,
    0x10,0x00,0x23,0x30,0x01,0x23,0x40,0x01,0x23,0x10,0x01,0x23,0x08,0x01,0x23,0x04,
    0x01,0x23,0x04,0x01,0x23,0x10,0x01,0x23,0x10,0x01,0x23,0x08,0x01,0x23,0x08,0x01,
    0x23,0x04,0x01,0x00,0x00,0x23,0x04,0x01,0x23,0x08,0x01,0x23,0x04,0x01,0x23,0x04,
    0x01,0x23,0x04,0x01,0x23,0x04,0x01,0x23,0x04,0x01,0x00,0x00,0x23,0x04,0x01,0x00,
    0x00,0x23,0x04,0x01,0x00,0x00,0x23,0x04,0x01,0x00,0x00,0x23,0x10,0x01,0x00,0x00,
    0x23,0x0c,0x01,0x00,0x00,0x23,0x04,0x01,0x00,0x00,0x23,0x08,0x01,0x00,0x00,0x23,
    0x04,0x01,0x00,0x00,0x23,0x04,0x01,0x00,0x00,0x23,0x04,0x01,0x23,0x04,0x01,0x00,
    0x00,0x23,0x04,0x01,0x00,0x00,0x23,0x04,0x01,0x23,0x90,0x01,0x01,0x00,0x00,0x23,
    0x0c,0x01,0x23,0x04,0x01,0x23,0x10,0x01,0x23,0x10,0x01,0x00,0x00,0x23,0x08,0x01,
    0x00,0x00,0x23,0x04,0x01,0x23,0x04,0x01,0x00,0x00,0x23,0x08,0x01,0x00,0x00,0x23,
    0x04,0x01,0x23,0x04,0x01,0x00,0x00,0x23,0x10,0x01,0x00,0x00,0x23,0x04,0x01,0x23,
    0x04,0x01,0x00,0x00,0x23,0x08,0x01,0x23,0x04,0x01,0x00,0x00,0x23,0x04,0x01,0x00,
    0x00,0x23,0x04,0x01,0x23,0x04,0x01,0x23,0x0c,0x01,0x23,0x04,0x01,0x23,0x04,0x01,
    0x23,0x04,0x01,0x23,0x04,0x01,0x23,0x04,0x01,0x23,0x0c,0x01,0x23,0x04,0x01,0x23,
    0x04,0x01,0x23,0x04,0x01,0x23,0x04,0x01,0x05,0x00,0x07,0x01,0x10,0x00,0x23,0x04,
    0x01,0x23,0x30,0x01,0x23,0x08,0x01,0x05,0x00,0x07,0x01,0x10,0x00,0x23,0x08,0x01,
    0x05,0x00,0x07,0x01,0x10,0x00,0x23,0x40,0x01,0x00,0x00,0x23,0x40,0x01,0x00,0x00,
    0x23,0x04,0x01,0x00,0x00,0x23,0x04,0x01,0x00,0x00,0x23,0x04,0x01,0x23,0x04,0x01,
    0x23,0x40,0x01,0x00,0x00,0x23,0x04,0x01,0x00,0x00,0x23,0x04,0x01,0x00,0x00,0x23,
    0x04,0x01,0x23,0x04,0x01,0x23,0x40,0x01,0x00,0x00,0x23,0x40,0x01,0x00,0x00,0x23,
    0x04,0x01,0x00,0x00,0x23,0x04,0x01,0x00,0x00,0x23,0x04,0x01,0x05,0x00,0x07,0x01,
    0x10,0x00,0x23,0x04,0x01,0x23,0x40,0x01,0x00,0x00,0x23,0x10,0x10,0xdc,0x28,0x21,
    0x00,0x10,0x00,0x22,0x00,0x10,0x85,0x01,0x1e,0x00,0x00,0xeb,0x09,0x0e,0x10,0x00,
    0x1e,0x0a,0x10,0xc8,0x12,0x0b,0x2b,0x00,0x89,0x02,0x10,0x10,0x00,0x1e,0x06,0x10,
    0xa3,0x0d,0x1e,0x09,0x10,0xd1,0x04,0x1e,0x0c,0x00,0xb7,0x1d,0x02,0x47,0x00,0x04,
    0x00,0x0b,0x01,0x00,0x01,0x0b,0x01,0x01,0x01,0x0b,0x01,0x03,0x01,0x0b,0x01,0x04,
    0x93,0x02,0x0e,0xa1,0x04,0xf4,0x13,0x08,0xa6,0x02,0xe9,0x13,0x20,0xb7,0x02,0x20,
    0x0d,0x04,0xb8,0x02,0x90,0x01,0x1d,0x04,0xb7,0x02,0x99,0x01,0x0d,0x03,0xb5,0x02,
    0x17,0x20,0x01,0xb1,0x04,0xbe,0x15,0x1d,0x1d,0xae,0x02,0xe3,0x05,0x1d,0xb5,0x02,
    0xdb,0x0f,0x20,0x00,0xbb,0x04,0x0b,0xfe,0x27,0x00,0x00,0x00,0x00,0xbb,0x04,0x0c,
    0x02,0x00,0x00,0x00,0x00,0xbb,0x04,0x0b,0x04,0x01,0x00,0x00,0x00,0x3e,0xd5,0x1c,
    0x06,0x65,0xb8,0x02,0xb7,0x0a,0x18,0x03,0xbb,0x04,0x0b,0xa0,0x27,0x04,0x00,0x00,
    0x00,0xbc,0x02,0xf9,0x11,0x1d,0x96,0x14,0x9e,0x03,0xfc,0x17,0x65,0x46,0x0c,0x0c,
    0x0c,0x0d,0x65,0x99,0x0b,0xb2,0x06,0x0c,0x98,0x20,0x40,0x00,0x00,0x00,0xbc,0x02,
    0xf5,0x22,0x97,0x17,0xa3,0x27,0xae,0x02,0xbd,0x23,0xe8,0x15,0x3e,0xfa,0x09,0x02,
    0x89,0x04,0x39,0x86,0x09,0xa8,0x21,0x02,0x3e,0xed,0x27,0x02,0x65,0xbb,0x04,0x0c,
    0xee,0x1c,0x05,0x00,0x00,0x00,0x3e,0x9f,0x1e,0x02,0x0d,0x39,0xe2,0x05,0xb6,0x53,
    0x06,0xbb,0x04,0x0c,0x8f,0x35,0x06,0x00,0x00,0x00,0xbc,0x02,0xcd,0x0f,0x65,0x96,
    0x14,0xbc,0x02,0x02,0x65,0x96,0x14,0xb7,0x02,0xc7,0x18,0x0d,0x02,0xb7,0x02,0x02,
    0x0b,0x03,0xbb,0x04,0x0b,0xa2,0x28,0x09,0x00,0x00,0x00,0xbc,0x02,0xcf,0x13,0x18,
    0xa5,0x14,0xbc,0x02,0xba,0x01,0x1d,0x96,0x14,0xbc,0x02,0x02,0x1d,0x96,0x14,0xbc,
    0x02,0x02,0x1d,0x96,0x14,0xbc,0x02,0x02,0x1d,0x96,0x14,0xde,0x83,0xc0,0x02,0x0b,
    0x65,0x65,0x65,0x65,0xb6,0x0c,0xb7,0x0c,0x65,0x46,0x65,0x1d,0x13,0x0d,0x0d,0x1d,
    0x1d,0x13,0x13,0x0d,0x0d,0x13,0x0d,0x0d,0x0d,0x0d,0x0d,0x0d,0x0d,0x0d,0x1d,0x14,
    0x0c,0x13,0x0c,0x0c,0x0c,0x0c,0x0d,0x0d,0xbd,0x0a,0x18,0x0d,0x1d,0x1d,0x13,0x0c,
    0x0d,0x13,0x0d,0x0d,0x1d,0x0c,0x0d,0x13,0x0d,0x0d,0x0d,0x0b,0x18,0x0d,0x0d,0x0b,
    0x0d,0x0d,0x18,0x0d,0x0d,0x0d,0x0d,0x0d,0x46,0x13,0x13,0x65,0x65,0x0d,0x0d,0x0d,
    0x0d,0x9a,0x0b,0x0c,0x0d,0x0d,0x0d,0x9b,0x0b,0x9c,0x0b,0x0c,0x0c,0x0c,0x0c,0x65,
    0x1d,0x9d,0x0b,0x3e,0xfa,0x09,0x02,0x97,0x0b,0x39,0x94,0x10,0xe2,0x1e,0x02,0x3e,
    0xd5,0x34,0x01,0x1d,0x39,0x9a,0x05,0xd0,0x33,0x01,0xbb,0x04,0x0c,0xd1,0x11,0x5a,
    0x00,0x00,0x00,0xbb,0x04,0x0d,0x99,0x04,0x00,0x00,0x00,0x00,0x94,0x02,0x85,0x28,
    0xbb,0x04,0x0c,0x9a,0x2c,0x59,0x00,0x00,0x00,0x3e,0x99,0x22,0x03,0x0c,0x39,0x89,
    0x05,0x86,0x2a,0x03,0x3e,0x81,0x2a,0x01,0x0c,0x39,0x8b,0x05,0xca,0x3c,0x01,0xbb,
    0x04,0x0c,0xd1,0x1d,0x14,0x00,0x00,0x00,0xbb,0x04,0x0c,0x06,0x15,0x00,0x00,0x00,
    0xbb,0x04,0x0d,0xe1,0x28,0x00,0x00,0x00,0x40,0xbb,0x04,0x0d,0xe2,0x01,0x00,0x00,
    0x80,0x3f,0x3e,0xa2,0x08,0x03,0x1d,0x39,0x9b,0x05,0xa0,0x3a,0x03,0xbb,0x04,0x0b,
    0xaf,0x1c,0x03,0x00,0x00,0x00,0x3e,0x8d,0x1e,0x03,0x0d,0x39,0x9b,0x05,0x9a,0x2d,
    0x03,0x39,0x9b,0x05,0xd1,0x04,0x03,0xbc,0x02,0xcb,0x27,0x0d,0x8d,0x14,0xde,0x02,
    0x94,0x0a,0x1d,0x0d,0xca,0x05,0xca,0x05,0x3e,0xfa,0x09,0x03,0xd4,0x0a,0x39,0xd1,
    0x0f,0xe2,0x2d,0x03,0xc6,0x06,0x08,0xba,0x0b,0x00,0x82,0x0a,0x18,0xf4,0x60,0x01,
    0x0c,0xba,0xa9,0x01,0x8c,0x9c,0x02,0x22,0xd4,0xae,0x02,0x00,0x01,0x0c,0xbf,0x9f,
    0x01,0x94,0x8f,0x01,0x33,0xe3,0x05,0xfa,0x3d,0xda,0x19,0x8b,0x14,0xd6,0x61,0x8b,
    0x14,0x01,0x65,0xbc,0x7b,0xbc,0x7b,0x33,0xe3,0x05,0x8d,0x24,0xda,0x19,0x8b,0x14,
    0xd6,0x61,0x9d,0x14,0x01,0x65,0x9c,0x2c,0x9c,0x2c,0x22,0xa6,0xa7,0x02,0x00,0x01,
    0x1d,0xb7,0xe1,0x01,0xb4,0x65,0x3d,0x18,0x9e,0x28,0x9e,0x28,0x9e,0x28,0x18,0xc1,
    0x0a,0x0d,0xd9,0x4d,0xd9,0x4d,0x00,0xc1,0x0a,0x1d,0xa0,0x84,0x01,0xc5,0x7a,0x00,
    0xce,0x10,0x1d,0xec,0x1b,0xec,0x1b,0x8c,0xa0,0x01,0xc1,0x0a,0x0d,0xbe,0x14,0xf0,
    0x66,0x01,0xc1,0x0a,0x1d,0x99,0xd0,0x01,0xb5,0x9a,0x02,0x01,0xce,0x10,0x1d,0xde,
    0xbb,0x01,0xde,0xbb,0x01,0xbb,0x14,0xc1,0x0a,0x0d,0xbe,0x14,0xf2,0x66,0x02,0xc1,
    0x0a,0x1d,0x99,0xd0,0x01,0xb3,0x9a,0x02,0x02,0xce,0x10,0x1d,0xfa,0xc9,0x01,0xfa,
    0xc9,0x01,0x9f,0x06,0xc1,0x0a,0x1d,0xaf,0x7f,0xe9,0xcf,0x01,0x03,0x4b,0x1d,0x95,
    0x0d,0xc5,0x8c,0x01,0x95,0x0d,0x4b,0x1d,0xf6,0x41,0xb1,0x3c,0xf6,0x41,0x4b,0x1d,
    0xaa,0x1f,0x85,0x1d,0xaa,0x1f,0xb0,0x0a,0xf9,0x07,0xba,0x36,0xba,0x36,0x23,0xe3,
    0x05,0xb3,0x28,0xc5,0x1f,0x9a,0x14,0x8b,0x14,0x01,0x65,0xbf,0x76,0xbf,0x76,0xc1,
    0x0a,0x1d,0xd4,0xc8,0x01,0xe0,0x29,0x00,0xc1,0x12,0x1d,0x93,0xa6,0x01,0xc0,0x22,
    0x93,0xa6,0x01,0x13,0xe3,0x05,0x9e,0x18,0xc5,0x1f,0x8b,0x14,0x01,0x65,0xb5,0x57,
    0xb5,0x57,0xc1,0x12,0x1d,0xd3,0x18,0xd3,0x18,0xff,0xfd,0x01,0xc1,0x0a,0x0d,0xa6,
    0xc3,0x01,0xa6,0xc3,0x01,0x02,0x3f,0x0d,0xc3,0x24,0xc3,0x24,0x13,0x8a,0x05,0xae,
    0x7d,0xc5,0x1f,0xc7,0x14,0x01,0x0d,0xdd,0x3b,0xdd,0x3b,0x4a,0x0d,0xbb,0x9a,0x01,
    0xeb,0x58,0xbb,0x9a,0x01,0x13,0x8a,0x05,0x90,0x27,0xc5,0x1f,0xca,0x14,0x01,0x0d,
    0xb7,0x51,0xb7,0x51,0xc3,0x10,0x0d,0xa8,0x87,0x01,0x80,0x5d,0xa8,0x87,0x01,0x4a,
    0x0d,0xb7,0x14,0xb7,0x14,0xa8,0xf1,0x01,0xc3,0x10,0x0d,0x9b,0x5f,0x9b,0x5f,0xaa,
    0x90,0x01,0x13,0x8c,0x05,0xba,0xf7,0x01,0xab,0x22,0x93,0x14,0x22,0x00,0xba,0xf7,
    0x01,0x22,0xc6,0xd2,0x02,0xf0,0xce,0x01,0xc9,0x06,0x1d,0xa7,0x08,0xb2,0xc9,0x02,
    0xc8,0xc6,0x01,0x22,0xf0,0xce,0x02,0x00,0xc1,0x0a,0x0d,0xbf,0x98,0x02,0xf7,0x51,
    0x01,0x3f,0x0d,0xdc,0xd9,0x01,0xdc,0xd9,0x01,0xd2,0x0a,0x1d,0xe1,0x3d,0xe1,0x3d,
    0x82,0x4a,0x01,0x13,0x9b,0x05,0xae,0x19,0xc2,0x26,0x8b,0x14,0x22,0x00,0xae,0x19,
    0x8d,0x1e,0x88,0x06,0xc6,0x06,0x1d,0x99,0xe6,0x01,0x00,0xeb,0x0a,0xa7,0x06,0x1d,
    0xa2,0x25,0x18,0xb8,0xf7,0x01,0x23,0x8a,0x05,0xad,0x68,0xc5,0x1f,0x99,0x16,0x8a,
    0x14,0x01,0x0d,0xf4,0x3a,0xf4,0x3a,0xc4,0x16,0x09,0xf9,0x2c,0xf9,0x2c,0xac,0xd2,
    0x01,0xa7,0x1e,0xb9,0x66,0x00,0xba,0x1e,0x00,0xc5,0x58,0xb9,0x66,0x18,0xc6,0x58,
    0x9e,0x1e,0x60,0x17,0x00,0x00,0x18,0xf4,0x0d,0x01,0x65,0xe9,0x58,0xca,0xaa,0x01,
    0x01,0x1d,0xad,0x1b,0xe2,0xae,0x01,0x3d,0x18,0xf9,0x10,0xf9,0x10,0xf9,0x10,0x18,
    0xc1,0x0a,0x0d,0xc5,0x73,0xc5,0x73,0x00,0xc1,0x0a,0x1d,0xa0,0x84,0x01,0xcd,0x1b,
    0x00,0xce,0x10,0x1d,0xec,0x1b,0xec,0x1b,0x8c,0xa0,0x01,0xc1,0x0a,0x0d,0xbe,0x14,
    0x84,0x41,0x01,0xc1,0x0a,0x1d,0xe4,0x59,0xc0,0x6e,0x01,0xce,0x10,0x1d,0x9f,0x6e,
    0x9f,0x6e,0xbb,0x14,0xc1,0x0a,0x0d,0xbe,0x14,0x86,0x41,0x02,0xc1,0x0a,0x1d,0xe4,
    0x59,0xc2,0x6e,0x02,0xce,0x10,0x1d,0x83,0x60,0x83,0x60,0x9f,0x06,0xc1,0x0a,0x1d,
    0xaf,0x7f,0xf1,0x70,0x03,0x4b,0x1d,0x95,0x0d,0xc5,0x8c,0x01,0x95,0x0d,0x4b,0x1d,
    0xae,0xa2,0x01,0x86,0x24,0xae,0xa2,0x01,0x4b,0x1d,0xdf,0x19,0xa8,0x0a,0xdf,0x19,
    0x13,0xe3,0x05,0xe7,0x72,0xc5,0x1f,0x96,0x16,0x01,0x65,0xf6,0xbe,0x01,0xf6,0xbe,
    0x01,0xc1,0x12,0x1d,0x9d,0x6a,0x9d,0x6a,0x8f,0x1e,0x9e,0x1e,0x25,0x3d,0x00,0x00,
    0x88,0x06,0x00,0x00,0x00,0x00,0x00,0x00,0x7c,0x04,0x00,0x00,0x00,0x00,0x00,0x00,
    0x4c,0x4f,0x4d,0x53,0x00,0x03,0x01,0x00,0x0b,0x00,0x08,0x00,0x95,0x60,0x00,0x00,
    0x00,0x00,0x00,0x00,0x48,0x12,0x00,0x00,0x91,0x02,0x01,0xd1,0x10,0x02,0x47,0x4c,
    0x53,0x4c,0x2e,0x73,0x74,0x64,0x2e,0x34,0x35,0x30,0x00,0x00,0x00,0x00,0xa0,0x04,
    0x00,0x01,0xef,0x0e,0x04,0x9f,0x2c,0xed,0xc2,0xa5,0xf3,0x06,0x00,0xab,0x22,0xbf,
    0x1c,0xa0,0x02,0x9f,0x2c,0x07,0x10,0xea,0x2a,0x06,0x40,0x10,0x02,0x06,0x40,0x10,
    0xf1,0x1b,0x06,0x10,0x10,0x70,0x06,0x10,0x10,0x02,0x06,0x10,0x10,0x02,0x06,0x10,
    0x10,0x02,0x06,0x10,0x00,0x84,0x01,0x02,0x37,0x00,0x99,0x00,0x05,0x00,0x07,0x01,
    0x10,0x00,0x23,0x00,0x01,0x05,0x00,0x07,0x01,0x10,0x00,0x23,0x40,0x01,0x05,0x00,
    0x07,0x01,0x10,0x00,0x23,0x40,0x01,0x05,0x00,0x07,0x01,0x10,0x00,0x23,0x40,0x01,
    0x05,0x00,0x07,0x01,0x10,0x00,0x23,0x40,0x01,0x05,0x00,0x07,0x01,0x10,0x00,0x23,
    0x80,0x02,0x01,0x05,0x00,0x07,0x01,0x10,0x00,0x23,0x80,0x02,0x01,0x05,0x00,0x07,
    0x01,0x10,0x00,0x23,0x40,0x01,0x05,0x00,0x07,0x01,0x10,0x00,0x23,0x30,0x01,0x23,
    0x40,0x01,0x23,0x10,0x01,0x23,0x08,0x01,0x23,0x04,0x01,0x23,0x04,0x01,0x23,0x10,
    0x01,0x23,0x10,0x01,0x23,0x08,0x01,0x23,0x08,0x01,0x23,0x04,0x01,0x00,0x00,0x23,
    0x04,0x01,0x23,0x08,0x01,0x23,0x04,0x01,0x23,0x04,0x01,0x23,0x04,0x01,0x23,0x04,
    0x01,0x23,0x04,0x01,0x00,0x00,0x23,0x04,0x01,0x00,0x00,0x23,0x04,0x01,0x00,0x00,
    0x23,0x04,0x01,0x00,0x00,0x23,0x10,0x01,0x00,0x00,0x23,0x0c,0x01,0x00,0x00,0x23,
    0x04,0x01,0x00,0x00,0x23,0x08,0x01,0x00,0x00,0x23,0x04,0x01,0x00,0x00,0x23,0x04,
    0x01,0x00,0x00,0x23,0x04,0x01,0x23,0x04,0x01,0x00,0x00,0x23,0x04,0x01,0x00,0x00,
    0x23,0x04,0x01,0x23,0x90,0x01,0x01,0x00,0x00,0x23,0x0c,0x01,0x23,0x04,0x01,0x23,
    0x10,0x01,0x23,0x10,0x01,0x00,0x00,0x23,0x08,0x01,0x00,0x00,0x23,0x04,0x01,0x23,
    0x04,0x01,0x00,0x00,0x23,0x08,0x01,0x00,0x00,0x23,0x04,0x01,0x23,0x04,0x01,0x00,
    0x00,0x23,0x10,0x01,0x00,0x00,0x23,0x04,0x01,0x23,0x04,0x01,0x00,0x00,0x23,0x08,
    0x01,0x23,0x04,0x01,0x00,0x00,0x23,0x04,0x01,0x00,0x00,0x23,0x04,0x01,0x23,0x04,
    0x01,0x23,0x0c,0x01,0x23,0x04,0x01,0x23,0x04,0x01,0x23,0x04,0x01,0x23,0x04,0x01,
    0x23,0x04,0x01,0x23,0x0c,0x01,0x23,0x04,0x01,0x23,0x04,0x01,0x23,0x04,0x01,0x23,
    0x04,0x01,0x05,0x00,0x07,0x01,0x10,0x00,0x23,0x04,0x01,0x23,0x30,0x01,0x23,0x08,
    0x01,0x05,0x00,0x07,0x01,0x10,0x00,0x23,0x08,0x01,0x05,0x00,0x07,0x01,0x10,0x00,
    0x23,0x40,0x01,0x00,0x00,0x23,0x40,0x01,0x00,0x00,0x23,0x04,0x01,0x00,0x00,0x23,
    0x04,0x01,0x00,0x00,0x23,0x04,0x01,0x23,0x04,0x01,0x23,0x40,0x01,0x00,0x00,0x23,
    0x04,0x01,0x00,0x00,0x23,0x04,0x01,0x00,0x00,0x23,0x04,0x01,0x23,0x04,0x01,0x23,
    0x40,0x01,0x00,0x00,0x23,0x40,0x01,0x00,0x00,0x23,0x04,0x01,0x00,0x00,0x23,0x04,
    0x01,0x00,0x00,0x23,0x04,0x01,0x05,0x00,0x07,0x01,0x10,0x00,0x23,0x04,0x01,0x23,
    0x40,0x01,0x00,0x00,0x23,0x10,0x10,0x96,0x2e,0x21,0x00,0x10,0x00,0x22,0x00,0x00,
    0xcc,0x05,0x10,0x10,0x00,0x1e,0x06,0x10,0xd7,0x0b,0x1e,0x00,0x00,0xec,0x7d,0x00,
    0x93,0x02,0x0e,0xa1,0x04,0xf4,0x13,0x08,0xa6,0x02,0xe9,0x13,0x20,0xb7,0x02,0x20,
    0x0d,0x04,0xb5,0x02,0x21,0x20,0x01,0xb8,0x02,0xb2,0x01,0x1d,0x04,0xb7,0x02,0x99,
    0x01,0x0d,0x03,0xb8,0x02,0x5c,0x18,0x03,0xb5,0x02,0x75,0x20,0x00,0xbb,0x04,0x0b,
    0x96,0x28,0x04,0x00,0x00,0x00,0x3e,0x97,0x1e,0x02,0x0d,0xbc,0x02,0xd6,0x20,0x65,
    0x96,0x14,0xbc,0x02,0x02,0x65,0x96,0x14,0xb7,0x02,0xc5,0x2a,0x0d,0x02,0xb7,0x02,
    0x02,0x0b,0x03,0xbb,0x04,0x0b,0xa2,0x28,0x09,0x00,0x00,0x00,0xbc,0x02,0xcf,0x19,
    0x18,0xa5,0x14,0xbc,0x02,0x70,0x1d,0x96,0x14,0xbc,0x02,0x02,0x1d,0x96,0x14,0xbc,
    0x02,0x02,0x1d,0x96,0x14,0xbc,0x02,0x02,0x1d,0x96,0x14,0xde,0x83,0xc0,0x02,0x84,
    0x01,0x65,0x65,0x65,0x65,0xb5,0x15,0xb6,0x15,0x65,0x46,0x65,0x1d,0x13,0x0d,0x0d,
    0x1d,0x1d,0x13,0x13,0x0d,0x0d,0x13,0x0d,0x0d,0x0d,0x0d,0x0d,0x0d,0x0d,0x0d,0x1d,
    0x14,0x0c,0x13,0x0c,0x0c,0x0c,0x0c,0x0d,0x0d,0xbd,0x07,0x18,0x0d,0x1d,0x1d,0x13,
    0x0c,0x0d,0x13,0x0d,0x0d,0x1d,0x0c,0x0d,0x13,0x0d,0x0d,0x0d,0x0b,0x18,0x0d,0x0d,
    0x0b,0x0d,0x0d,0x18,0x0d,0x0d,0x0d,0x0d,0x0d,0x46,0x13,0x13,0x65,0x65,0x0d,0x0d,
    0x0d,0x0d,0xf5,0x07,0x0c,0x0d,0x0d,0x0d,0xf6,0x07,0xf7,0x07,0x0c,0x0c,0x0c,0x0c,
    0x65,0x1d,0xf8,0x07,0x3e,0xfa,0x09,0x02,0xba,0x08,0x39,0xb7,0x0d,0x9c,0x24,0x02,
    0x3e,0xd5,0x34,0x01,0x1d,0x39,0x9a,0x05,0xa2,0x3a,0x01,0xbb,0x04,0x0b,0xaf,0x1c,
    0x03,0x00,0x00,0x00,0x3e,0x8f,0x1e,0x01,0x0d,0x3e,0x20,0x03,0x1d,0x39,0x9b,0x05,
    0xc8,0x2e,0x03,0xbb,0x04,0x0c,0xa3,0x0e,0x36,0x00,0x00,0x00,0xbb,0x04,0x0c,0x05,
    0x35,0x00,0x00,0x00,0xbb,0x04,0x0d,0xd1,0x1d,0x00,0x00,0x80,0xbf,0xbb,0x04,0x0d,
    0xa5,0x07,0x00,0x00,0x80,0x3e,0xc6,0x06,0x08,0xe2,0x52,0x00,0x82,0x0a,0x18,0xe6,
    0x55,0x13,0x8b,0x05,0xcf,0x1d,0xab,0x22,0x93,0x14,0x01,0x0d,0xa2,0x1d,0xa2,0x1d,
    0x13,0x8a,0x05,0xd0,0xab,0x01,0xc5,0x1f,0xad,0x15,0x01,0x0d,0x9c,0x23,0x9c,0x23,
    0x13,0x8a,0x05,0x83,0x0f,0xc5,0x1f,0xaa,0x15,0x01,0x0d,0xf3,0xb6,0x01,0xf3,0xb6,
    0x01,0x4a,0x0d,0x9c,0x26,0x9c,0x26,0x90,0x2f,0x5c,0x0d,0xd7,0x62,0x01,0x1b,0xc3,
    0x6e,0xc8,0x10,0x0d,0xf4,0x92,0x01,0xa0,0x80,0x02,0xf4,0x92,0x01,0xc0,0x0a,0x13,
    0xd7,0x85,0x01,0x9c,0x0d,0xd7,0x85,0x01,0x4a,0x13,0xee,0xf7,0x01,0xee,0xf7,0x01,
    0xee,0xf7,0x01,0xbf,0x18,0x0d,0xe9,0x5a,0x7b,0x2b,0x00,0x00,0xb0,0x1a,0x0d,0xba,
    0x49,0x7b,0x2b,0x00,0x00,0x4a,0x0d,0x8d,0x0b,0xac,0x3e,0xac,0x3e,0x4a,0x0d,0xe5,
    0x68,0xf3,0x73,0xf3,0x73,0x4b,0x0d,0xea,0x0e,0xfb,0x59,0xea,0x0e,0x4a,0x0d,0xf9,
    0x5e,0xa8,0xa4,0x01,0xf9,0x5e,0x4a,0x0d,0xd8,0xcf,0x01,0xf2,0xc2,0x01,0xf2,0xc2,
    0x01,0xce,0x10,0x13,0xc5,0x0e,0xa1,0x14,0xc5,0x0e,0xce,0x10,0x13,0x99,0xd8,0x01,
    0x99,0xd8,0x01,0x87,0x17,0x4b,0x13,0x8e,0x34,0xad,0xb8,0x01,0x8e,0x34,0xc0,0x0a,
    0x13,0xa6,0x60,0xb1,0x55,0xb1,0x55,0x6c,0x13,0xf8,0x5a,0x01,0x25,0xc5,0x63,0xd8,
    0x93,0x01,0xc1,0x0a,0x0d,0x9d,0x92,0x01,0xc0,0x68,0x00,0xc1,0x0a,0x0d,0xb9,0x24,
    0xd7,0xb6,0x01,0x00,0xc1,0x0a,0x0d,0xc0,0x8f,0x01,0xc6,0xd3,0x01,0x01,0xc1,0x0a,
    0x0d,0xd1,0x02,0xe9,0x29,0x01,0xe0,0x0a,0x1d,0xcd,0x40,0xe6,0x27,0xa0,0x4c,0x9f,
    0x43,0xcd,0x40,0x22,0xf2,0xde,0x01,0x00,0x8d,0x1e,0x88,0x06,0x00,0x00,0x00,0x00,
    0xf9,0x08,0x00,0x00,0x00,0x00,0x00,0x00,0x4c,0x4f,0x4d,0x53,0x00,0x03,0x01,0x00,
    0x0b,0x00,0x08,0x00,0x7d,0x62,0x00,0x00,0x00,0x00,0x00,0x00,0x5c,0x1d,0x00,0x00,
    0x91,0x02,0x01,0x91,0x02,0x20,0xd1,0x10,0x02,0x47,0x4c,0x53,0x4c,0x2e,0x73,0x74,
    0x64,0x2e,0x34,0x35,0x30,0x00,0x00,0x00,0x00,0xa0,0x04,0x00,0x01,0xbf,0x0f,0x00,
    0x9f,0x2c,0xed,0xc2,0xa5,0xf3,0x06,0x00,0x8c,0x1a,0x82,0x1f,0xb0,0x23,0xab,0x22,
    0xd9,0x1b,0xb0,0x19,0xc2,0x26,0x10,0xda,0x17,0x06,0x10,0x37,0xc9,0x0c,0x0e,0x00,
    0x05,0x00,0x07,0x01,0x10,0x00,0x23,0x00,0x01,0x05,0x00,0x07,0x01,0x10,0x00,0x23,
    0x40,0x01,0x23,0x30,0x01,0x23,0x04,0x01,0x23,0x04,0x01,0x23,0x04,0x01,0x05,0x00,
    0x07,0x01,0x10,0x00,0x23,0x04,0x01,0x23,0x40,0x10,0xb6,0x43,0x01,0x01,0x10,0xdd,
    0x39,0x06,0x80,0x02,0x00,0x9f,0x0b,0x02,0x47,0x00,0x01,0x00,0x23,0x00,0x10,0xec,
    0x29,0x21,0x00,0x10,0x00,0x22,0x01,0x00,0x64,0x0e,0x10,0x00,0x1e,0x0a,0x10,0xb2,
    0x21,0x01,0x08,0x10,0xf5,0x36,0x06,0x40,0x10,0x02,0x06,0x40,0x10,0xbb,0x08,0x06,
    0x10,0x10,0xc2,0x01,0x06,0x10,0x10,0x02,0x06,0x10,0x10,0x02,0x06,0x10,0x10,0x02,
    0x06,0x10,0x00,0x8c,0x0b,0x02,0x37,0x00,0x99,0x00,0x05,0x00,0x07,0x01,0x10,0x00,
    0x23,0x00,0x01,0x05,0x00,0x07,0x01,0x10,0x00,0x23,0x40,0x01,0x05,0x00,0x07,0x01,
    0x10,0x00,0x23,0x40,0x01,0x05,0x00,0x07,0x01,0x10,0x00,0x23,0x40,0x01,0x05,0x00,
    0x07,0x01,0x10,0x00,0x23,0x40,0x01,0x05,0x00,0x07,0x01,0x10,0x00,0x23,0x80,0x02,
    0x01,0x05,0x00,0x07,0x01,0x10,0x00,0x23,0x80,0x02,0x01,0x05,0x00,0x07,0x01,0x10,
    0x00,0x23,0x40,0x01,0x05,0x00,0x07,0x01,0x10,0x00,0x23,0x30,0x01,0x23,0x40,0x01,
    0x23,0x10,0x01,0x23,0x08,0x01,0x23,0x04,0x01,0x23,0x04,0x01,0x23,0x10,0x01,0x23,
    0x10,0x01,0x23,0x08,0x01,0x23,0x08,0x01,0x23,0x04,0x01,0x00,0x00,0x23,0x04,0x01,
    0x23,0x08,0x01,0x23,0x04,0x01,0x23,0x04,0x01,0x23,0x04,0x01,0x23,0x04,0x01,0x23,
    0x04,0x01,0x00,0x00,0x23,0x04,0x01,0x00,0x00,0x23,0x04,0x01,0x00,0x00,0x23,0x04,
    0x01,0x00,0x00,0x23,0x10,0x01,0x00,0x00,0x23,0x0c,0x01,0x00,0x00,0x23,0x04,0x01,
    0x00,0x00,0x23,0x08,0x01,0x00,0x00,0x23,0x04,0x01,0x00,0x00,0x23,0x04,0x01,0x00,
    0x00,0x23,0x04,0x01,0x23,0x04,0x01,0x00,0x00,0x23,0x04,0x01,0x00,0x00,0x23,0x04,
    0x01,0x23,0x90,0x01,0x01,0x00,0x00,0x23,0x0c,0x01,0x23,0x04,0x01,0x23,0x10,0x01,
    0x23,0x10,0x01,0x00,0x00,0x23,0x08,0x01,0x00,0x00,0x23,0x04,0x01,0x23,0x04,0x01,
    0x00,0x00,0x23,0x08,0x01,0x00,0x00,0x23,0x04,0x01,0x23,0x04,0x01,0x00,0x00,0x23,
    0x10,0x01,0x00,0x00,0x23,0x04,0x01,0x23,0x04,0x01,0x00,0x00,0x23,0x08,0x01,0x23,
    0x04,0x01,0x00,0x00,0x23,0x04,0x01,0x00,0x00,0x23,0x04,0x01,0x23,0x04,0x01,0x23,
    0x0c,0x01,0x23,0x04,0x01,0x23,0x04,0x01,0x23,0x04,0x01,0x23,0x04,0x01,0x23,0x04,
    0x01,0x23,0x0c,0x01,0x23,0x04,0x01,0x23,0x04,0x01,0x23,0x04,0x01,0x23,0x04,0x01,
    0x05,0x00,0x07,0x01,0x10,0x00,0x23,0x04,0x01,0x23,0x30,0x01,0x23,0x08,0x01,0x05,
    0x00,0x07,0x01,0x10,0x00,0x23,0x08,0x01,0x05,0x00,0x07,0x01,0x10,0x00,0x23,0x40,
    0x01,0x00,0x00,0x23,0x40,0x01,0x00,0x00,0x23,0x04,0x01,0x00,0x00,0x23,0x04,0x01,
    0x00,0x00,0x23,0x04,0x01,0x23,0x04,0x01,0x23,0x40,0x01,0x00,0x00,0x23,0x04,0x01,
    0x00,0x00,0x23,0x04,0x01,0x00,0x00,0x23,0x04,0x01,0x23,0x04,0x01,0x23,0x40,0x01,
    0x00,0x00,0x23,0x40,0x01,0x00,0x00,0x23,0x04,0x01,0x00,0x00,0x23,0x04,0x01,0x00,
    0x00,0x23,0x04,0x01,0x05,0x00,0x07,0x01,0x10,0x00,0x23,0x04,0x01,0x23,0x40,0x01,
    0x00,0x00,0x23,0x10,0x10,0x9c,0x1c,0x21,0x00,0x10,0x00,0x22,0x00,0x10,0x85,0x01,
    0x1e,0x00,0x10,0xdc,0x08,0x0b,0x2b,0x00,0x89,0x02,0x10,0x10,0x00,0x1e,0x06,0x10,
    0xa3,0x0d,0x1e,0x09,0x10,0xd1,0x04,0x1e,0x0c,0x00,0x8d,0x1c,0x02,0x47,0x00,0x04,
    0x00,0x0b,0x01,0x00,0x01,0x0b,0x01,0x01,0x01,0x0b,0x01,0x03,0x01,0x0b,0x01,0x04,
    0x93,0x02,0x0e,0xa1,0x04,0xf4,0x13,0x08,0xa6,0x02,0xe9,0x13,0x20,0xb7,0x02,0x20,
    0x0d,0x04,0xb8,0x02,0x90,0x01,0x1d,0x04,0xb7,0x02,0x99,0x01,0x0d,0x03,0xb5,0x02,
    0x17,0x20,0x01,0xb1,0x04,0xbe,0x15,0x1d,0x1d,0xae,0x02,0xe3,0x05,0x1d,0xb5,0x02,
    0xdb,0x0f,0x20,0x00,0xbb,0x04,0x0b,0xfe,0x27,0x00,0x00,0x00,0x00,0xbb,0x04,0x0c,
    0x02,0x00,0x00,0x00,0x00,0xbb,0x04,0x0b,0x04,0x01,0x00,0x00,0x00,0xbb,0x04,0x0c,
    0x02,0x01,0x00,0x00,0x00,0xbb,0x04,0x0b,0x04,0x02,0x00,0x00,0x00,0xbb,0x04,0x0c,
    0x02,0x02,0x00,0x00,0x00,0x3e,0xdd,0x1c,0x06,0x65,0xb8,0x02,0xb7,0x0a,0x18,0x03,
    0xbb,0x04,0x0b,0xa0,0x27,0x04,0x00,0x00,0x00,0xbc,0x02,0xd1,0x10,0x1d,0x96,0x14,
    0x9e,0x03,0xc9,0x0c,0x65,0x46,0x0c,0x0c,0x0c,0x0d,0x65,0xed,0x0b,0xb2,0x06,0x0c,
    0xb6,0x43,0x40,0x00,0x00,0x00,0xbc,0x02,0xdd,0x39,0xc8,0x05,0xa3,0x27,0xae,0x02,
    0x9f,0x0b,0xb4,0x0a,0x3e,0xfa,0x09,0x02,0xe4,0x04,0x39,0xe1,0x09,0xf2,0x1f,0x02,
    0x3e,0xed,0x27,0x02,0x65,0xbb,0x04,0x0c,0xee,0x1c,0x05,0x00,0x00,0x00,0x3e,0x9f,
    0x1e,0x02,0x0d,0x39,0xe2,0x05,0xb6,0x53,0x06,0xbb,0x04,0x0c,0x8f,0x35,0x06,0x00,
    0x00,0x00,0x3e,0xa7,0x1e,0x03,0x0c,0x39,0x89,0x05,0x86,0x2a,0x03,0xb2,0x06,0x0c,
    0xb2,0x21,0x02,0x00,0x00,0x00,0xbc,0x02,0xf5,0x36,0x65,0x96,0x14,0xbc,0x02,0x02,
    0x65,0x96,0x14,0xb7,0x02,0xaf,0x1e,0x0d,0x02,0xb7,0x02,0x02,0x0b,0x03,0xbb,0x04,
    0x0b,0xa2,0x28,0x09,0x00,0x00,0x00,0xbc,0x02,0xaf,0x12,0x18,0xa5,0x14,0xbc,0x02,
    0xc2,0x01,0x1d,0x96,0x14,0xbc,0x02,0x02,0x1d,0x96,0x14,0xbc,0x02,0x02,0x1d,0x96,
    0x14,0xbc,0x02,0x02,0x1d,0x96,0x14,0xde,0x83,0xc0,0x02,0x8c,0x0b,0x65,0x65,0x65,
    0x65,0xaa,0x0f,0xab,0x0f,0x65,0x46,0x65,0x1d,0x13,0x0d,0x0d,0x1d,0x1d,0x13,0x13,
    0x0d,0x0d,0x13,0x0d,0x0d,0x0d,0x0d,0x0d,0x0d,0x0d,0x0d,0x1d,0x14,0x0c,0x13,0x0c,
    0x0c,0x0c,0x0c,0x0d,0x0d,0x8d,0x0b,0x18,0x0d,0x1d,0x1d,0x13,0x0c,0x0d,0x13,0x0d,
    0x0d,0x1d,0x0c,0x0d,0x13,0x0d,0x0d,0x0d,0x0b,0x18,0x0d,0x0d,0x0b,0x0d,0x0d,0x18,
    0x0d,0x0d,0x0d,0x0d,0x0d,0x46,0x13,0x13,0x65,0x65,0x0d,0x0d,0x0d,0x0d,0xee,0x0b,
    0x0c,0x0d,0x0d,0x0d,0xef,0x0b,0xf0,0x0b,0x0c,0x0c,0x0c,0x0c,0x65,0x1d,0xf1,0x0b,
    0x3e,0xfa,0x09,0x02,0xb7,0x11,0x39,0xb4,0x16,0xa2,0x12,0x02,0x3e,0xd5,0x34,0x01,
    0x1d,0x39,0x9a,0x05,0xd0,0x33,0x01,0xbb,0x04,0x0c,0xd1,0x11,0x5a,0x00,0x00,0x00,
    0xbb,0x04,0x0d,0x99,0x04,0x00,0x00,0x00,0x00,0x94,0x02,0x85,0x28,0xbb,0x04,0x0c,
    0x9a,0x2c,0x59,0x00,0x00,0x00,0x3e,0x95,0x22,0x01,0x0c,0x39,0x8b,0x05,0xca,0x3c,
    0x01,0xbb,0x04,0x0c,0xd1,0x1d,0x14,0x00,0x00,0x00,0xbb,0x04,0x0c,0x06,0x15,0x00,
    0x00,0x00,0xbb,0x04,0x0d,0xe1,0x28,0x00,0x00,0x00,0x40,0xbb,0x04,0x0d,0xe2,0x01,
    0x00,0x00,0x80,0x3f,0x3e,0xa2,0x08,0x03,0x1d,0x39,0x9b,0x05,0xa0,0x3a,0x03,0xbb,
    0x04,0x0b,0xaf,0x1c,0x03,0x00,0x00,0x00,0x3e,0x8d,0x1e,0x03,0x0d,0x39,0x9b,0x05,
    0x9a,0x2d,0x03,0x39,0x9b,0x05,0xd1,0x04,0x03,0xbb,0x04,0x0d,0xdd,0x25,0x00,0x00,
    0x80,0xbf,0xbc,0x02,0xcf,0x01,0x0d,0x90,0x14,0xbc,0x02,0x13,0x0d,0x8d,0x14,0xde,
    0x02,0xb4,0x0b,0x1d,0x0d,0xd9,0x05,0xcf,0x05,0x3e,0xfa,0x09,0x03,0xa9,0x0b,0x39,
    0xa6,0x10,0xb8,0x2c,0x03,0xc6,0x06,0x08,0xba,0x0b,0x00,0x82,0x0a,0x18,0xf4,0x60,
    0x01,0x0c,0xba,0xa9,0x01,0x8c,0x9c,0x02,0x22,0xd4,0xae,0x02,0x00,0x01,0x0c,0xc5,
    0x31,0x8e,0xfd,0x01,0xc7,0x10,0x0c,0xc7,0x51,0xc7,0x51,0x94,0x8a,0x01,0x33,0xe3,
    0x05,0xeb,0x2a,0xda,0x19,0x8b,0x14,0xef,0x6f,0x8b,0x14,0x01,0x65,0x96,0x80,0x01,
    0x96,0x80,0x01,0x33,0xe3,0x05,0xcc,0x23,0xda,0x19,0x8b,0x14,0xef,0x6f,0x9d,0x14,
    0x01,0x65,0x9c,0x2c,0x9c,0x2c,0x22,0xa6,0xa7,0x02,0x00,0x01,0x1d,0xb7,0xe1,0x01,
    0xb4,0x65,0x3d,0x18,0x9e,0x28,0x9e,0x28,0x9e,0x28,0x18,0xc1,0x0a,0x0d,0xd9,0x4d,
    0xd9,0x4d,0x00,0xc1,0x0a,0x1d,0xa0,0x84,0x01,0xeb,0x32,0x00,0xce,0x10,0x1d,0xec,
    0x1b,0xec,0x1b,0x8c,0xa0,0x01,0xc1,0x0a,0x0d,0xbe,0x14,0xf0,0x66,0x01,0xc1,0x0a,
    0x1d,0x99,0xd0,0x01,0xdb,0xd2,0x01,0x01,0xce,0x10,0x1d,0xde,0xbb,0x01,0xde,0xbb,
    0x01,0xbb,0x14,0xc1,0x0a,0x0d,0xbe,0x14,0xf2,0x66,0x02,0xc1,0x0a,0x1d,0x99,0xd0,
    0x01,0xd9,0xd2,0x01,0x02,0xce,0x10,0x1d,0xfa,0xc9,0x01,0xfa,0xc9,0x01,0x9f,0x06,
    0xc1,0x0a,0x1d,0xaf,0x7f,0x8f,0x88,0x01,0x03,0x4b,0x1d,0x95,0x0d,0xc5,0x8c,0x01,
    0x95,0x0d,0x4b,0x1d,0xf6,0x41,0xb1,0x3c,0xf6,0x41,0x4b,0x1d,0x92,0x1e,0x9d,0x1e,
    0x92,0x1e,0xb0,0x0a,0xf9,0x07,0xce,0x59,0xce,0x59,0x01,0x0c,0xf1,0x4b,0xae,0xd9,
    0x01,0xcb,0x10,0x0c,0x92,0x3f,0x92,0x3f,0x8e,0xf7,0x01,0x23,0xe3,0x05,0xbe,0x22,
    0xc5,0x1f,0x9a,0x14,0xac,0xa6,0x01,0x01,0x65,0xf3,0x7e,0xf3,0x7e,0xc1,0x0a,0x1d,
    0xfa,0x70,0xe4,0x07,0x00,0xc1,0x12,0x1d,0x93,0xa6,0x01,0x99,0x35,0x93,0xa6,0x01,
    0x13,0xe3,0x05,0x9e,0x18,0xc5,0x1f,0x8b,0x14,0x01,0x65,0xb5,0x57,0xb5,0x57,0xc1,
    0x12,0x1d,0xd3,0x18,0xd3,0x18,0xff,0xfd,0x01,0xc1,0x0a,0x0d,0xa6,0xc3,0x01,0xa6,
    0xc3,0x01,0x02,0x3f,0x0d,0xc3,0x24,0xc3,0x24,0x13,0x8a,0x05,0xae,0x7d,0xc5,0x1f,
    0xc7,0x14,0x01,0x0d,0xdd,0x3b,0xdd,0x3b,0x4a,0x0d,0xbb,0x9a,0x01,0xeb,0x58,0xbb,
    0x9a,0x01,0x13,0x8a,0x05,0x90,0x27,0xc5,0x1f,0xca,0x14,0x01,0x0d,0xb7,0x51,0xb7,
    0x51,0xc3,0x10,0x0d,0xa8,0x87,0x01,0x80,0x5d,0xa8,0x87,0x01,0x4a,0x0d,0xb7,0x14,
    0xb7,0x14,0xa8,0xf1,0x01,0xc3,0x10,0x0d,0x9b,0x5f,0x9b,0x5f,0xaa,0x90,0x01,0x13,
    0x8c,0x05,0xba,0xf7,0x01,0xab,0x22,0x93,0x14,0x22,0x00,0xba,0xf7,0x01,0x22,0xc6,
    0xd2,0x02,0xf0,0xce,0x01,0xc9,0x06,0x1d,0x9f,0x0e,0xba,0xc3,0x02,0xd0,0xc0,0x01,
    0x22,0xf8,0xc8,0x02,0x00,0x01,0x0c,0xf9,0x79,0xc6,0xcd,0x01,0xcb,0x10,0x0c,0x95,
    0x34,0x95,0x34,0xfe,0x77,0xbf,0x0c,0x0d,0xdb,0x36,0xa2,0x41,0xc8,0x10,0x0d,0xbe,
    0x47,0xf8,0xdd,0x01,0xbe,0x47,0xc8,0x10,0x0d,0xab,0x2a,0xab,0x2a,0xcc,0xb3,0x01,
    0x4b,0x0d,0x94,0x78,0x90,0x9f,0x02,0x94,0x78,0xbf,0x0c,0x0d,0x8f,0x0c,0xba,0x52,
    0x4a,0x0d,0xa0,0x10,0xf8,0x51,0xa0,0x10,0x4b,0x0d,0xa3,0x8a,0x01,0x93,0x86,0x01,
    0xa3,0x8a,0x01,0xc8,0x10,0x0d,0xf0,0x37,0xda,0xdb,0x01,0x82,0x47,0xc1,0x0a,0x0d,
    0xfc,0x96,0x01,0xe2,0xb9,0x01,0x00,0x4a,0x0d,0xf6,0x08,0xf6,0x08,0xf2,0x9f,0x01,
    0xd2,0x0a,0x1d,0x89,0x8b,0x02,0x89,0x8b,0x02,0xb1,0x48,0x00,0xc1,0x0a,0x0d,0x90,
    0xef,0x01,0x90,0xef,0x01,0x03,0x4a,0x0d,0x8f,0x83,0x01,0xd8,0x38,0x8f,0x83,0x01,
    0xc1,0x0a,0x0d,0xef,0x7c,0xef,0x10,0x00,0x4b,0x0d,0xd8,0xd4,0x01,0xd8,0xd4,0x01,
    0xe8,0x57,0xd2,0x0a,0x1d,0xf9,0x4f,0xf9,0x4f,0xee,0x73,0x00,0xc1,0x0a,0x0d,0xa2,
    0x4e,0xa2,0x4e,0x00,0xc3,0x10,0x0d,0xf1,0x7e,0xe0,0xb3,0x01,0xad,0x7a,0xc1,0x0a,
    0x0d,0x97,0x49,0xe7,0x79,0x03,0x4a,0x0d,0xb0,0x93,0x01,0x98,0x4a,0xb0,0x93,0x01,
    0x4b,0x0d,0x87,0x22,0xe1,0x56,0x87,0x22,0xc0,0x10,0x0c,0xf4,0x30,0xb0,0x41,0xdc,
    0xe6,0x01,0xbf,0x0c,0x0d,0xd8,0x54,0xd8,0x54,0x4a,0x0d,0xe7,0x13,0xbe,0x71,0xe7,
    0x13,0xc3,0x10,0x0d,0xc1,0x69,0x92,0xe4,0x01,0xc1,0x69,0x4a,0x0d,0x8b,0x50,0x8b,
    0x50,0xbe,0x29,0x4b,0x0d,0xd5,0x2d,0xa1,0xcc,0x01,0xd5,0x2d,0x23,0x8c,0x05,0xb2,
    0x77,0xc2,0x26,0x91,0x14,0x8b,0x14,0x22,0x00,0xf2,0x01,0x3f,0x0d,0xe0,0x71,0x92,
    0xe9,0x01,0x23,0x8c,0x05,0xaa,0x28,0xc2,0x26,0x91,0x14,0x8e,0x14,0x22,0x00,0xaa,
    0x28,0xc1,0x0a,0x0d,0xf9,0x90,0x02,0xbd,0x7d,0x01,0x3f,0x0d,0xe6,0xd9,0x01,0xe6,
    0xd9,0x01,0xd2,0x0a,0x1d,0xe1,0x3d,0xe1,0x3d,0xc6,0x1e,0x01,0x13,0x9b,0x05,0xab,
    0x1f,0xc2,0x26,0x8b,0x14,0x22,0x00,0xab,0x1f,0x22,0xc6,0xb1,0x01,0x80,0x06,0x8d,
    0x1e,0x88,0x06,0xc6,0x06,0x1d,0xbf,0xad,0x01,0x00,0xeb,0x0a,0xa7,0x06,0x1d,0xa2,
    0x25,0x18,0xb8,0xf7,0x01,0x23,0x8a,0x05,0xad,0x68,0xc5,0x1f,0x99,0x16,0x8a,0x14,
    0x01,0x0d,0xf4,0x3a,0xf4,0x3a,0xc4,0x16,0x09,0xf9,0x2c,0xf9,0x2c,0xac,0xd2,0x01,
    0xa7,0x1e,0xb9,0x66,0x00,0xba,0x1e,0x00,0xc5,0x58,0xb9,0x66,0x18,0xc6,0x58,0x9e,
    0x1e,0x60,0x17,0x00,0x00,0x18,0xf4,0x0d,0x01,0x65,0xe9,0x58,0xca,0xaa,0x01,0x01,
    0x1d,0xad,0x1b,0xe2,0xae,0x01,0x3d,0x18,0xf9,0x10,0xf9,0x10,0xf9,0x10,0x18,0xc1,
    0x0a,0x0d,0xc5,0x73,0xc5,0x73,0x00,0xc1,0x0a,0x1d,0xa0,0x84,0x01,0xcd,0x1b,0x00,
    0xce,0x10,0x1d,0xec,0x1b,0xec,0x1b,0x8c,0xa0,0x01,0xc1,0x0a,0x0d,0xbe,0x14,0x84,
    0x41,0x01,0xc1,0x0a,0x1d,0xe4,0x59,0xc0,0x6e,0x01,0xce,0x10,0x1d,0x9f,0x6e,0x9f,
    0x6e,0xbb,0x14,0xc1,0x0a,0x0d,0xbe,0x14,0x86,0x41,0x02,0xc1,0x0a,0x1d,0xe4,0x59,
    0xc2,0x6e,0x02,0xce,0x10,0x1d,0x83,0x60,0x83,0x60,0x9f,0x06,0xc1,0x0a,0x1d,0xaf,
    0x7f,0xf1,0x70,0x03,0x4b,0x1d,0x95,0x0d,0xc5,0x8c,0x01,0x95,0x0d,0x4b,0x1d,0xae,
    0xa2,0x01,0x86,0x24,0xae,0xa2,0x01,0x4b,0x1d,0xdf,0x19,0xa8,0x0a,0xdf,0x19,0x13,
    0xe3,0x05,0xe7,0x72,0xc5,0x1f,0x96,0x16,0x01,0x65,0xf6,0xbe,0x01,0xf6,0xbe,0x01,
    0xc1,0x12,0x1d,0x9d,0x6a,0x9d,0x6a,0x8f,0x1e,0x9e,0x1e,0x25,0x3d,0x00,0x00,0x88,
    0x06,0x00,0x00,0x00,0x00,0x00,0x00,0x00,0x4e,0x1c,0x00,0x00,0x00,0x00,0x00,0x00,
    0x4c,0x4f,0x4d,0x53,0x00,0x03,0x01,0x00,0x0b,0x00,0x08,0x00,0x7d,0x62,0x00,0x00,
    0x00,0x00,0x00,0x00,0x74,0x48,0x00,0x00,0x91,0x02,0x01,0xd1,0x10,0x02,0x47,0x4c,
    0x53,0x4c,0x2e,0x73,0x74,0x64,0x2e,0x34,0x35,0x30,0x00,0x00,0x00,0x00,0xa0,0x04,
    0x00,0x01,0xef,0x0f,0x00,0x9f,0x2c,0xed,0xc2,0xa5,0xf3,0x06,0x00,0xa9,0x20,0x82,
    0x1f,0xaf,0x2e,0x93,0x2d,0x8c,0x1a,0xb0,0x23,0xab,0x22,0xd9,0x1b,0xb0,0x19,0xc2,
    0x26,0x10,0x98,0x23,0x06,0x10,0x37,0xe5,0x0e,0x0e,0x00,0x05,0x00,0x07,0x01,0x10,
    0x00,0x23,0x00,0x01,0x05,0x00,0x07,0x01,0x10,0x00,0x23,0x40,0x01,0x23,0x30,0x01,
    0x23,0x04,0x01,0x23,0x04,0x01,0x23,0x04,0x01,0x05,0x00,0x07,0x01,0x10,0x00,0x23,
    0x04,0x01,0x23,0x40,0x10,0x94,0x3a,0x01,0x01,0x10,0xb5,0x22,0x06,0x80,0x02,0x00,
    0xfd,0x22,0x02,0x47,0x00,0x01,0x00,0x23,0x00,0x10,0xa2,0x2a,0x21,0x00,0x10,0x00,
    0x22,0x01,0x10,0xf7,0x10,0x06,0x40,0x10,0x02,0x06,0x40,0x10,0xc3,0x03,0x06,0x10,
    0x10,0xa0,0x04,0x06,0x10,0x10,0x02,0x06,0x10,0x10,0x02,0x06,0x10,0x10,0x02,0x06,
    0x10,0x00,0xc7,0x19,0x02,0x37,0x00,0x99,0x00,0x05,0x00,0x07,0x01,0x10,0x00,0x23,
    0x00,0x01,0x05,0x00,0x07,0x01,0x10,0x00,0x23,0x40,0x01,0x05,0x00,0x07,0x01,0x10,
    0x00,0x23,0x40,0x01,0x05,0x00,0x07,0x01,0x10,0x00,0x23,0x40,0x01,0x05,0x00,0x07,
    0x01,0x10,0x00,0x23,0x40,0x01,0x05,0x00,0x07,0x01,0x10,0x00,0x23,0x80,0x02,0x01,
    0x05,0x00,0x07,0x01,0x10,0x00,0x23,0x80,0x02,0x01,0x05,0x00,0x07,0x01,0x10,0x00,
    0x23,0x40,0x01,0x05,0x00,0x07,0x01,0x10,0x00,0x23,0x30,0x01,0x23,0x40,0x01,0x23,
    0x10,0x01,0x23,0x08,0x01,0x23,0x04,0x01,0x23,0x04,0x01,0x23,0x10,0x01,0x23,0x10,
    0x01,0x23,0x08,0x01,0x23,0x08,0x01,0x23,0x04,0x01,0x00,0x00,0x23,0x04,0x01,0x23,
    0x08,0x01,0x23,0x04,0x01,0x23,0x04,0x01,0x23,0x04,0x01,0x23,0x04,0x01,0x23,0x04,
    0x01,0x00,0x00,0x23,0x04,0x01,0x00,0x00,0x23,0x04,0x01,0x00,0x00,0x23,0x04,0x01,
    0x00,0x00,0x23,0x10,0x01,0x00,0x00,0x23,0x0c,0x01,0x00,0x00,0x23,0x04,0x01,0x00,
    0x00,0x23,0x08,0x01,0x00,0x00,0x23,0x04,0x01,0x00,0x00,0x23,0x04,0x01,0x00,0x00,
    0x23,0x04,0x01,0x23,0x04,0x01,0x00,0x00,0x23,0x04,0x01,0x00,0x00,0x23,0x04,0x01,
    0x23,0x90,0x01,0x01,0x00,0x00,0x23,0x0c,0x01,0x23,0x04,0x01,0x23,0x10,0x01,0x23,
    0x10,0x01,0x00,0x00,0x23,0x08,0x01,0x00,0x00,0x23,0x04,0x01,0x23,0x04,0x01,0x00,
    0x00,0x23,0x08,0x01,0x00,0x00,0x23,0x04,0x01,0x23,0x04,0x01,0x00,0x00,0x23,0x10,
    0x01,0x00,0x00,0x23,0x04,0x01,0x23,0x04,0x01,0x00,0x00,0x23,0x08,0x01,0x23,0x04,
    0x01,0x00,0x00,0x23,0x04,0x01,0x00,0x00,0x23,0x04,0x01,0x23,0x04,0x01,0x23,0x0c,
    0x01,0x23,0x04,0x01,0x23,0x04,0x01,0x23,0x04,0x01,0x23,0x04,0x01,0x23,0x04,0x01,
    0x23,0x0c,0x01,0x23,0x04,0x01,0x23,0x04,0x01,0x23,0x04,0x01,0x23,0x04,0x01,0x05,
    0x00,0x07,0x01,0x10,0x00,0x23,0x04,0x01,0x23,0x30,0x01,0x23,0x08,0x01,0x05,0x00,
    0x07,0x01,0x10,0x00,0x23,0x08,0x01,0x05,0x00,0x07,0x01,0x10,0x00,0x23,0x40,0x01,
    0x00,0x00,0x23,0x40,0x01,0x00,0x00,0x23,0x04,0x01,0x00,0x00,0x23,0x04,0x01,0x00,
    0x00,0x23,0x04,0x01,0x23,0x04,0x01,0x23,0x40,0x01,0x00,0x00,0x23,0x04,0x01,0x00,
    0x00,0x23,0x04,0x01,0x00,0x00,0x23,0x04,0x01,0x23,0x04,0x01,0x23,0x40,0x01,0x00,
    0x00,0x23,0x40,0x01,0x00,0x00,0x23,0x04,0x01,0x00,0x00,0x23,0x04,0x01,0x00,0x00,
    0x23,0x04,0x01,0x05,0x00,0x07,0x01,0x10,0x00,0x23,0x04,0x01,0x23,0x40,0x01,0x00,
    0x00,0x23,0x10,0x10,0xb2,0x35,0x21,0x00,0x10,0x00,0x22,0x00,0x10,0xc8,0x01,0x0b,
    0x2a,0x37,0x8b,0x2e,0x05,0x00,0x05,0x00,0x07,0x01,0x10,0x00,0x23,0x00,0x01,0x23,
    0x30,0x01,0x23,0x0c,0x10,0xb9,0x0b,0x06,0x40,0x00,0x8a,0x16,0x02,0x47,0x00,0x01,
    0x00,0x23,0x00,0x10,0xf2,0x19,0x21,0x01,0x10,0x00,0x22,0x01,0x10,0xb6,0x0f,0x21,
    0x05,0x10,0x00,0x22,0x01,0x00,0x8f,0x37,0x02,0x47,0x00,0x01,0x00,0x23,0x00,0x10,
    0xb6,0x18,0x06,0x10,0x00,0xa7,0x27,0x02,0x37,0x00,0x02,0x00,0x00,0x00,0x23,0x00,
    0x10,0xee,0x3e,0x21,0x02,0x10,0x00,0x22,0x01,0x10,0xcb,0x02,0x21,0x03,0x10,0x00,
    0x22,0x01,0x10,0xa6,0x01,0x1e,0x00,0x10,0xda,0x1e,0x1e,0x05,0x10,0xb7,0x02,0x1e,
    0x06,0x10,0x97,0x53,0x06,0x40,0x00,0x8a,0x16,0x02,0x47,0x00,0x01,0x00,0x23,0x00,
    0x10,0xdc,0x2f,0x21,0x06,0x10,0x00,0x22,0x01,0x10,0x8d,0x25,0x06,0x10,0x00,0xa7,
    0x27,0x02,0x37,0x00,0x02,0x00,0x00,0x00,0x23,0x00,0x10,0xb8,0x33,0x21,0x07,0x10,
    0x00,0x22,0x01,0x00,0x22,0x0e,0x10,0x00,0x1e,0x0a,0x10,0xc8,0x12,0x0b,0x2b,0x00,
    0x89,0x02,0x10,0x10,0x00,0x1e,0x06,0x10,0xa3,0x0d,0x1e,0x09,0x10,0xd1,0x04,0x1e,
    0x0c,0x00,0xe9,0x04,0x02,0x47,0x00,0x04,0x00,0x0b,0x01,0x00,0x01,0x0b,0x01,0x01,
    0x01,0x0b,0x01,0x03,0x01,0x0b,0x01,0x04,0x00,0x9e,0xa2,0x01,0x00,0x00,0x84,0x3e,
    0x00,0x93,0x02,0x0e,0xa1,0x04,0xf4,0x13,0x08,0xa6,0x02,0xe9,0x13,0x20,0xb7,0x02,
    0x20,0x0d,0x04,0xb8,0x02,0x90,0x01,0x1d,0x04,0xb7,0x02,0x99,0x01,0x0d,0x03,0xb5,
    0x02,0x17,0x20,0x01,0x3e,0x92,0x0a,0x07,0x18,0xb5,0x02,0x93,0x0a,0x20,0x00,0xb7,
    0x02,0x18,0x0b,0x04,0xd1,0x04,0xe8,0x05,0x08,0x95,0x05,0x17,0x1d,0xb1,0x04,0xc0,
    0x0f,0x1d,0x1d,0xae,0x02,0xe3,0x05,0x1d,0xbb,0x04,0x0b,0xa2,0x18,0x00,0x00,0x00,
    0x00,0xbb,0x04,0x0c,0x02,0x00,0x00,0x00,0x00,0xbb,0x04,0x0b,0x04,0x01,0x00,0x00,
    0x00,0xbb,0x04,0x0c,0x02,0x01,0x00,0x00,0x00,0xbb,0x04,0x0c,0x06,0x02,0x00,0x00,
    0x00,0xbb,0x04,0x0c,0x06,0x03,0x00,0x00,0x00,0x3e,0x95,0x1e,0x06,0x0c,0x3e,0xb2,
    0x01,0x06,0x65,0xb8,0x02,0xb7,0x0a,0x18,0x03,0xbb,0x04,0x0b,0xa0,0x27,0x04,0x00,
    0x00,0x00,0xbc,0x02,0x93,0x05,0x1d,0x96,0x14,0x9e,0x03,0xe5,0x0e,0x65,0x46,0x0c,
    0x0c,0x0c,0x0d,0x65,0xcc,0x11,0xb2,0x06,0x0c,0x94,0x3a,0x40,0x00,0x00,0x00,0xbc,
    0x02,0xb5,0x22,0x99,0x0a,0xa3,0x27,0xae,0x02,0xfd,0x22,0x88,0x16,0x3e,0xfa,0x09,
    0x02,0xc9,0x04,0x39,0xc6,0x09,0xa8,0x20,0x02,0x3e,0xed,0x27,0x02,0x65,0x39,0x89,
    0x05,0xe8,0x3c,0x06,0x3e,0x99,0x3e,0x02,0x0c,0x39,0x89,0x05,0x8a,0x37,0x06,0xbb,
    0x04,0x0c,0xe9,0x18,0x05,0x00,0x00,0x00,0x3e,0x9d,0x1e,0x02,0x0d,0x39,0xe2,0x05,
    0xb4,0x53,0x06,0xbb,0x04,0x0c,0x8f,0x35,0x06,0x00,0x00,0x00,0xbc,0x02,0xfd,0x05,
    0x65,0x96,0x14,0xbc,0x02,0x02,0x65,0x96,0x14,0xb7,0x02,0x97,0x22,0x0d,0x02,0xb7,
    0x02,0x02,0x0b,0x03,0xbb,0x04,0x0b,0xa2,0x28,0x09,0x00,0x00,0x00,0xbc,0x02,0xcf,
    0x09,0x18,0xa5,0x14,0xbc,0x02,0xa0,0x04,0x1d,0x96,0x14,0xbc,0x02,0x02,0x1d,0x96,
    0x14,0xbc,0x02,0x02,0x1d,0x96,0x14,0xbc,0x02,0x02,0x1d,0x96,0x14,0xde,0x83,0xc0,
    0x02,0xc7,0x19,0x65,0x65,0x65,0x65,0x9e,0x11,0x9f,0x11,0x65,0x46,0x65,0x1d,0x13,
    0x0d,0x0d,0x1d,0x1d,0x13,0x13,0x0d,0x0d,0x13,0x0d,0x0d,0x0d,0x0d,0x0d,0x0d,0x0d,
    0x0d,0x1d,0x14,0x0c,0x13,0x0c,0x0c,0x0c,0x0c,0x0d,0x0d,0xbd,0x0f,0x18,0x0d,0x1d,
    0x1d,0x13,0x0c,0x0d,0x13,0x0d,0x0d,0x1d,0x0c,0x0d,0x13,0x0d,0x0d,0x0d,0x0b,0x18,
    0x0d,0x0d,0x0b,0x0d,0x0d,0x18,0x0d,0x0d,0x0d,0x0d,0x0d,0x46,0x13,0x13,0x65,0x65,
    0x0d,0x0d,0x0d,0x0d,0xcd,0x11,0x0c,0x0d,0x0d,0x0d,0xce,0x11,0xcf,0x11,0x0c,0x0c,
    0x0c,0x0c,0x65,0x1d,0xd0,0x11,0x3e,0xfa,0x09,0x02,0xec,0x04,0x39,0xe9,0x09,0xb8,
    0x2b,0x02,0x3e,0xf1,0x34,0x01,0x0c,0x39,0x8c,0x05,0xba,0x36,0x01,0xb8,0x02,0xa5,
    0x3f,0x18,0x04,0xb8,0x02,0x0b,0x1d,0x03,0xce,0x02,0xa6,0x11,0x50,0x18,0x0d,0xbb,
    0x04,0x0b,0xb7,0x0d,0x00,0x01,0x00,0x00,0xbc,0x02,0xfe,0x01,0xa3,0x09,0xc7,0x02,
    0xae,0x02,0x8a,0x16,0xc6,0x03,0x3e,0xfa,0x09,0x02,0xcb,0x0e,0x39,0xc8,0x13,0xf8,
    0x0f,0x02,0x3e,0xed,0x2b,0x02,0x50,0xbb,0x04,0x0b,0x8c,0x1d,0x03,0x00,0x00,0x00,
    0xbb,0x04,0x0d,0x0d,0x00,0x00,0x00,0x00,0x94,0x02,0x85,0x28,0xbb,0x04,0x0d,0x82,
    0x02,0x00,0x00,0x80,0x3f,0xb7,0x02,0xef,0x01,0x0c,0x02,0xbb,0x04,0x0b,0xe4,0x29,
    0x00,0x08,0x00,0x00,0x89,0x03,0xdb,0x27,0x0d,0x01,0x00,0x00,0x00,0x01,0x00,0xab,
    0x02,0xd0,0x05,0x96,0x01,0x3e,0xfa,0x09,0x00,0xfe,0x03,0x39,0xfb,0x08,0xc8,0x34,
    0x00,0xae,0x02,0x8f,0x37,0x0c,0x3e,0xfa,0x09,0x09,0xd7,0x07,0x39,0xd4,0x0c,0xa2,
    0x17,0x09,0x3e,0xaf,0x26,0x09,0x0c,0xb7,0x02,0xed,0x09,0x0c,0x03,0xbb,0x04,0x0c,
    0xde,0x29,0x00,0x08,0x00,0x00,0xbc,0x02,0xa5,0x02,0x1d,0xc7,0x02,0xae,0x02,0xa7,
    0x27,0xf2,0x13,0x3e,0xf8,0x09,0x02,0x1e,0x39,0x9a,0x05,0xf6,0x34,0x02,0x89,0x03,
    0xfd,0x3b,0x0d,0x01,0x00,0x01,0x00,0x01,0x00,0xab,0x02,0xd2,0x04,0xd6,0x01,0x3e,
    0xfa,0x09,0x00,0xff,0x03,0x39,0xfc,0x08,0xe6,0x2a,0x00,0x3e,0xa7,0x32,0x01,0x1d,
    0x39,0x9b,0x05,0xce,0x33,0x01,0xbb,0x04,0x0c,0xf3,0x2c,0x00,0x02,0x00,0x00,0xbb,
    0x04,0x0c,0xff,0x0b,0x00,0x01,0x00,0x00,0x3e,0x98,0x05,0x01,0x17,0x39,0x94,0x05,
    0xb6,0x52,0x01,0x39,0x9b,0x05,0xb7,0x02,0x01,0xbc,0x02,0x97,0x53,0xa3,0x09,0xc7,
    0x02,0xae,0x02,0x8a,0x16,0xc7,0x03,0x3e,0xfa,0x09,0x02,0xcc,0x0e,0x39,0xc9,0x13,
    0xe2,0x25,0x02,0xbc,0x02,0x8d,0x25,0x1d,0xc7,0x02,0xae,0x02,0xa7,0x27,0xf3,0x13,
    0x3e,0xfa,0x09,0x02,0x1f,0x39,0x9c,0x05,0xbe,0x29,0x02,0xbb,0x04,0x0c,0xc3,0x07,
    0x5a,0x00,0x00,0x00,0xbb,0x04,0x0c,0x05,0x59,0x00,0x00,0x00,0x3e,0x8f,0x22,0x03,
    0x0c,0x39,0x8e,0x05,0xfc,0x29,0x03,0x39,0x8c,0x05,0xc8,0x12,0x01,0xbb,0x04,0x0c,
    0xd1,0x1d,0x14,0x00,0x00,0x00,0xbb,0x04,0x0c,0x06,0x15,0x00,0x00,0x00,0xbb,0x04,
    0x0d,0xe1,0x28,0x00,0x00,0x00,0x40,0x3e,0x88,0x0a,0x03,0x1d,0x39,0x9d,0x05,0x9c,
    0x3a,0x03,0x3e,0xb7,0x3a,0x03,0x0d,0x39,0x9d,0x05,0x94,0x2d,0x03,0x39,0x9d,0x05,
    0xd1,0x04,0x03,0xbc,0x02,0xed,0x24,0x0d,0x8d,0x14,0xde,0x02,0x84,0x20,0x1d,0x0d,
    0xf9,0x06,0xf9,0x06,0x3e,0x8b,0x25,0x03,0xfb,0x16,0x39,0xb5,0x04,0x9a,0x44,0x03,
    0xad,0x06,0x1d,0xff,0x4c,0xc6,0x06,0x08,0xba,0x58,0x00,0x82,0x0a,0x18,0x82,0x66,
    0x39,0x95,0x05,0xb2,0x7d,0x07,0x01,0x0c,0xdb,0xce,0x01,0xb6,0x26,0x22,0xfe,0x38,
    0x00,0x01,0x0c,0x96,0x56,0x94,0x8f,0x01,0x33,0xe3,0x05,0xfa,0x3d,0xda,0x19,0x8b,
    0x14,0xd6,0x61,0x8b,0x14,0x01,0x65,0xbc,0x7b,0xbc,0x7b,0x33,0x8a,0x05,0x8d,0x24,
    0xda,0x19,0x8b,0x14,0xd6,0x61,0x91,0x14,0x01,0x0c,0xb4,0x2d,0xb4,0x2d,0x22,0xda,
    0xbd,0x02,0x00,0x33,0x8a,0x05,0xd9,0x63,0xda,0x19,0x8b,0x14,0xd6,0x61,0x94,0x14,
    0x01,0x0c,0x9d,0x87,0x01,0x9d,0x87,0x01,0x22,0xf2,0x59,0x00,0x33,0xe3,0x05,0xa0,
    0x87,0x01,0xda,0x19,0x8b,0x14,0xd6,0x61,0x9d,0x14,0x01,0x65,0xb7,0x88,0x01,0xb7,
    0x88,0x01,0x22,0xae,0x3c,0x00,0x01,0x1d,0x98,0x5d,0x8c,0xb9,0x01,0x01,0x0c,0xa7,
    0x75,0xca,0x40,0xc7,0x18,0x0c,0x8e,0xf8,0x01,0x8e,0xf8,0x01,0xe6,0xe8,0x02,0xcb,
    0x14,0x09,0xdd,0xb7,0x01,0xdd,0xb7,0x01,0x82,0x9a,0x01,0xa7,0x1e,0xb5,0x65,0x00,
    0xba,0x1e,0x00,0xfb,0x25,0xb5,0x65,0x18,0xfc,0x25,0x01,0x0c,0xf1,0x0c,0xd0,0x9a,
    0x01,0x13,0x8d,0x05,0xa1,0x70,0xa5,0x18,0x8b,0x14,0x01,0x0c,0xd0,0x7e,0xd0,0x7e,
    0xc0,0x10,0x0c,0xc6,0x63,0xf4,0x71,0xc6,0x63,0xcb,0x10,0x0c,0xb1,0x9d,0x01,0xb1,
    0x9d,0x01,0xda,0x85,0x01,0xc7,0x10,0x0c,0x94,0xc8,0x01,0xe2,0x2a,0xee,0xcd,0x02,
    0xd0,0x0a,0x16,0xf9,0x60,0x9a,0x67,0xf9,0x60,0xe8,0xee,0x01,0x01,0x0c,0xa0,0x14,
    0xf0,0xe2,0x01,0x99,0x1e,0x92,0x28,0x18,0x91,0x28,0xe5,0x1e,0x16,0xeb,0x35,0xbf,
    0x45,0x00,0x00,0x0a,0x3a,0x00,0x00,0x9c,0x33,0x00,0x00,0x96,0x5f,0x00,0x00,0xe5,
    0x1e,0x1d,0xaa,0x1d,0xc8,0x3d,0x00,0x00,0x0a,0x3a,0x00,0x00,0x36,0x3d,0x00,0x00,
    0x96,0x5f,0x00,0x00,0xe5,0x1e,0x0c,0x85,0x51,0x0b,0x0a,0x00,0x00,0x0a,0x3a,0x00,
    0x00,0xb5,0x5d,0x00,0x00,0x96,0x5f,0x00,0x00,0xc1,0x16,0x09,0xf5,0x14,0xf5,0x14,
    0xcf,0xa6,0x01,0xb6,0x1e,0x8b,0x07,0xdd,0xf9,0x01,0x00,0xba,0x1e,0x00,0xbf,0x18,
    0x8b,0x07,0x18,0xc0,0x18,0x33,0x8b,0x05,0x8c,0xc1,0x01,0xd5,0x1f,0x8b,0x14,0xe2,
    0x4c,0x8a,0x14,0x01,0x0d,0x85,0x8e,0x01,0x85,0x8e,0x01,0xc7,0x16,0x09,0x81,0x16,
    0x81,0x16,0xfa,0x91,0x01,0xa7,0x1e,0xae,0x4a,0x00,0xba,0x1e,0x00,0xf8,0x0b,0xae,
    0x4a,0x18,0xf7,0x0b,0xd2,0x0a,0x16,0xfe,0x3c,0xd4,0x51,0xf8,0x1d,0x02,0x01,0xff,
    0x03,0xb0,0x51,0xea,0xff,0x01,0xb4,0x0c,0xd6,0x01,0xeb,0x58,0xeb,0x58,0xef,0x0a,
    0x1d,0xfe,0x20,0xfe,0x20,0xc2,0x19,0x02,0x8b,0x14,0xce,0x10,0x1d,0xbb,0x7e,0xbb,
    0x7e,0xf5,0x49,0x4b,0x1d,0x9a,0x87,0x01,0xee,0x22,0x9a,0x87,0x01,0x99,0x1e,0xd4,
    0x9d,0x01,0x18,0xd3,0x9d,0x01,0xe5,0x1e,0x16,0xd4,0x5e,0x50,0x33,0x00,0x00,0x47,
    0x27,0x00,0x00,0xcc,0x3a,0x00,0x00,0x8d,0x2b,0x00,0x00,0xe5,0x1e,0x1d,0xb4,0x26,
    0xa5,0x3a,0x00,0x00,0x47,0x27,0x00,0x00,0x5c,0x43,0x00,0x00,0x8d,0x2b,0x00,0x00,
    0x99,0x1e,0xbf,0x89,0x01,0x18,0xc0,0x89,0x01,0xc0,0x10,0x0c,0xc1,0x07,0xa6,0xdd,
    0x01,0xce,0xce,0x02,0x99,0x1e,0xde,0x73,0x18,0x8f,0xeb,0x01,0x99,0x1e,0xf3,0x9b,
    0x01,0x18,0xf4,0x9b,0x01,0xe5,0x1e,0x1d,0xb0,0x5f,0xc8,0x3d,0x00,0x00,0xa0,0x2f,
    0x00,0x00,0xa5,0x3a,0x00,0x00,0xed,0x22,0x00,0x00,0x01,0x0c,0xf7,0x73,0xe8,0xd1,
    0x01,0xc7,0x18,0x0c,0xa9,0x5b,0xa9,0x5b,0xcc,0xb2,0x01,0xcb,0x14,0x09,0xbe,0x0a,
    0xbe,0x0a,0x84,0x9a,0x01,0xa7,0x1e,0x81,0x1c,0x00,0xba,0x1e,0x00,0xe1,0x24,0x81,
    0x1c,0x18,0xe2,0x24,0x01,0x17,0xba,0x04,0xd8,0x8e,0x01,0x01,0x1d,0xb4,0x11,0xc4,
    0xa2,0x01,0x3d,0x18,0xf6,0x20,0x9d,0x69,0x9d,0x69,0x18,0x22,0x91,0x1e,0x00,0xe9,
    0x06,0x08,0xc1,0x84,0x01,0xfc,0x51,0xd3,0xa2,0x01,0x97,0x52,0xcb,0x63,0x01,0x18,
    0xcc,0x57,0x87,0x4b,0xc1,0x0a,0x0d,0xbb,0x0a,0xbb,0x0a,0x00,0xd2,0x0a,0x1d,0xf3,
    0x3c,0xf3,0x3c,0xb6,0xa9,0x01,0x00,0xc1,0x0a,0x0d,0xb0,0xab,0x01,0x80,0x64,0x01,
    0xd2,0x0a,0x1d,0x89,0x3a,0x89,0x3a,0xa6,0x71,0x01,0xc1,0x0a,0x0d,0xfa,0x6b,0xf0,
    0x95,0x01,0x02,0xd2,0x0a,0x1d,0xe7,0xd6,0x01,0xe7,0xd6,0x01,0xed,0x6a,0x02,0x99,
    0x1e,0xa9,0x2e,0x18,0xaa,0x2e,0xe5,0x1e,0x1d,0x8a,0x55,0xbf,0x61,0x00,0x00,0xe7,
    0x49,0x00,0x00,0xf9,0x2b,0x00,0x00,0xbe,0x39,0x00,0x00,0x3d,0x18,0xce,0x29,0xce,
    0x29,0xce,0x29,0x18,0xc1,0x0a,0x0d,0x93,0x77,0x93,0x77,0x00,0xc1,0x0a,0x1d,0xbc,
    0x1c,0xc5,0x7a,0x00,0xce,0x10,0x1d,0xec,0x1b,0xec,0x1b,0xa8,0x38,0xc1,0x0a,0x0d,
    0xbe,0x14,0xad,0x2a,0x01,0xc1,0x0a,0x1d,0x99,0xd0,0x01,0xb5,0x9a,0x02,0x01,0xce,
    0x10,0x1d,0xde,0xbb,0x01,0xde,0xbb,0x01,0xbb,0x14,0xc1,0x0a,0x0d,0xbe,0x14,0xab,
    0x2a,0x02,0xc1,0x0a,0x1d,0x99,0xd0,0x01,0xb3,0x9a,0x02,0x02,0xce,0x10,0x1d,0xfa,
    0xc9,0x01,0xfa,0xc9,0x01,0x9f,0x06,0xc1,0x0a,0x1d,0xaf,0x7f,0xe9,0xcf,0x01,0x03,
    0x4b,0x1d,0x95,0x0d,0xc5,0x8c,0x01,0x95,0x0d,0x4b,0x1d,0xf6,0x41,0xb1,0x3c,0xf6,
    0x41,0x4b,0x1d,0xaa,0x1f,0x85,0x1d,0xaa,0x1f,0xb0,0x0a,0xf9,0x07,0xba,0x36,0xba,
    0x36,0x23,0xe3,0x05,0xb3,0x28,0xc5,0x1f,0x9a,0x14,0x8b,0x14,0x01,0x65,0xbf,0x76,
    0xbf,0x76,0xc1,0x0a,0x1d,0xd4,0xc8,0x01,0xe0,0x29,0x00,0xc1,0x12,0x1d,0x93,0xa6,
    0x01,0xc0,0x22,0x93,0xa6,0x01,0x13,0xe3,0x05,0x9e,0x18,0xc5,0x1f,0x8b,0x14,0x01,
    0x65,0xb5,0x57,0xb5,0x57,0xc1,0x12,0x1d,0xd3,0x18,0xd3,0x18,0xff,0xfd,0x01,0xc1,
    0x0a,0x0d,0xa6,0xc3,0x01,0xa6,0xc3,0x01,0x02,0x3f,0x0d,0xc3,0x24,0xc3,0x24,0x13,
    0x8b,0x05,0xae,0x7d,0xc5,0x1f,0xc7,0x14,0x01,0x0d,0xdd,0x3b,0xdd,0x3b,0x4a,0x0d,
    0xbb,0x9a,0x01,0xeb,0x58,0xbb,0x9a,0x01,0x13,0x8b,0x05,0x90,0x27,0xc5,0x1f,0xca,
    0x14,0x01,0x0d,0xb7,0x51,0xb7,0x51,0xc3,0x10,0x0d,0xa8,0x87,0x01,0x80,0x5d,0xa8,
    0x87,0x01,0x4a,0x0d,0xb7,0x14,0xb7,0x14,0xa8,0xf1,0x01,0xc3,0x10,0x0d,0x9b,0x5f,
    0x9b,0x5f,0xaa,0x90,0x01,0x13,0x8f,0x05,0xba,0xf7,0x01,0xab,0x22,0x93,0x14,0x22,
    0x00,0xba,0xf7,0x01,0x22,0xc6,0xd2,0x02,0xf0,0xce,0x01,0xc9,0x06,0x1d,0xa7,0x08,
    0xb2,0xc9,0x02,0xc8,0xc6,0x01,0x22,0xf0,0xce,0x02,0x00,0xc1,0x0a,0x0d,0xbf,0x98,
    0x02,0xf7,0x51,0x01,0x3f,0x0d,0xdc,0xd9,0x01,0xdc,0xd9,0x01,0xd2,0x0a,0x1d,0xe1,
    0x3d,0xe1,0x3d,0x82,0x4a,0x01,0x13,0x9d,0x05,0xae,0x19,0xc2,0x26,0x8b,0x14,0x22,
    0x00,0xae,0x19,0x8d,0x1e,0x88,0x06,0xc6,0x06,0x08,0x95,0xd7,0x01,0x00,0x8b,0x03,
    0xa7,0x06,0x95,0x05,0xee,0x85,0x02,0xa7,0x06,0x17,0xa9,0x21,0xa7,0x06,0x1d,0x92,
    0x0d,0x18,0xda,0x09,0xc1,0x0a,0x0d,0xd3,0xaf,0x01,0xf9,0xa5,0x01,0x03,0xce,0x16,
    0x09,0x92,0xaf,0x01,0x92,0xaf,0x01,0xf8,0x99,0x02,0xa7,0x1e,0xfe,0x24,0x00,0xba,
    0x1e,0x00,0xbc,0x9c,0x01,0xfe,0x24,0x18,0xbb,0x9c,0x01,0xc1,0x0a,0x0d,0xdc,0x72,
    0xc7,0x20,0x00,0xc1,0x0a,0x0b,0x83,0x39,0xb9,0x4c,0x00,0x01,0x18,0xc6,0x7b,0xe2,
    0x0d,0x33,0xcd,0x05,0x85,0x0d,0xc4,0x1b,0x8b,0x14,0xd6,0x6f,0x8b,0x14,0x01,0x50,
    0xd7,0x0f,0xd7,0x0f,0xb4,0x0a,0x56,0xc3,0x57,0x8a,0x4f,0x00,0x00,0xc1,0x0a,0x0d,
    0xe6,0x37,0xbb,0x3c,0x00,0xc1,0x0a,0x18,0xe9,0x20,0xfc,0x16,0x00,0xce,0x10,0x18,
    0xa4,0x0f,0xa4,0x0f,0xc5,0x11,0xc1,0x0a,0x0d,0xbe,0x14,0xc3,0x39,0x01,0xc1,0x0a,
    0x18,0xe4,0x59,0xc2,0x94,0x01,0x01,0xce,0x10,0x18,0x9f,0x6e,0x9f,0x6e,0xbb,0x14,
    0xc1,0x0a,0x0d,0xbe,0x14,0xc1,0x39,0x02,0xc1,0x0a,0x18,0xe4,0x59,0xc4,0x94,0x01,
    0x02,0xce,0x10,0x18,0x83,0x60,0x83,0x60,0x9f,0x06,0xc1,0x0a,0x18,0xaf,0x7f,0xef,
    0x4a,0x03,0x4b,0x18,0x95,0x0d,0xc5,0x8c,0x01,0x95,0x0d,0x4b,0x18,0xaa,0x54,0xfd,
    0x29,0xaa,0x54,0x4b,0x18,0x88,0x94,0x01,0x8c,0x6a,0x88,0x94,0x01,0xce,0x10,0x18,
    0xa3,0x6e,0xa3,0x6e,0xd7,0x0f,0xc1,0x0a,0x0d,0x86,0x65,0xe6,0x34,0x01,0xc1,0x0a,
    0x0b,0xaf,0x46,0xb7,0x04,0x01,0x01,0x18,0xc6,0x33,0xe4,0x0d,0x33,0xcd,0x05,0x85,
    0x0d,0xc4,0x1b,0x8b,0x14,0xd7,0x93,0x01,0x8b,0x14,0x01,0x50,0xd7,0x0f,0xd7,0x0f,
    0xb4,0x0a,0x56,0xc3,0x57,0x8b,0x4f,0x00,0x00,0xc1,0x0a,0x0d,0xe8,0x37,0xb9,0x3c,
    0x00,0xc1,0x0a,0x18,0xeb,0x20,0xfc,0x16,0x00,0xce,0x10,0x18,0xa6,0x0f,0xa6,0x0f,
    0xc5,0x11,0xc1,0x0a,0x0d,0xbe,0x14,0xc1,0x39,0x01,0xc1,0x0a,0x18,0xe4,0x59,0xc4,
    0x94,0x01,0x01,0xce,0x10,0x18,0x9f,0x6e,0x9f,0x6e,0xbb,0x14,0xc1,0x0a,0x0d,0xbe,
    0x14,0xbf,0x39,0x02,0xc1,0x0a,0x18,0xe4,0x59,0xc6,0x94,0x01,0x02,0xce,0x10,0x18,
    0x85,0x60,0x85,0x60,0xa1,0x06,0xc1,0x0a,0x18,0xaf,0x7f,0xef,0x4a,0x03,0x4b,0x18,
    0x95,0x0d,0xc5,0x8c,0x01,0x95,0x0d,0x4b,0x18,0xaa,0x54,0xff,0x29,0xaa,0x54,0x4b,
    0x18,0xa6,0xa2,0x01,0xa8,0x78,0xa6,0xa2,0x01,0xce,0x10,0x18,0xa3,0xfe,0x01,0xa3,
    0xfe,0x01,0xe5,0xe6,0x01,0x4b,0x18,0xd6,0x33,0x89,0x4e,0xd6,0x33,0xc1,0x0a,0x0d,
    0x8d,0x33,0xb7,0xb1,0x01,0x02,0xc1,0x0a,0x0b,0xb0,0x93,0x01,0xf5,0x10,0x02,0x01,
    0x18,0x86,0x40,0xe6,0x0d,0x33,0xcd,0x05,0x85,0x0d,0xc4,0x1b,0x8b,0x14,0xb8,0x8d,
    0x01,0x8b,0x14,0x01,0x50,0xd7,0x0f,0xd7,0x0f,0xb4,0x0a,0x56,0xc3,0x57,0x8c,0x4f,
    0x00,0x00,0xc1,0x0a,0x0d,0xe8,0x37,0xb9,0x3c,0x00,0xc1,0x0a,0x18,0xeb,0x20,0xfc,
    0x16,0x00,0xce,0x10,0x18,0xa8,0x0f,0xa8,0x0f,0xc3,0x11,0xc1,0x0a,0x0d,0xbe,0x14,
    0xbf,0x39,0x01,0xc1,0x0a,0x18,0xe4,0x59,0xc6,0x94,0x01,0x01,0xce,0x10,0x18,0x9f,
    0x6e,0x9f,0x6e,0xbb,0x14,0xc1,0x0a,0x0d,0xbe,0x14,0xbd,0x39,0x02,0xc1,0x0a,0x18,
    0xe4,0x59,0xc8,0x94,0x01,0x02,0xce,0x10,0x18,0x87,0x60,0x87,0x60,0xa3,0x06,0xc1,
    0x0a,0x18,0xaf,0x7f,0xef,0x4a,0x03,0x4b,0x18,0x95,0x0d,0xc5,0x8c,0x01,0x95,0x0d,
    0x4b,0x18,0xaa,0x54,0x81,0x2a,0xaa,0x54,0x4b,0x18,0xa6,0xa2,0x01,0xa6,0x78,0xa6,
    0xa2,0x01,0xce,0x10,0x18,0xa3,0xfe,0x01,0xa3,0xfe,0x01,0x45,0x4b,0x18,0xdc,0x2d,
    0xf7,0x05,0xdc,0x2d,0xc1,0x0a,0x0b,0x8a,0x0a,0x85,0x6d,0x03,0x01,0x18,0xb5,0x29,
    0xe5,0xb7,0x01,0x33,0xcd,0x05,0xc8,0xb8,0x01,0xc4,0x1b,0x8b,0x14,0xb0,0x5f,0x8b,
    0x14,0x01,0x50,0xd7,0x0f,0xd7,0x0f,0xb4,0x0a,0x56,0xc3,0x57,0x8d,0x4f,0x00,0x00,
    0xc1,0x0a,0x0d,0xe8,0x37,0x94,0x89,0x01,0x00,0xc1,0x0a,0x18,0xeb,0x20,0xfc,0x16,
    0x00,0xce,0x10,0x18,0xaa,0x0f,0xaa,0x0f,0xc1,0x11,0xc1,0x0a,0x0d,0xbe,0x14,0x90,
    0x8c,0x01,0x01,0xc1,0x0a,0x18,0xe4,0x59,0xc8,0x94,0x01,0x01,0xce,0x10,0x18,0x9f,
    0x6e,0x9f,0x6e,0xbb,0x14,0xc1,0x0a,0x0d,0xbe,0x14,0x92,0x8c,0x01,0x02,0xc1,0x0a,
    0x18,0xe4,0x59,0xca,0x94,0x01,0x02,0xce,0x10,0x18,0x89,0x60,0x89,0x60,0xa5,0x06,
    0xc1,0x0a,0x18,0xaf,0x7f,0xef,0x4a,0x03,0x4b,0x18,0x95,0x0d,0xc5,0x8c,0x01,0x95,
    0x0d,0x4b,0x18,0xaa,0x54,0x83,0x2a,0xaa,0x54,0x4b,0x18,0xa6,0xa2,0x01,0xa4,0x78,
    0xa6,0xa2,0x01,0xce,0x10,0x18,0xf9,0x83,0x02,0xf9,0x83,0x02,0xd7,0x11,0x4b,0x18,
    0xde,0x9f,0x01,0xae,0x6c,0xde,0x9f,0x01,0x22,0x8b,0x2c,0x00,0x8d,0x1e,0x18,0xf1,
    0x03,0xc1,0x0a,0x0d,0xb3,0x11,0x99,0x2d,0x00,0xc1,0x0a,0x0b,0xaf,0x2c,0xb7,0x4c,
    0x00,0x01,0x18,0xca,0x7b,0xe8,0x0d,0x33,0xcd,0x05,0x83,0x0d,0xc4,0x1b,0x8b,0x14,
    0xd7,0x6f,0x8b,0x14,0x01,0x50,0xd7,0x0f,0xd7,0x0f,0xb4,0x0a,0x56,0xc3,0x57,0x8e,
    0x4f,0x00,0x00,0xc1,0x0a,0x0d,0xe8,0x37,0xb7,0x3c,0x00,0xc1,0x0a,0x18,0xeb,0x20,
    0xfc,0x16,0x00,0xce,0x10,0x18,0xac,0x0f,0xac,0x0f,0xbf,0x11,0xc1,0x0a,0x0d,0xbe,
    0x14,0xb9,0x39,0x01,0xc1,0x0a,0x18,0xe4,0x59,0xca,0x94,0x01,0x01,0xce,0x10,0x18,
    0x9f,0x6e,0x9f,0x6e,0xbb,0x14,0xc1,0x0a,0x0d,0xbe,0x14,0xb7,0x39,0x02,0xc1,0x0a,
    0x18,0xe4,0x59,0xcc,0x94,0x01,0x02,0xce,0x10,0x18,0x8b,0x60,0x8b,0x60,0xa7,0x06,
    0xc1,0x0a,0x18,0xaf,0x7f,0xef,0x4a,0x03,0x4b,0x18,0x95,0x0d,0xc5,0x8c,0x01,0x95,
    0x0d,0x4b,0x18,0xaa,0x54,0x85,0x2a,0xaa,0x54,0x4b,0x18,0x82,0x94,0x01,0xfe,0x69,
    0x82,0x94,0x01,0xce,0x10,0x18,0xa3,0x6e,0xa3,0x6e,0x83,0x03,0xc1,0x0a,0x0d,0x86,
    0x65,0xe8,0x34,0x01,0xc1,0x0a,0x0b,0xaf,0x46,0xb5,0x04,0x01,0x01,0x18,0xca,0x33,
    0xea,0x0d,0x33,0xcd,0x05,0x83,0x0d,0xc4,0x1b,0x8b,0x14,0xd8,0x93,0x01,0x8b,0x14,
    0x01,0x50,0xd7,0x0f,0xd7,0x0f,0xb4,0x0a,0x56,0xc3,0x57,0x8f,0x4f,0x00,0x00,0xc1,
    0x0a,0x0d,0xe8,0x37,0xb7,0x3c,0x00,0xc1,0x0a,0x18,0xeb,0x20,0xfc,0x16,0x00,0xce,
    0x10,0x18,0xae,0x0f,0xae,0x0f,0xbd,0x11,0xc1,0x0a,0x0d,0xbe,0x14,0xb7,0x39,0x01,
    0xc1,0x0a,0x18,0xe4,0x59,0xcc,0x94,0x01,0x01,0xce,0x10,0x18,0x9f,0x6e,0x9f,0x6e,
    0xbb,0x14,0xc1,0x0a,0x0d,0xbe,0x14,0xb5,0x39,0x02,0xc1,0x0a,0x18,0xe4,0x59,0xce,
    0x94,0x01,0x02,0xce,0x10,0x18,0x8d,0x60,0x8d,0x60,0xa9,0x06,0xc1,0x0a,0x18,0xaf,
    0x7f,0xef,0x4a,0x03,0x4b,0x18,0x95,0x0d,0xc5,0x8c,0x01,0x95,0x0d,0x4b,0x18,0xaa,
    0x54,0x87,0x2a,0xaa,0x54,0x4b,0x18,0xa4,0xa2,0x01,0x9e,0x78,0xa4,0xa2,0x01,0xce,
    0x10,0x18,0xa5,0xfe,0x01,0xa5,0xfe,0x01,0xe3,0xe6,0x01,0x4b,0x18,0xd4,0x33,0x89,
    0x4e,0xd4,0x33,0xc1,0x0a,0x0d,0x8d,0x33,0xb5,0xb1,0x01,0x02,0xc1,0x0a,0x0b,0xb0,
    0x93,0x01,0xf3,0x10,0x02,0x01,0x18,0x8a,0x40,0xec,0x0d,0x33,0xcd,0x05,0x83,0x0d,
    0xc4,0x1b,0x8b,0x14,0xb9,0x8d,0x01,0x8b,0x14,0x01,0x50,0xd7,0x0f,0xd7,0x0f,0xb4,
    0x0a,0x56,0xc3,0x57,0x90,0x4f,0x00,0x00,0xc1,0x0a,0x0d,0xe8,0x37,0xb7,0x3c,0x00,
    0xc1,0x0a,0x18,0xeb,0x20,0xfc,0x16,0x00,0xce,0x10,0x18,0xb0,0x0f,0xb0,0x0f,0xbb,
    0x11,0xc1,0x0a,0x0d,0xbe,0x14,0xb5,0x39,0x01,0xc1,0x0a,0x18,0xe4,0x59,0xce,0x94,
    0x01,0x01,0xce,0x10,0x18,0x9f,0x6e,0x9f,0x6e,0xbb,0x14,0xc1,0x0a,0x0d,0xbe,0x14,
    0xb3,0x39,0x02,0xc1,0x0a,0x18,0xe4,0x59,0xd0,0x94,0x01,0x02,0xce,0x10,0x18,0x8f,
    0x60,0x8f,0x60,0xab,0x06,0xc1,0x0a,0x18,0xaf,0x7f,0xef,0x4a,0x03,0x4b,0x18,0x95,
    0x0d,0xc5,0x8c,0x01,0x95,0x0d,0x4b,0x18,0xaa,0x54,0x89,0x2a,0xaa,0x54,0x4b,0x18,
    0xa4,0xa2,0x01,0x9c,0x78,0xa4,0xa2,0x01,0xce,0x10,0x18,0xd7,0xf0,0x01,0xd7,0xf0,
    0x01,0x8a,0x0d,0x4b,0x18,0xc0,0xe2,0x01,0xbc,0xbc,0x01,0xc0,0xe2,0x01,0x3f,0x0d,
    0xba,0x08,0xc8,0xec,0x01,0xc3,0x10,0x0d,0xcf,0xa7,0x01,0xcf,0xa7,0x01,0xe2,0xd5,
    0x01,0xbd,0x0c,0x0b,0x83,0x72,0x83,0x72,0xc1,0x0a,0x0b,0x94,0x75,0xdf,0x50,0x03,
    0xc2,0x10,0x0b,0x8c,0x45,0x8c,0x45,0xec,0xf7,0x01,0xc0,0x10,0x0b,0xfc,0x43,0x9c,
    0xfe,0x01,0xfc,0x43,0x99,0x1e,0xd6,0xdf,0x01,0x18,0xd5,0xdf,0x01,0xe5,0x1e,0x18,
    0x92,0x23,0xc6,0x5d,0x00,0x00,0x49,0x47,0x00,0x00,0xc0,0x4c,0x00,0x00,0x7f,0x41,
    0x00,0x00,0xe5,0x1e,0x0b,0x95,0x29,0x79,0x19,0x00,0x00,0x49,0x47,0x00,0x00,0xf4,
    0x44,0x00,0x00,0x7f,0x41,0x00,0x00,0xc0,0x16,0x09,0x84,0x75,0x84,0x75,0xd5,0x70,
    0xb6,0x1e,0x87,0x58,0xc5,0x12,0x00,0xba,0x1e,0x00,0xc5,0x12,0x87,0x58,0x18,0xc6,
    0x12,0xc9,0x10,0x0b,0xd6,0x67,0xa0,0xef,0x01,0xcc,0xc3,0x02,0xbc,0x0e,0x0c,0xcf,
    0xcc,0x01,0xcf,0xcc,0x01,0xc6,0x10,0x0b,0xbc,0x28,0x8c,0x4b,0xb8,0x9f,0x01,0xbc,
    0x0e,0x0c,0xd3,0x33,0xd3,0x33,0xc0,0x0a,0x12,0xe0,0x01,0xb7,0x09,0xe0,0x01,0x01,
    0xfe,0x03,0xc4,0xca,0x01,0xd2,0x9b,0x02,0xb4,0x0c,0x96,0x01,0xbf,0xbb,0x01,0xbf,
    0xbb,0x01,0xef,0x0a,0x1d,0x85,0x41,0x85,0x41,0x81,0x32,0x02,0x8b,0x14,0x2d,0x13,
    0xfa,0xdf,0x01,0xfa,0xdf,0x01,0xfa,0xdf,0x01,0x10,0xc1,0x0a,0x0d,0xb2,0x06,0xb2,
    0x06,0x00,0xbd,0x0c,0x0b,0xe6,0x0d,0xe6,0x0d,0x01,0x18,0x91,0x75,0xc5,0x68,0x33,
    0xcd,0x05,0xb8,0x9b,0x01,0xc4,0x1b,0x8b,0x14,0xee,0xac,0x01,0x8b,0x14,0x01,0x50,
    0xdf,0x41,0xdf,0x41,0xb4,0x0a,0x56,0xc3,0x57,0x91,0x4f,0x00,0x00,0xc1,0x0a,0x0d,
    0xe8,0x37,0xfc,0x39,0x00,0xc1,0x0a,0x18,0xeb,0x20,0xfc,0x16,0x00,0xce,0x10,0x18,
    0xb2,0x0f,0xb2,0x0f,0xb9,0x11,0xc1,0x0a,0x0d,0xbe,0x14,0x80,0x3d,0x01,0xc1,0x0a,
    0x18,0xe4,0x59,0xd0,0x94,0x01,0x01,0xce,0x10,0x18,0x9f,0x6e,0x9f,0x6e,0xbb,0x14,
    0xc1,0x0a,0x0d,0xbe,0x14,0x82,0x3d,0x02,0xc1,0x0a,0x18,0xe4,0x59,0xd2,0x94,0x01,
    0x02,0xce,0x10,0x18,0x91,0x60,0x91,0x60,0xad,0x06,0xc1,0x0a,0x18,0xaf,0x7f,0xef,
    0x4a,0x03,0x4b,0x18,0x95,0x0d,0xc5,0x8c,0x01,0x95,0x0d,0x4b,0x18,0x8e,0x42,0xa7,
    0x3c,0x8e,0x42,0x4b,0x18,0x98,0x33,0x8d,0x09,0x98,0x33,0xc1,0x0a,0x0d,0xa8,0x10,
    0x9d,0x31,0x01,0xce,0x10,0x18,0xe5,0x16,0xbd,0x06,0xe5,0x16,0x4b,0x18,0xc0,0x35,
    0xb6,0x8b,0x01,0xc0,0x35,0xc0,0x10,0x0b,0x97,0x1f,0xb4,0x95,0x01,0xcc,0xeb,0x01,
    0x99,0x1e,0xb0,0x8f,0x01,0x18,0xd8,0x37,0x22,0xcf,0x01,0xf6,0xa3,0x01,0x8d,0x1e,
    0x88,0x06,0xc6,0x06,0x08,0xfb,0x84,0x02,0x00,0x8b,0x03,0xa7,0x06,0x95,0x05,0xbf,
    0x03,0xa7,0x06,0x17,0xd4,0x16,0xa7,0x06,0x1d,0xd7,0x12,0x18,0xa0,0xa3,0x02,0xc1,
    0x0a,0x0d,0xd3,0xaf,0x01,0xcc,0x73,0x03,0xce,0x16,0x09,0xa0,0x4a,0xa0,0x4a,0xd4,
    0xdc,0x01,0xa7,0x1e,0xfe,0x24,0x00,0xba,0x1e,0x00,0xbc,0x9c,0x01,0xfe,0x24,0x18,
    0xbb,0x9c,0x01,0xc1,0x0a,0x0d,0xdc,0x72,0x8c,0x94,0x01,0x00,0xc1,0x0a,0x0b,0x83,
    0x39,0xb0,0x48,0x00,0x01,0x18,0xc6,0x7b,0xca,0xda,0x01,0x33,0xcd,0x05,0xec,0x57,
    0xba,0x26,0x8b,0x14,0x84,0x51,0x8b,0x14,0x01,0x50,0xd7,0x0f,0xd7,0x0f,0xb4,0x0a,
    0x56,0xb5,0xbc,0x01,0x71,0x59,0x00,0x00,0xc1,0x0a,0x0d,0xe6,0x37,0xbb,0x3c,0x00,
    0xc1,0x0a,0x18,0xe9,0x20,0xfc,0x16,0x00,0xce,0x10,0x18,0x96,0x74,0x96,0x74,0xac,
    0x53,0xc1,0x0a,0x0d,0xbe,0x14,0xae,0x2b,0x01,0xc1,0x0a,0x18,0x8d,0x0b,0xc2,0x94,
    0x01,0x01,0xce,0x10,0x18,0xad,0x09,0xad,0x09,0xbb,0x14,0xc1,0x0a,0x0d,0xbe,0x14,
    0xb0,0x2b,0x02,0xc1,0x0a,0x18,0x8d,0x0b,0xc4,0x94,0x01,0x02,0xce,0x10,0x18,0xee,
    0x04,0xee,0x04,0x9f,0x06,0xc1,0x0a,0x18,0xaf,0x7f,0x82,0x1a,0x03,0x4b,0x18,0x95,
    0x0d,0xc5,0x8c,0x01,0x95,0x0d,0x4b,0x18,0xaa,0x54,0xfd,0x29,0xaa,0x54,0x4b,0x18,
    0x96,0x2f,0x9a,0x05,0x96,0x2f,0xce,0x10,0x18,0xb1,0x09,0xb1,0x09,0x9a,0x55,0xc1,
    0x0a,0x0d,0xf7,0xc4,0x01,0xae,0x24,0x01,0xc1,0x0a,0x0b,0xdc,0x7e,0xb2,0x90,0x01,
    0x01,0x01,0x18,0xc6,0x33,0xcc,0xda,0x01,0x33,0xcd,0x05,0xec,0x57,0xba,0x26,0x8b,
    0x14,0x85,0x75,0x8b,0x14,0x01,0x50,0xd7,0x0f,0xd7,0x0f,0xb4,0x0a,0x56,0xb5,0xbc,
    0x01,0x72,0x59,0x00,0x00,0xc1,0x0a,0x0d,0xe6,0x37,0xbb,0x3c,0x00,0xc1,0x0a,0x18,
    0xe9,0x20,0xfc,0x16,0x00,0xce,0x10,0x18,0x98,0x74,0x98,0x74,0xae,0x53,0xc1,0x0a,
    0x0d,0xbe,0x14,0xb0,0x2b,0x01,0xc1,0x0a,0x18,0x8d,0x0b,0xc4,0x94,0x01,0x01,0xce,
    0x10,0x18,0xad,0x09,0xad,0x09,0xbb,0x14,0xc1,0x0a,0x0d,0xbe,0x14,0xb2,0x2b,0x02,
    0xc1,0x0a,0x18,0x8d,0x0b,0xc6,0x94,0x01,0x02,0xce,0x10,0x18,0xec,0x04,0xec,0x04,
    0xa1,0x06,0xc1,0x0a,0x18,0xaf,0x7f,0x82,0x1a,0x03,0x4b,0x18,0x95,0x0d,0xc5,0x8c,
    0x01,0x95,0x0d,0x4b,0x18,0xaa,0x54,0xff,0x29,0xaa,0x54,0x4b,0x18,0xb4,0x3d,0xb6,
    0x13,0xb4,0x3d,0xce,0x10,0x18,0xb1,0x99,0x01,0xb1,0x99,0x01,0x98,0x43,0x4b,0x18,
    0x9b,0x31,0xfb,0xb2,0x01,0x9b,0x31,0xc1,0x0a,0x0d,0xe4,0x31,0x8e,0x68,0x02,0xc1,
    0x0a,0x0b,0xbe,0x2e,0xf4,0x83,0x01,0x02,0x01,0x18,0x86,0x40,0xce,0xda,0x01,0x33,
    0xcd,0x05,0xec,0x57,0xba,0x26,0x8b,0x14,0xe6,0x6e,0x8b,0x14,0x01,0x50,0xd7,0x0f,
    0xd7,0x0f,0xb4,0x0a,0x56,0xb5,0xbc,0x01,0x73,0x59,0x00,0x00,0xc1,0x0a,0x0d,0xe6,
    0x37,0xbb,0x3c,0x00,0xc1,0x0a,0x18,0xe9,0x20,0xfc,0x16,0x00,0xce,0x10,0x18,0x9a,
    0x74,0x9a,0x74,0xb0,0x53,0xc1,0x0a,0x0d,0xbe,0x14,0xb2,0x2b,0x01,0xc1,0x0a,0x18,
    0x8d,0x0b,0xc6,0x94,0x01,0x01,0xce,0x10,0x18,0xad,0x09,0xad,0x09,0xbb,0x14,0xc1,
    0x0a,0x0d,0xbe,0x14,0xb4,0x2b,0x02,0xc1,0x0a,0x18,0x8d,0x0b,0xc8,0x94,0x01,0x02,
    0xce,0x10,0x18,0xea,0x04,0xea,0x04,0xa3,0x06,0xc1,0x0a,0x18,0xaf,0x7f,0x82,0x1a,
    0x03,0x4b,0x18,0x95,0x0d,0xc5,0x8c,0x01,0x95,0x0d,0x4b,0x18,0xaa,0x54,0x81,0x2a,
    0xaa,0x54,0x4b,0x18,0xb4,0x3d,0xb4,0x13,0xb4,0x3d,0xce,0x10,0x18,0xb1,0x99,0x01,
    0xb1,0x99,0x01,0x45,0x4b,0x18,0x95,0x37,0xf7,0x05,0x95,0x37,0xc1,0x0a,0x0b,0xfe,
    0x6e,0xd8,0x8c,0x01,0x03,0x01,0x18,0xd4,0x9b,0x01,0x80,0xbf,0x02,0x33,0xcd,0x05,
    0xc3,0x0c,0xba,0x26,0x8b,0x14,0x98,0x73,0x8b,0x14,0x01,0x50,0xd7,0x0f,0xd7,0x0f,
    0xb4,0x0a,0x56,0xb5,0xbc,0x01,0x74,0x59,0x00,0x00,0xc1,0x0a,0x0d,0xe6,0x37,0xeb,
    0xa0,0x01,0x00,0xc1,0x0a,0x18,0xe9,0x20,0xfc,0x16,0x00,0xce,0x10,0x18,0x9c,0x74,
    0x9c,0x74,0xb2,0x53,0xc1,0x0a,0x0d,0xbe,0x14,0xfb,0x38,0x01,0xc1,0x0a,0x18,0x8d,
    0x0b,0xc8,0x94,0x01,0x01,0xce,0x10,0x18,0xad,0x09,0xad,0x09,0xbb,0x14,0xc1,0x0a,
    0x0d,0xbe,0x14,0xf9,0x38,0x02,0xc1,0x0a,0x18,0x8d,0x0b,0xca,0x94,0x01,0x02,0xce,
    0x10,0x18,0xe8,0x04,0xe8,0x04,0xa5,0x06,0xc1,0x0a,0x18,0xaf,0x7f,0x82,0x1a,0x03,
    0x4b,0x18,0x95,0x0d,0xc5,0x8c,0x01,0x95,0x0d,0x4b,0x18,0xaa,0x54,0x83,0x2a,0xaa,
    0x54,0x4b,0x18,0xb4,0x3d,0xb2,0x13,0xb4,0x3d,0xce,0x10,0x18,0x87,0x9f,0x01,0x87,
    0x9f,0x01,0xd7,0x11,0x4b,0x18,0xec,0x3a,0xae,0x6c,0xec,0x3a,0x22,0xdc,0xa0,0x01,
    0x00,0x8d,0x1e,0x18,0xf1,0x03,0xc1,0x0a,0x0d,0xbe,0x53,0xac,0xec,0x01,0x00,0xc1,
    0x0a,0x0b,0xa1,0x91,0x01,0xb2,0x48,0x00,0x01,0x18,0xca,0x7b,0xd0,0xda,0x01,0x33,
    0xcd,0x05,0xee,0x57,0xba,0x26,0x8b,0x14,0x85,0x51,0x8b,0x14,0x01,0x50,0xd7,0x0f,
    0xd7,0x0f,0xb4,0x0a,0x56,0xb5,0xbc,0x01,0x75,0x59,0x00,0x00,0xc1,0x0a,0x0d,0xe6,
    0x37,0xb9,0x3c,0x00,0xc1,0x0a,0x18,0xe9,0x20,0xfc,0x16,0x00,0xce,0x10,0x18,0x9e,
    0x74,0x9e,0x74,0xb4,0x53,0xc1,0x0a,0x0d,0xbe,0x14,0xb8,0x2b,0x01,0xc1,0x0a,0x18,
    0x8d,0x0b,0xca,0x94,0x01,0x01,0xce,0x10,0x18,0xad,0x09,0xad,0x09,0xbb,0x14,0xc1,
    0x0a,0x0d,0xbe,0x14,0xba,0x2b,0x02,0xc1,0x0a,0x18,0x8d,0x0b,0xcc,0x94,0x01,0x02,
    0xce,0x10,0x18,0xe6,0x04,0xe6,0x04,0xa7,0x06,0xc1,0x0a,0x18,0xaf,0x7f,0x82,0x1a,
    0x03,0x4b,0x18,0x95,0x0d,0xc5,0x8c,0x01,0x95,0x0d,0x4b,0x18,0xaa,0x54,0x85,0x2a,
    0xaa,0x54,0x4b,0x18,0x90,0x2f,0x8c,0x05,0x90,0x2f,0xce,0x10,0x18,0xb1,0x09,0xb1,
    0x09,0x83,0x03,0xc1,0x0a,0x0d,0xf7,0xc4,0x01,0xb0,0x24,0x01,0xc1,0x0a,0x0b,0xdc,
    0x7e,0xb4,0x90,0x01,0x01,0x01,0x18,0xca,0x33,0xd2,0xda,0x01,0x33,0xcd,0x05,0xee,
    0x57,0xba,0x26,0x8b,0x14,0x86,0x75,0x8b,0x14,0x01,0x50,0xd7,0x0f,0xd7,0x0f,0xb4,
    0x0a,0x56,0xb5,0xbc,0x01,0x76,0x59,0x00,0x00,0xc1,0x0a,0x0d,0xe6,0x37,0xb9,0x3c,
    0x00,0xc1,0x0a,0x18,0xe9,0x20,0xfc,0x16,0x00,0xce,0x10,0x18,0xa0,0x74,0xa0,0x74,
    0xb6,0x53,0xc1,0x0a,0x0d,0xbe,0x14,0xba,0x2b,0x01,0xc1,0x0a,0x18,0x8d,0x0b,0xcc,
    0x94,0x01,0x01,0xce,0x10,0x18,0xad,0x09,0xad,0x09,0xbb,0x14,0xc1,0x0a,0x0d,0xbe,
    0x14,0xbc,0x2b,0x02,0xc1,0x0a,0x18,0x8d,0x0b,0xce,0x94,0x01,0x02,0xce,0x10,0x18,
    0xe4,0x04,0xe4,0x04,0xa9,0x06,0xc1,0x0a,0x18,0xaf,0x7f,0x82,0x1a,0x03,0x4b,0x18,
    0x95,0x0d,0xc5,0x8c,0x01,0x95,0x0d,0x4b,0x18,0xaa,0x54,0x87,0x2a,0xaa,0x54,0x4b,
    0x18,0xb2,0x3d,0xac,0x13,0xb2,0x3d,0xce,0x10,0x18,0xb3,0x99,0x01,0xb3,0x99,0x01,
    0x9a,0x43,0x4b,0x18,0x9d,0x31,0xfb,0xb2,0x01,0x9d,0x31,0xc1,0x0a,0x0d,0xe4,0x31,
    0x90,0x68,0x02,0xc1,0x0a,0x0b,0xbe,0x2e,0xf6,0x83,0x01,0x02,0x01,0x18,0x8a,0x40,
    0xd4,0xda,0x01,0x33,0xcd,0x05,0xee,0x57,0xba,0x26,0x8b,0x14,0xe7,0x6e,0x8b,0x14,
    0x01,0x50,0xd7,0x0f,0xd7,0x0f,0xb4,0x0a,0x56,0xb5,0xbc,0x01,0x77,0x59,0x00,0x00,
    0xc1,0x0a,0x0d,0xe6,0x37,0xb9,0x3c,0x00,0xc1,0x0a,0x18,0xe9,0x20,0xfc,0x16,0x00,
    0xce,0x10,0x18,0xa2,0x74,0xa2,0x74,0xb8,0x53,0xc1,0x0a,0x0d,0xbe,0x14,0xbc,0x2b,
    0x01,0xc1,0x0a,0x18,0x8d,0x0b,0xce,0x94,0x01,0x01,0xce,0x10,0x18,0xad,0x09,0xad,
    0x09,0xbb,0x14,0xc1,0x0a,0x0d,0xbe,0x14,0xbe,0x2b,0x02,0xc1,0x0a,0x18,0x8d,0x0b,
    0xd0,0x94,0x01,0x02,0xce,0x10,0x18,0xe2,0x04,0xe2,0x04,0xab,0x06,0xc1,0x0a,0x18,
    0xaf,0x7f,0x82,0x1a,0x03,0x4b,0x18,0x95,0x0d,0xc5,0x8c,0x01,0x95,0x0d,0x4b,0x18,
    0xaa,0x54,0x89,0x2a,0xaa,0x54,0x4b,0x18,0xb2,0x3d,0xaa,0x13,0xb2,0x3d,0xce,0x10,
    0x18,0xe5,0x8b,0x01,0xe5,0x8b,0x01,0x8a,0x0d,0x4b,0x18,0xce,0x7d,0xbc,0xbc,0x01,
    0xce,0x7d,0x3f,0x0d,0xba,0x08,0xd6,0x87,0x01,0xc3,0x10,0x0d,0xdd,0x42,0xdd,0x42,
    0xb0,0xfd,0x01,0xbd,0x0c,0x0b,0x88,0x53,0x88,0x53,0xc1,0x0a,0x0b,0xf7,0x4f,0xfc,
    0xa8,0x01,0x03,0xc2,0x10,0x0b,0x8c,0x45,0x8c,0x45,0xba,0x9f,0x02,0xc0,0x10,0x0b,
    0x81,0xe6,0x01,0xed,0xf0,0x01,0x81,0xe6,0x01,0x99,0x1e,0xb3,0x8f,0x02,0x18,0xb4,
    0x8f,0x02,0xe5,0x1e,0x18,0xf9,0xa1,0x01,0x74,0x4e,0x00,0x00,0xf7,0x37,0x00,0x00,
    0x6e,0x3d,0x00,0x00,0x66,0x4b,0x00,0x00,0xe5,0x1e,0x0b,0x95,0x29,0xa6,0x54,0x00,
    0x00,0xf7,0x37,0x00,0x00,0xa2,0x35,0x00,0x00,0x66,0x4b,0x00,0x00,0xc0,0x16,0x09,
    0x92,0x10,0x92,0x10,0xb6,0x54,0xb6,0x1e,0x87,0x58,0xb7,0x77,0x00,0xba,0x1e,0x00,
    0xb7,0x77,0x87,0x58,0x18,0xb8,0x77,0xc9,0x10,0x0b,0xa7,0xc2,0x01,0xdd,0x3a,0x9c,
    0x41,0xbc,0x0e,0x0c,0xae,0x5d,0xae,0x5d,0xc6,0x10,0x0b,0xb5,0x3c,0xe5,0x19,0x94,
    0x62,0xbc,0x0e,0x0c,0xaa,0xf6,0x01,0xaa,0xf6,0x01,0xc0,0x0a,0x12,0xab,0xc3,0x01,
    0xb7,0x09,0xab,0xc3,0x01,0x01,0xfe,0x03,0xc4,0xca,0x01,0xa0,0xc3,0x02,0xb4,0x0c,
    0x96,0x01,0xbf,0xbb,0x01,0xbf,0xbb,0x01,0xef,0x0a,0x1d,0x85,0x41,0x85,0x41,0x81,
    0x32,0x02,0x8b,0x14,0x2d,0x13,0xfa,0xdf,0x01,0xfa,0xdf,0x01,0xfa,0xdf,0x01,0x10,
    0xc1,0x0a,0x0d,0xb2,0x06,0xb2,0x06,0x00,0xbd,0x0c,0x0b,0xe6,0x0d,0xe6,0x0d,0x01,
    0x18,0x83,0xda,0x01,0xa2,0x64,0x33,0xcd,0x05,0xd3,0x29,0xba,0x26,0x8b,0x14,0xd5,
    0xc0,0x01,0x8b,0x14,0x01,0x50,0x9e,0xe8,0x01,0x9e,0xe8,0x01,0xb4,0x0a,0x56,0xb3,
    0xbc,0x01,0x78,0x59,0x00,0x00,0xc1,0x0a,0x0d,0xe4,0x37,0xfa,0x39,0x00,0xc1,0x0a,
    0x18,0xe9,0x20,0xfa,0x16,0x00,0xce,0x10,0x18,0xa4,0x74,0xa4,0x74,0xba,0x53,0xc1,
    0x0a,0x0d,0xbe,0x14,0xf2,0xa1,0x01,0x01,0xc1,0x0a,0x18,0x8d,0x0b,0xce,0x94,0x01,
    0x01,0xce,0x10,0x18,0xad,0x09,0xad,0x09,0xbb,0x14,0xc1,0x0a,0x0d,0xbe,0x14,0xf4,
    0xa1,0x01,0x02,0xc1,0x0a,0x18,0x8d,0x0b,0xd0,0x94,0x01,0x02,0xce,0x10,0x18,0xe2,
    0x04,0xe2,0x04,0xab,0x06,0xc1,0x0a,0x18,0xb1,0x7f,0x80,0x1a,0x03,0x4b,0x18,0x95,
    0x0d,0xc7,0x8c,0x01,0x95,0x0d,0x4b,0x18,0x8e,0x42,0xa7,0x3c,0x8e,0x42,0x4b,0x18,
    0xd9,0x31,0xff,0x6d,0xd9,0x31,0xc1,0x0a,0x0d,0x9a,0x75,0x9d,0x31,0x01,0xce,0x10,
    0x18,0xe5,0x16,0xb4,0x5e,0xe5,0x16,0x4b,0x18,0xb1,0x2f,0xc4,0x26,0xb1,0x2f,0xc0,
    0x10,0x0b,0x97,0x1f,0xc2,0x30,0xa8,0xae,0x01,0x99,0x1e,0xcd,0x9a,0x01,0x18,0xd8,
    0x37,0x22,0x98,0xcb,0x01,0x84,0x3f,0x8d,0x1e,0x88,0x06,0xc6,0x06,0x1d,0xfd,0xd5,
    0x01,0x00,0xeb,0x0a,0xa7,0x06,0x1d,0xa2,0x25,0x18,0x8c,0x1d,0x39,0x95,0x05,0xe4,
    0xde,0x01,0x07,0x23,0x8b,0x05,0x8f,0x99,0x01,0xc5,0x1f,0x99,0x16,0x8a,0x14,0x01,
    0x0d,0xa5,0x1e,0xa5,0x1e,0xc4,0x16,0x09,0xb2,0x47,0xb2,0x47,0x94,0xc1,0x01,0xa7,
    0x1e,0xb9,0x66,0x00,0xba,0x1e,0x00,0xc5,0x58,0xb9,0x66,0x18,0xc6,0x58,0x9e,0x1e,
    0x60,0x17,0x00,0x00,0x18,0xf4,0x0d,0x01,0x65,0x95,0x5e,0x86,0x94,0x01,0x01,0x1d,
    0xb5,0x87,0x01,0x96,0x2c,0x01,0x0c,0xcc,0x16,0xc8,0x3f,0xc7,0x18,0x0c,0xa2,0xd2,
    0x01,0xa2,0xd2,0x01,0xf8,0xc1,0x02,0xcb,0x14,0x09,0xdd,0xb7,0x01,0xdd,0xb7,0x01,
    0x94,0x73,0xa7,0x1e,0xa7,0xca,0x01,0x00,0xba,0x1e,0x00,0xfb,0x25,0xa7,0xca,0x01,
    0x18,0xfc,0x25,0x01,0x0c,0xf1,0x0c,0xe2,0x73,0x13,0x8d,0x05,0xaf,0x0b,0xa5,0x18,
    0x8b,0x14,0x01,0x0c,0xde,0x19,0xde,0x19,0xc0,0x10,0x0c,0xc6,0x63,0xf4,0x71,0xc6,
    0x63,0xcb,0x10,0x0c,0xb1,0x9d,0x01,0xb1,0x9d,0x01,0xec,0x5e,0xc7,0x10,0x0c,0x94,
    0xc8,0x01,0xe2,0x2a,0x80,0xa7,0x02,0xd0,0x0a,0x16,0xf9,0x60,0x9a,0x67,0xf9,0x60,
    0xfa,0xc7,0x01,0x01,0x0c,0xa0,0x14,0x82,0xbc,0x01,0x99,0x1e,0x92,0x28,0x18,0x91,
    0x28,0xe5,0x1e,0x16,0xeb,0x35,0x08,0x3c,0x00,0x00,0x53,0x30,0x00,0x00,0xe6,0x29,
    0x00,0x00,0xdf,0x55,0x00,0x00,0xe5,0x1e,0x1d,0xaa,0x1d,0x8d,0x1a,0x00,0x00,0x53,
    0x30,0x00,0x00,0x7f,0x33,0x00,0x00,0xdf,0x55,0x00,0x00,0xe5,0x1e,0x0c,0x85,0x51,
    0x0b,0x0a,0x00,0x00,0x53,0x30,0x00,0x00,0xfe,0x53,0x00,0x00,0xdf,0x55,0x00,0x00,
    0xc1,0x16,0x09,0x88,0x95,0x02,0x88,0x95,0x02,0xae,0x83,0x01,0xb6,0x1e,0xf2,0xa2,
    0x02,0xa0,0x30,0x00,0xba,0x1e,0x00,0xcc,0xac,0x01,0xf2,0xa2,0x02,0x18,0xcb,0xac,
    0x01,0x33,0x8b,0x05,0x9a,0x5c,0xfb,0x19,0x8b,0x14,0xab,0x39,0x8a,0x14,0x01,0x0d,
    0x93,0x29,0x93,0x29,0xc7,0x16,0x09,0xf3,0x7a,0xf3,0x7a,0x8c,0x6b,0xa7,0x1e,0xcf,
    0xdf,0x01,0x00,0xba,0x1e,0x00,0xf8,0x0b,0xcf,0xdf,0x01,0x18,0xf7,0x0b,0xd2,0x0a,
    0x16,0xfe,0x3c,0xd4,0x51,0xf8,0x1d,0x02,0x01,0xff,0x03,0xb0,0x51,0xfc,0xd8,0x01,
    0xb4,0x0c,0xd6,0x01,0xeb,0x58,0xeb,0x58,0xef,0x0a,0x1d,0xfe,0x20,0xfe,0x20,0xc2,
    0x19,0x02,0x8b,0x14,0xce,0x10,0x1d,0xc9,0x19,0xc9,0x19,0xf5,0x49,0x4b,0x1d,0xa8,
    0x22,0xee,0x22,0xa8,0x22,0x99,0x1e,0xa9,0x8c,0x01,0x18,0xaa,0x8c,0x01,0xe5,0x1e,
    0x16,0xa7,0xcb,0x01,0x99,0x29,0x00,0x00,0xc9,0x36,0x00,0x00,0x15,0x31,0x00,0x00,
    0xd6,0x21,0x00,0x00,0xe5,0x1e,0x1d,0xb2,0x26,0xee,0x30,0x00,0x00,0xc9,0x36,0x00,
    0x00,0xa5,0x39,0x00,0x00,0xd6,0x21,0x00,0x00,0x99,0x1e,0xbf,0x89,0x01,0x18,0xc0,
    0x89,0x01,0xc0,0x10,0x0c,0xc1,0x07,0xa6,0xdd,0x01,0xe0,0xa7,0x02,0x99,0x1e,0xde,
    0x73,0x18,0x8f,0xeb,0x01,0x99,0x1e,0xe5,0x80,0x02,0x18,0xe6,0x80,0x02,0xe5,0x1e,
    0x1d,0xc1,0x05,0x8d,0x1a,0x00,0x00,0xf3,0x53,0x00,0x00,0xee,0x30,0x00,0x00,0x36,
    0x19,0x00,0x00,0x01,0x0c,0xf7,0x73,0xfa,0xaa,0x01,0xc7,0x18,0x0c,0xa9,0x5b,0xa9,
    0x5b,0xde,0x8b,0x01,0xcb,0x14,0x09,0xbe,0x0a,0xbe,0x0a,0x96,0x73,0xa7,0x1e,0xf3,
    0x80,0x01,0x00,0xba,0x1e,0x00,0xe1,0x24,0xf3,0x80,0x01,0x18,0xe2,0x24,0x01,0x17,
    0xba,0x04,0xea,0x67,0x01,0x1d,0xa6,0x76,0xc8,0xe0,0x01,0x3d,0x18,0xfb,0x43,0x9d,
    0x69,0x9d,0x69,0x18,0x22,0xbd,0x62,0x00,0xe9,0x06,0x08,0xc1,0x84,0x01,0xec,0x2b,
    0xff,0xe6,0x01,0x97,0x52,0xbd,0xc8,0x01,0x01,0x18,0xbe,0xbc,0x01,0xc1,0x2a,0xc1,
    0x0a,0x0d,0xad,0x6f,0xad,0x6f,0x00,0xd2,0x0a,0x1d,0xfe,0x27,0xfe,0x27,0xba,0xe7,
    0x01,0x00,0xc1,0x0a,0x0d,0xbe,0x46,0x71,0x01,0xd2,0x0a,0x1d,0x89,0x3a,0x89,0x3a,
    0xb4,0x0c,0x01,0xc1,0x0a,0x0d,0xfa,0x6b,0xfe,0x30,0x02,0xd2,0x0a,0x1d,0xe7,0xd6,
    0x01,0xe7,0xd6,0x01,0xed,0x6a,0x02,0x99,0x1e,0x9b,0x93,0x01,0x18,0x9c,0x93,0x01,
    0xe5,0x1e,0x1d,0xe7,0x0f,0x08,0x58,0x00,0x00,0x69,0x59,0x00,0x00,0x42,0x22,0x00,
    0x00,0x07,0x30,0x00,0x00,0x3d,0x18,0xce,0x29,0xce,0x29,0xce,0x29,0x18,0xc1,0x0a,
    0x0d,0x93,0x77,0x93,0x77,0x00,0xc1,0x0a,0x1d,0xbc,0x1c,0xa1,0x16,0x00,0xce,0x10,
    0x1d,0xec,0x1b,0xec,0x1b,0xa8,0x38,0xc1,0x0a,0x0d,0xbe,0x14,0xad,0x2a,0x01,0xc1,
    0x0a,0x1d,0xe4,0x59,0xec,0x73,0x01,0xce,0x10,0x1d,0x9f,0x6e,0x9f,0x6e,0xbb,0x14,
    0xc1,0x0a,0x0d,0xbe,0x14,0xab,0x2a,0x02,0xc1,0x0a,0x1d,0xe4,0x59,0xee,0x73,0x02,
    0xce,0x10,0x1d,0x83,0x60,0x83,0x60,0x9f,0x06,0xc1,0x0a,0x1d,0xaf,0x7f,0xc5,0x6b,
    0x03,0x4b,0x1d,0x95,0x0d,0xc5,0x8c,0x01,0x95,0x0d,0x4b,0x1d,0xae,0xa2,0x01,0x86,
    0x24,0xae,0xa2,0x01,0x4b,0x1d,0xdf,0x19,0xa8,0x0a,0xdf,0x19,0x13,0xe3,0x05,0xe7,
    0x72,0xc5,0x1f,0x96,0x16,0x01,0x65,0xf6,0xbe,0x01,0xf6,0xbe,0x01,0xc1,0x12,0x1d,
    0xe7,0x1a,0xe7,0x1a,0xa6,0x31,0x9e,0x1e,0xb4,0x4c,0x00,0x00,0x88,0x06,0x00,0x00,
    0xc7,0x1d,0x00,0x00,0x00,0x00,0x00,0x00,0x4c,0x4f,0x4d,0x53,0x00,0x03,0x01,0x00,
    0x0b,0x00,0x08,0x00,0x7d,0x62,0x00,0x00,0x00,0x00,0x00,0x00,0xa4,0x4b,0x00,0x00,
    0x91,0x02,0x01,0x91,0x02,0x20,0xd1,0x10,0x02,0x47,0x4c,0x53,0x4c,0x2e,0x73,0x74,
    0x64,0x2e,0x34,0x35,0x30,0x00,0x00,0x00,0x00,0xa0,0x04,0x00,0x01,0xef,0x0f,0x00,
    0x9f,0x2c,0xed,0xc2,0xa5,0xf3,0x06,0x00,0x8c,0x1a,0xa9,0x20,0x82,0x1f,0xaf,0x2e,
    0x93,0x2d,0xb0,0x23,0xab,0x22,0xd9,0x1b,0xb0,0x19,0xc2,0x26,0x10,0xec,0x23,0x06,
    0x10,0x37,0xc5,0x09,0x0e,0x00,0x05,0x00,0x07,0x01,0x10,0x00,0x23,0x00,0x01,0x05,
    0x00,0x07,0x01,0x10,0x00,0x23,0x40,0x01,0x23,0x30,0x01,0x23,0x04,0x01,0x23,0x04,
    0x01,0x23,0x04,0x01,0x05,0x00,0x07,0x01,0x10,0x00,0x23,0x04,0x01,0x23,0x40,0x10,
    0xa0,0x34,0x01,0x01,0x10,0xf9,0x4a,0x06,0x80,0x02,0x00,0xca,0x12,0x02,0x47,0x00,
    0x01,0x00,0x23,0x00,0x10,0x9e,0x1d,0x21,0x00,0x10,0x00,0x22,0x01,0x00,0x64,0x0e,
    0x10,0x00,0x1e,0x0a,0x10,0xb2,0x21,0x01,0x08,0x10,0x99,0x30,0x06,0x40,0x10,0x02,
    0x06,0x40,0x10,0xd7,0x05,0x06,0x10,0x10,0x94,0x04,0x06,0x10,0x10,0x02,0x06,0x10,
    0x10,0x02,0x06,0x10,0x10,0x02,0x06,0x10,0x00,0xfb,0x0e,0x02,0x37,0x00,0x99,0x00,
    0x05,0x00,0x07,0x01,0x10,0x00,0x23,0x00,0x01,0x05,0x00,0x07,0x01,0x10,0x00,0x23,
    0x40,0x01,0x05,0x00,0x07,0x01,0x10,0x00,0x23,0x40,0x01,0x05,0x00,0x07,0x01,0x10,
    0x00,0x23,0x40,0x01,0x05,0x00,0x07,0x01,0x10,0x00,0x23,0x40,0x01,0x05,0x00,0x07,
    0x01,0x10,0x00,0x23,0x80,0x02,0x01,0x05,0x00,0x07,0x01,0x10,0x00,0x23,0x80,0x02,
    0x01,0x05,0x00,0x07,0x01,0x10,0x00,0x23,0x40,0x01,0x05,0x00,0x07,0x01,0x10,0x00,
    0x23,0x30,0x01,0x23,0x40,0x01,0x23,0x10,0x01,0x23,0x08,0x01,0x23,0x04,0x01,0x23,
    0x04,0x01,0x23,0x10,0x01,0x23,0x10,0x01,0x23,0x08,0x01,0x23,0x08,0x01,0x23,0x04,
    0x01,0x00,0x00,0x23,0x04,0x01,0x23,0x08,0x01,0x23,0x04,0x01,0x23,0x04,0x01,0x23,
    0x04,0x01,0x23,0x04,0x01,0x23,0x04,0x01,0x00,0x00,0x23,0x04,0x01,0x00,0x00,0x23,
    0x04,0x01,0x00,0x00,0x23,0x04,0x01,0x00,0x00,0x23,0x10,0x01,0x00,0x00,0x23,0x0c,
    0x01,0x00,0x00,0x23,0x04,0x01,0x00,0x00,0x23,0x08,0x01,0x00,0x00,0x23,0x04,0x01,
    0x00,0x00,0x23,0x04,0x01,0x00,0x00,0x23,0x04,0x01,0x23,0x04,0x01,0x00,0x00,0x23,
    0x04,0x01,0x00,0x00,0x23,0x04,0x01,0x23,0x90,0x01,0x01,0x00,0x00,0x23,0x0c,0x01,
    0x23,0x04,0x01,0x23,0x10,0x01,0x23,0x10,0x01,0x00,0x00,0x23,0x08,0x01,0x00,0x00,
    0x23,0x04,0x01,0x23,0x04,0x01,0x00,0x00,0x23,0x08,0x01,0x00,0x00,0x23,0x04,0x01,
    0x23,0x04,0x01,0x00,0x00,0x23,0x10,0x01,0x00,0x00,0x23,0x04,0x01,0x23,0x04,0x01,
    0x00,0x00,0x23,0x08,0x01,0x23,0x04,0x01,0x00,0x00,0x23,0x04,0x01,0x00,0x00,0x23,
    0x04,0x01,0x23,0x04,0x01,0x23,0x0c,0x01,0x23,0x04,0x01,0x23,0x04,0x01,0x23,0x04,
    0x01,0x23,0x04,0x01,0x23,0x04,0x01,0x23,0x0c,0x01,0x23,0x04,0x01,0x23,0x04,0x01,
    0x23,0x04,0x01,0x23,0x04,0x01,0x05,0x00,0x07,0x01,0x10,0x00,0x23,0x04,0x01,0x23,
    0x30,0x01,0x23,0x08,0x01,0x05,0x00,0x07,0x01,0x10,0x00,0x23,0x08,0x01,0x05,0x00,
    0x07,0x01,0x10,0x00,0x23,0x40,0x01,0x00,0x00,0x23,0x40,0x01,0x00,0x00,0x23,0x04,
    0x01,0x00,0x00,0x23,0x04,0x01,0x00,0x00,0x23,0x04,0x01,0x23,0x04,0x01,0x23,0x40,
    0x01,0x00,0x00,0x23,0x04,0x01,0x00,0x00,0x23,0x04,0x01,0x00,0x00,0x23,0x04,0x01,
    0x23,0x04,0x01,0x23,0x40,0x01,0x00,0x00,0x23,0x40,0x01,0x00,0x00,0x23,0x04,0x01,
    0x00,0x00,0x23,0x04,0x01,0x00,0x00,0x23,0x04,0x01,0x05,0x00,0x07,0x01,0x10,0x00,
    0x23,0x04,0x01,0x23,0x40,0x01,0x00,0x00,0x23,0x10,0x10,0x92,0x2a,0x21,0x00,0x10,
    0x00,0x22,0x00,0x10,0xc8,0x01,0x0b,0x2a,0x37,0x8b,0x2e,0x05,0x00,0x05,0x00,0x07,
    0x01,0x10,0x00,0x23,0x00,0x01,0x23,0x30,0x01,0x23,0x0c,0x10,0x9d,0x03,0x06,0x40,
    0x00,0xa6,0x1e,0x02,0x47,0x00,0x01,0x00,0x23,0x00,0x10,0xba,0x09,0x21,0x01,0x10,
    0x00,0x22,0x01,0x10,0xb6,0x0f,0x21,0x05,0x10,0x00,0x22,0x01,0x00,0x8f,0x37,0x02,
    0x47,0x00,0x01,0x00,0x23,0x00,0x10,0xb4,0x19,0x06,0x10,0x00,0xab,0x26,0x02,0x37,
    0x00,0x02,0x00,0x00,0x00,0x23,0x00,0x10,0xf4,0x3c,0x21,0x02,0x10,0x00,0x22,0x01,
    0x10,0xcb,0x02,0x21,0x03,0x10,0x00,0x22,0x01,0x10,0xa6,0x01,0x1e,0x00,0x10,0xda,
    0x1e,0x1e,0x05,0x10,0xb7,0x02,0x1e,0x06,0x10,0xfb,0x4a,0x06,0x40,0x00,0xa6,0x1e,
    0x02,0x47,0x00,0x01,0x00,0x23,0x00,0x10,0xa4,0x1f,0x21,0x06,0x10,0x00,0x22,0x01,
    0x10,0x8f,0x24,0x06,0x10,0x00,0xab,0x26,0x02,0x37,0x00,0x02,0x00,0x00,0x00,0x23,
    0x00,0x10,0xbe,0x31,0x21,0x07,0x10,0x00,0x22,0x01,0x10,0xea,0x12,0x0b,0x2b,0x00,
    0x89,0x02,0x10,0x10,0x00,0x1e,0x06,0x10,0xa3,0x0d,0x1e,0x09,0x10,0xd1,0x04,0x1e,
    0x0c,0x00,0xc3,0x32,0x02,0x47,0x00,0x04,0x00,0x0b,0x01,0x00,0x01,0x0b,0x01,0x01,
    0x01,0x0b,0x01,0x03,0x01,0x0b,0x01,0x04,0x00,0xf8,0xcf,0x01,0x00,0x00,0x84,0x3e,
    0x00,0x93,0x02,0x0e,0xa1,0x04,0xf4,0x13,0x08,0xa6,0x02,0xe9,0x13,0x20,0xb7,0x02,
    0x20,0x0d,0x04,0xb8,0x02,0x90,0x01,0x1d,0x04,0xb7,0x02,0x99,0x01,0x0d,0x03,0xb5,
    0x02,0x17,0x20,0x01,0x3e,0x92,0x0a,0x07,0x18,0xb5,0x02,0x93,0x0a,0x20,0x00,0xb7,
    0x02,0x18,0x0b,0x04,0xd1,0x04,0xe8,0x05,0x08,0x95,0x05,0x17,0x1d,0xb1,0x04,0xc0,
    0x0f,0x1d,0x1d,0xae,0x02,0xe3,0x05,0x1d,0xbb,0x04,0x0b,0xa2,0x18,0x00,0x00,0x00,
    0x00,0xbb,0x04,0x0c,0x02,0x00,0x00,0x00,0x00,0xbb,0x04,0x0b,0x04,0x01,0x00,0x00,
    0x00,0xbb,0x04,0x0c,0x02,0x01,0x00,0x00,0x00,0xbb,0x04,0x0b,0x04,0x02,0x00,0x00,
    0x00,0xbb,0x04,0x0c,0x02,0x02,0x00,0x00,0x00,0xbb,0x04,0x0c,0x06,0x03,0x00,0x00,
    0x00,0x3e,0x95,0x1e,0x06,0x0c,0x3e,0xb2,0x01,0x06,0x65,0xb8,0x02,0xb7,0x0a,0x18,
    0x03,0xbb,0x04,0x0b,0xa0,0x27,0x04,0x00,0x00,0x00,0xbc,0x02,0xbf,0x04,0x1d,0x96,
    0x14,0x9e,0x03,0xc5,0x09,0x65,0x46,0x0c,0x0c,0x0c,0x0d,0x65,0xf6,0x11,0xb2,0x06,
    0x0c,0xa0,0x34,0x40,0x00,0x00,0x00,0xbc,0x02,0xf9,0x4a,0x93,0x0d,0xa3,0x27,0xae,
    0x02,0xca,0x12,0xe6,0x01,0x3e,0xfa,0x09,0x02,0x8b,0x0b,0x39,0x88,0x10,0xa4,0x13,
    0x02,0x3e,0xed,0x27,0x02,0x65,0x39,0x89,0x05,0xe8,0x3c,0x06,0x3e,0x99,0x3e,0x02,
    0x0c,0x39,0x89,0x05,0x8a,0x37,0x06,0xbb,0x04,0x0c,0xe9,0x18,0x05,0x00,0x00,0x00,
    0x3e,0x9d,0x1e,0x02,0x0d,0x39,0xe2,0x05,0xb4,0x53,0x06,0xbb,0x04,0x0c,0x8f,0x35,
    0x06,0x00,0x00,0x00,0x3e,0xa1,0x1e,0x03,0x0c,0x39,0x8c,0x05,0x80,0x2a,0x03,0xb2,
    0x06,0x0c,0xb2,0x21,0x02,0x00,0x00,0x00,0xbc,0x02,0x99,0x30,0x65,0x96,0x14,0xbc,
    0x02,0x02,0x65,0x96,0x14,0xb7,0x02,0x8b,0x25,0x0d,0x02,0xb7,0x02,0x02,0x0b,0x03,
    0xbb,0x04,0x0b,0xa2,0x28,0x09,0x00,0x00,0x00,0xbc,0x02,0xef,0x08,0x18,0xa5,0x14,
    0xbc,0x02,0x94,0x04,0x1d,0x96,0x14,0xbc,0x02,0x02,0x1d,0x96,0x14,0xbc,0x02,0x02,
    0x1d,0x96,0x14,0xbc,0x02,0x02,0x1d,0x96,0x14,0xde,0x83,0xc0,0x02,0xfb,0x0e,0x65,
    0x65,0x65,0x65,0xd8,0x12,0xd9,0x12,0x65,0x46,0x65,0x1d,0x13,0x0d,0x0d,0x1d,0x1d,
    0x13,0x13,0x0d,0x0d,0x13,0x0d,0x0d,0x0d,0x0d,0x0d,0x0d,0x0d,0x0d,0x1d,0x14,0x0c,
    0x13,0x0c,0x0c,0x0c,0x0c,0x0d,0x0d,0xed,0x0f,0x18,0x0d,0x1d,0x1d,0x13,0x0c,0x0d,
    0x13,0x0d,0x0d,0x1d,0x0c,0x0d,0x13,0x0d,0x0d,0x0d,0x0b,0x18,0x0d,0x0d,0x0b,0x0d,
    0x0d,0x18,0x0d,0x0d,0x0d,0x0d,0x0d,0x46,0x13,0x13,0x65,0x65,0x0d,0x0d,0x0d,0x0d,
    0xf7,0x11,0x0c,0x0d,0x0d,0x0d,0xf8,0x11,0xf9,0x11,0x0c,0x0c,0x0c,0x0c,0x65,0x1d,
    0xfa,0x11,0x3e,0xfa,0x09,0x02,0xbc,0x0a,0x39,0xb9,0x0f,0x98,0x20,0x02,0x3e,0xef,
    0x34,0x01,0x0c,0x39,0x8d,0x05,0xb8,0x36,0x01,0xb8,0x02,0xa5,0x3f,0x18,0x04,0xb8,
    0x02,0x0b,0x1d,0x03,0xce,0x02,0xa6,0x11,0x50,0x18,0x0d,0xbb,0x04,0x0b,0xb7,0x0d,
    0x00,0x01,0x00,0x00,0xbc,0x02,0x9a,0x0a,0xa3,0x09,0xc7,0x02,0xae,0x02,0xa6,0x1e,
    0xd4,0x07,0x3e,0x8b,0x25,0x02,0xe7,0x16,0x39,0xa1,0x04,0xc6,0x2e,0x02,0x3e,0xed,
    0x2b,0x02,0x50,0xbb,0x04,0x0b,0x8c,0x1d,0x03,0x00,0x00,0x00,0xbb,0x04,0x0d,0x0d,
    0x00,0x00,0x00,0x00,0x94,0x02,0x85,0x28,0xbb,0x04,0x0d,0x82,0x02,0x00,0x00,0x80,
    0x3f,0xb7,0x02,0xef,0x01,0x0c,0x02,0xbb,0x04,0x0b,0xe4,0x29,0x00,0x08,0x00,0x00,
    0x89,0x03,0xdb,0x27,0x0d,0x01,0x00,0x00,0x00,0x01,0x00,0xab,0x02,0xd0,0x05,0x96,
    0x01,0x3e,0xfa,0x09,0x00,0xfe,0x03,0x39,0xfb,0x08,0xc8,0x34,0x00,0xae,0x02,0x8f,
    0x37,0x0c,0x3e,0xfa,0x09,0x09,0xd7,0x07,0x39,0xd4,0x0c,0xa2,0x17,0x09,0x3e,0xad,
    0x26,0x09,0x0c,0xb7,0x02,0xef,0x09,0x0c,0x03,0xbb,0x04,0x0c,0xde,0x29,0x00,0x08,
    0x00,0x00,0xbc,0x02,0xa7,0x01,0x1d,0xc7,0x02,0xae,0x02,0xab,0x26,0xb1,0x14,0x3e,
    0xfa,0x09,0x02,0x9b,0x01,0x39,0x98,0x06,0xfa,0x32,0x02,0x89,0x03,0xfd,0x3b,0x0d,
    0x01,0x00,0x01,0x00,0x01,0x00,0xab,0x02,0xd2,0x04,0xd6,0x01,0x3e,0xfa,0x09,0x00,
    0xff,0x03,0x39,0xfc,0x08,0xe6,0x2a,0x00,0x3e,0xa9,0x32,0x01,0x1d,0x39,0x9a,0x05,
    0xd0,0x33,0x01,0xbb,0x04,0x0c,0xf3,0x2c,0x00,0x02,0x00,0x00,0xbb,0x04,0x0c,0xff,
    0x0b,0x00,0x01,0x00,0x00,0x3e,0x98,0x05,0x01,0x17,0x39,0x94,0x05,0xb6,0x52,0x01,
    0x39,0x9a,0x05,0xb7,0x02,0x01,0xbc,0x02,0xfb,0x4a,0xa3,0x09,0xc7,0x02,0xae,0x02,
    0xa6,0x1e,0xd5,0x07,0x3e,0x8b,0x25,0x02,0xe8,0x16,0x39,0xa2,0x04,0xb0,0x44,0x02,
    0xbc,0x02,0x8f,0x24,0x1d,0xc7,0x02,0xae,0x02,0xab,0x26,0xb2,0x14,0x3e,0xfa,0x09,
    0x02,0x9c,0x01,0x39,0x99,0x06,0xc4,0x27,0x02,0xbb,0x04,0x0c,0xc3,0x07,0x5a,0x00,
    0x00,0x00,0xbb,0x04,0x0c,0x05,0x59,0x00,0x00,0x00,0x39,0x8d,0x05,0xb4,0x1a,0x01,
    0xbb,0x04,0x0c,0xd1,0x1d,0x14,0x00,0x00,0x00,0xbb,0x04,0x0c,0x06,0x15,0x00,0x00,
    0x00,0xbb,0x04,0x0d,0xe1,0x28,0x00,0x00,0x00,0x40,0x3e,0x84,0x0a,0x03,0x1d,0x39,
    0x9b,0x05,0xa0,0x3a,0x03,0x3e,0xb7,0x3a,0x03,0x0d,0x39,0x9b,0x05,0x94,0x2d,0x03,
    0x39,0x9b,0x05,0xd1,0x04,0x03,0xbb,0x04,0x0d,0xdd,0x25,0x00,0x00,0x80,0xbf,0xbc,
    0x02,0x8e,0x01,0x0d,0x90,0x14,0xbc,0x02,0x13,0x0d,0x8d,0x14,0xde,0x02,0xdf,0x0d,
    0x1d,0x0d,0x88,0x07,0xfe,0x06,0x3e,0x84,0x0a,0x03,0x0e,0x39,0x90,0x05,0xe4,0x42,
    0x03,0xad,0x06,0x1d,0xff,0x4c,0xc6,0x06,0x08,0xba,0x58,0x00,0x82,0x0a,0x18,0x82,
    0x66,0x39,0x95,0x05,0xb2,0x7d,0x07,0x01,0x0c,0xdb,0xce,0x01,0xb6,0x26,0x22,0xfe,
    0x38,0x00,0x01,0x0c,0x90,0xc4,0x01,0x8e,0xfd,0x01,0xc7,0x10,0x0c,0xc7,0x51,0xc7,
    0x51,0x94,0x8a,0x01,0x33,0xe3,0x05,0xeb,0x2a,0xda,0x19,0x8b,0x14,0xef,0x6f,0x8b,
    0x14,0x01,0x65,0x96,0x80,0x01,0x96,0x80,0x01,0x33,0x8a,0x05,0xcc,0x23,0xda,0x19,
    0x8b,0x14,0xef,0x6f,0x91,0x14,0x01,0x0c,0xb4,0x2d,0xb4,0x2d,0x22,0xda,0xbd,0x02,
    0x00,0x33,0x8a,0x05,0xd9,0x63,0xda,0x19,0x8b,0x14,0xef,0x6f,0x94,0x14,0x01,0x0c,
    0x9d,0x87,0x01,0x9d,0x87,0x01,0x22,0xf2,0x59,0x00,0x33,0xe3,0x05,0xa0,0x87,0x01,
    0xda,0x19,0x8b,0x14,0xef,0x6f,0x9d,0x14,0x01,0x65,0xb7,0x88,0x01,0xb7,0x88,0x01,
    0x22,0xae,0x3c,0x00,0x01,0x1d,0x98,0x5d,0x8c,0xb9,0x01,0x01,0x0c,0xa7,0x75,0xca,
    0x40,0xc7,0x18,0x0c,0x8e,0xf8,0x01,0x8e,0xf8,0x01,0xe6,0xe8,0x02,0xcb,0x14,0x09,
    0xdd,0xb7,0x01,0xdd,0xb7,0x01,0x82,0x9a,0x01,0xa7,0x1e,0xb5,0x65,0x00,0xba,0x1e,
    0x00,0xfb,0x25,0xb5,0x65,0x18,0xfc,0x25,0x01,0x0c,0xf1,0x0c,0xd0,0x9a,0x01,0x13,
    0x8e,0x05,0xa1,0x70,0xa5,0x18,0x8b,0x14,0x01,0x0c,0xd0,0x7e,0xd0,0x7e,0xc0,0x10,
    0x0c,0xc6,0x63,0xf4,0x71,0xc6,0x63,0xcb,0x10,0x0c,0xb1,0x9d,0x01,0xb1,0x9d,0x01,
    0xda,0x85,0x01,0xc7,0x10,0x0c,0x94,0xc8,0x01,0xe2,0x2a,0xee,0xcd,0x02,0xd0,0x0a,
    0x16,0xf9,0x60,0x9a,0x67,0xf9,0x60,0xe8,0xee,0x01,0x01,0x0c,0xa0,0x14,0xf0,0xe2,
    0x01,0x99,0x1e,0x92,0x28,0x18,0x91,0x28,0xe5,0x1e,0x16,0xeb,0x35,0xbf,0x45,0x00,
    0x00,0x0a,0x3a,0x00,0x00,0x9c,0x33,0x00,0x00,0x96,0x5f,0x00,0x00,0xe5,0x1e,0x1d,
    0xaa,0x1d,0xc8,0x3d,0x00,0x00,0x0a,0x3a,0x00,0x00,0x36,0x3d,0x00,0x00,0x96,0x5f,
    0x00,0x00,0xe5,0x1e,0x0c,0x85,0x51,0x0b,0x0a,0x00,0x00,0x0a,0x3a,0x00,0x00,0xb5,
    0x5d,0x00,0x00,0x96,0x5f,0x00,0x00,0xc1,0x16,0x09,0xf5,0x14,0xf5,0x14,0xcf,0xa6,
    0x01,0xb6,0x1e,0x8b,0x07,0xdd,0xf9,0x01,0x00,0xba,0x1e,0x00,0xbf,0x18,0x8b,0x07,
    0x18,0xc0,0x18,0x33,0x8b,0x05,0x8c,0xc1,0x01,0xd5,0x1f,0x8b,0x14,0xe2,0x4c,0x8a,
    0x14,0x01,0x0d,0x85,0x8e,0x01,0x85,0x8e,0x01,0xc7,0x16,0x09,0x81,0x16,0x81,0x16,
    0xfa,0x91,0x01,0xa7,0x1e,0xae,0x4a,0x00,0xba,0x1e,0x00,0xf8,0x0b,0xae,0x4a,0x18,
    0xf7,0x0b,0xd2,0x0a,0x16,0xfe,0x3c,0xd4,0x51,0xf8,0x1d,0x02,0x01,0xff,0x03,0xb0,
    0x51,0xea,0xff,0x01,0xb4,0x0c,0xd6,0x01,0xeb,0x58,0xeb,0x58,0xef,0x0a,0x1d,0xfe,
    0x20,0xfe,0x20,0xc2,0x19,0x02,0x8b,0x14,0xce,0x10,0x1d,0xbb,0x7e,0xbb,0x7e,0xf5,
    0x49,0x4b,0x1d,0x9a,0x87,0x01,0xee,0x22,0x9a,0x87,0x01,0x99,0x1e,0xd4,0x9d,0x01,
    0x18,0xd3,0x9d,0x01,0xe5,0x1e,0x16,0xd4,0x5e,0x50,0x33,0x00,0x00,0x47,0x27,0x00,
    0x00,0xcc,0x3a,0x00,0x00,0x8d,0x2b,0x00,0x00,0xe5,0x1e,0x1d,0xb4,0x26,0xa5,0x3a,
    0x00,0x00,0x47,0x27,0x00,0x00,0x5c,0x43,0x00,0x00,0x8d,0x2b,0x00,0x00,0x99,0x1e,
    0xbf,0x89,0x01,0x18,0xc0,0x89,0x01,0xc0,0x10,0x0c,0xc1,0x07,0xa6,0xdd,0x01,0xce,
    0xce,0x02,0x99,0x1e,0xde,0x73,0x18,0x8f,0xeb,0x01,0x99,0x1e,0xf3,0x9b,0x01,0x18,
    0xf4,0x9b,0x01,0xe5,0x1e,0x1d,0xb0,0x5f,0xc8,0x3d,0x00,0x00,0xa0,0x2f,0x00,0x00,
    0xa5,0x3a,0x00,0x00,0xed,0x22,0x00,0x00,0x01,0x0c,0xf7,0x73,0xe8,0xd1,0x01,0xc7,
    0x18,0x0c,0xa9,0x5b,0xa9,0x5b,0xcc,0xb2,0x01,0xcb,0x14,0x09,0xbe,0x0a,0xbe,0x0a,
    0x84,0x9a,0x01,0xa7,0x1e,0x81,0x1c,0x00,0xba,0x1e,0x00,0xe1,0x24,0x81,0x1c,0x18,
    0xe2,0x24,0x01,0x17,0xba,0x04,0xd8,0x8e,0x01,0x01,0x1d,0xb4,0x11,0xc4,0xa2,0x01,
    0x3d,0x18,0xf6,0x20,0x9d,0x69,0x9d,0x69,0x18,0x22,0x91,0x1e,0x00,0xe9,0x06,0x08,
    0xc1,0x84,0x01,0xfc,0x51,0xd3,0xa2,0x01,0x97,0x52,0xcb,0x63,0x01,0x18,0xcc,0x57,
    0x87,0x4b,0xc1,0x0a,0x0d,0xbb,0x0a,0xbb,0x0a,0x00,0xd2,0x0a,0x1d,0xf3,0x3c,0xf3,
    0x3c,0xb6,0xa9,0x01,0x00,0xc1,0x0a,0x0d,0xb0,0xab,0x01,0x80,0x64,0x01,0xd2,0x0a,
    0x1d,0x89,0x3a,0x89,0x3a,0xa6,0x71,0x01,0xc1,0x0a,0x0d,0xfa,0x6b,0xf0,0x95,0x01,
    0x02,0xd2,0x0a,0x1d,0xe7,0xd6,0x01,0xe7,0xd6,0x01,0xed,0x6a,0x02,0x99,0x1e,0xa9,
    0x2e,0x18,0xaa,0x2e,0xe5,0x1e,0x1d,0x8a,0x55,0xbf,0x61,0x00,0x00,0xe7,0x49,0x00,
    0x00,0xf9,0x2b,0x00,0x00,0xbe,0x39,0x00,0x00,0x3d,0x18,0xce,0x29,0xce,0x29,0xce,
    0x29,0x18,0xc1,0x0a,0x0d,0x93,0x77,0x93,0x77,0x00,0xc1,0x0a,0x1d,0xbc,0x1c,0xeb,
    0x32,0x00,0xce,0x10,0x1d,0xec,0x1b,0xec,0x1b,0xa8,0x38,0xc1,0x0a,0x0d,0xbe,0x14,
    0xad,0x2a,0x01,0xc1,0x0a,0x1d,0x99,0xd0,0x01,0xdb,0xd2,0x01,0x01,0xce,0x10,0x1d,
    0xde,0xbb,0x01,0xde,0xbb,0x01,0xbb,0x14,0xc1,0x0a,0x0d,0xbe,0x14,0xab,0x2a,0x02,
    0xc1,0x0a,0x1d,0x99,0xd0,0x01,0xd9,0xd2,0x01,0x02,0xce,0x10,0x1d,0xfa,0xc9,0x01,
    0xfa,0xc9,0x01,0x9f,0x06,0xc1,0x0a,0x1d,0xaf,0x7f,0x8f,0x88,0x01,0x03,0x4b,0x1d,
    0x95,0x0d,0xc5,0x8c,0x01,0x95,0x0d,0x4b,0x1d,0xf6,0x41,0xb1,0x3c,0xf6,0x41,0x4b,
    0x1d,0x92,0x1e,0x9d,0x1e,0x92,0x1e,0xb0,0x0a,0xf9,0x07,0xce,0x59,0xce,0x59,0x01,
    0x0c,0xf1,0x4b,0xae,0xd9,0x01,0xcb,0x10,0x0c,0x92,0x3f,0x92,0x3f,0x8e,0xf7,0x01,
    0x23,0xe3,0x05,0xbe,0x22,0xc5,0x1f,0x9a,0x14,0xac,0xa6,0x01,0x01,0x65,0xf3,0x7e,
    0xf3,0x7e,0xc1,0x0a,0x1d,0xfa,0x70,0xe4,0x07,0x00,0xc1,0x12,0x1d,0x93,0xa6,0x01,
    0x99,0x35,0x93,0xa6,0x01,0x13,0xe3,0x05,0x9e,0x18,0xc5,0x1f,0x8b,0x14,0x01,0x65,
    0xb5,0x57,0xb5,0x57,0xc1,0x12,0x1d,0xd3,0x18,0xd3,0x18,0xff,0xfd,0x01,0xc1,0x0a,
    0x0d,0xa6,0xc3,0x01,0xa6,0xc3,0x01,0x02,0x3f,0x0d,0xc3,0x24,0xc3,0x24,0x13,0x8b,
    0x05,0xae,0x7d,0xc5,0x1f,0xc7,0x14,0x01,0x0d,0xdd,0x3b,0xdd,0x3b,0x4a,0x0d,0xbb,
    0x9a,0x01,0xeb,0x58,0xbb,0x9a,0x01,0x13,0x8b,0x05,0x90,0x27,0xc5,0x1f,0xca,0x14,
    0x01,0x0d,0xb7,0x51,0xb7,0x51,0xc3,0x10,0x0d,0xa8,0x87,0x01,0x80,0x5d,0xa8,0x87,
    0x01,0x4a,0x0d,0xb7,0x14,0xb7,0x14,0xa8,0xf1,0x01,0xc3,0x10,0x0d,0x9b,0x5f,0x9b,
    0x5f,0xaa,0x90,0x01,0x13,0x8f,0x05,0xba,0xf7,0x01,0xab,0x22,0x93,0x14,0x22,0x00,
    0xba,0xf7,0x01,0x22,0xc6,0xd2,0x02,0xf0,0xce,0x01,0xc9,0x06,0x1d,0x9f,0x0e,0xba,
    0xc3,0x02,0xd0,0xc0,0x01,0x22,0xf8,0xc8,0x02,0x00,0x01,0x0c,0xf9,0x79,0xc6,0xcd,
    0x01,0xcb,0x10,0x0c,0x95,0x34,0x95,0x34,0xfe,0x77,0xbf,0x0c,0x0d,0xdb,0x36,0xa2,
    0x41,0xc8,0x10,0x0d,0xbe,0x47,0xf8,0xdd,0x01,0xbe,0x47,0xc8,0x10,0x0d,0xab,0x2a,
    0xab,0x2a,0xcc,0xb3,0x01,0x4b,0x0d,0x94,0x78,0x90,0x9f,0x02,0x94,0x78,0xbf,0x0c,
    0x0d,0x8f,0x0c,0xba,0x52,0x4a,0x0d,0xa0,0x10,0xf8,0x51,0xa0,0x10,0x4b,0x0d,0xa3,
    0x8a,0x01,0x93,0x86,0x01,0xa3,0x8a,0x01,0xc8,0x10,0x0d,0xf0,0x37,0xda,0xdb,0x01,
    0x82,0x47,0xc1,0x0a,0x0d,0xfc,0x96,0x01,0xe2,0xb9,0x01,0x00,0x4a,0x0d,0xf6,0x08,
    0xf6,0x08,0xf2,0x9f,0x01,0xd2,0x0a,0x1d,0x89,0x8b,0x02,0x89,0x8b,0x02,0xb1,0x48,
    0x00,0xc1,0x0a,0x0d,0x90,0xef,0x01,0x90,0xef,0x01,0x03,0x4a,0x0d,0x8f,0x83,0x01,
    0xd8,0x38,0x8f,0x83,0x01,0xc1,0x0a,0x0d,0xef,0x7c,0xef,0x10,0x00,0x4b,0x0d,0xd8,
    0xd4,0x01,0xd8,0xd4,0x01,0xe8,0x57,0xd2,0x0a,0x1d,0xf9,0x4f,0xf9,0x4f,0xee,0x73,
    0x00,0xc1,0x0a,0x0d,0xa2,0x4e,0xa2,0x4e,0x00,0xc3,0x10,0x0d,0xf1,0x7e,0xe0,0xb3,
    0x01,0xad,0x7a,0xc1,0x0a,0x0d,0x97,0x49,0xe7,0x79,0x03,0x4a,0x0d,0xb0,0x93,0x01,
    0x98,0x4a,0xb0,0x93,0x01,0x4b,0x0d,0x87,0x22,0xe1,0x56,0x87,0x22,0xc0,0x10,0x0c,
    0xf4,0x30,0xb0,0x41,0xdc,0xe6,0x01,0xbf,0x0c,0x0d,0xd8,0x54,0xd8,0x54,0x4a,0x0d,
    0xe7,0x13,0xbe,0x71,0xe7,0x13,0xc3,0x10,0x0d,0xc1,0x69,0x92,0xe4,0x01,0xc1,0x69,
    0x4a,0x0d,0x8b,0x50,0x8b,0x50,0xbe,0x29,0x4b,0x0d,0xd5,0x2d,0xa1,0xcc,0x01,0xd5,
    0x2d,0x23,0x8f,0x05,0xb2,0x77,0xc2,0x26,0x91,0x14,0x8b,0x14,0x22,0x00,0xf2,0x01,
    0x3f,0x0d,0xe0,0x71,0x92,0xe9,0x01,0x23,0x8f,0x05,0xaa,0x28,0xc2,0x26,0x91,0x14,
    0x8e,0x14,0x22,0x00,0xaa,0x28,0xc1,0x0a,0x0d,0xf9,0x90,0x02,0xbd,0x7d,0x01,0x3f,
    0x0d,0xe6,0xd9,0x01,0xe6,0xd9,0x01,0xd2,0x0a,0x1d,0xe1,0x3d,0xe1,0x3d,0xc6,0x1e,
    0x01,0x13,0x9b,0x05,0xab,0x1f,0xc2,0x26,0x8b,0x14,0x22,0x00,0xab,0x1f,0x22,0xc6,
    0xb1,0x01,0x80,0x06,0x8d,0x1e,0x88,0x06,0xc6,0x06,0x08,0xbb,0x9e,0x01,0x00,0x8b,
    0x03,0xa7,0x06,0x95,0x05,0xee,0x85,0x02,0xa7,0x06,0x17,0xa9,0x21,0xa7,0x06,0x1d,
    0x92,0x0d,0x18,0xda,0x09,0xc1,0x0a,0x0d,0xd3,0xaf,0x01,0xf9,0xa5,0x01,0x03,0xce,
    0x16,0x09,0x92,0xaf,0x01,0x92,0xaf,0x01,0xf8,0x99,0x02,0xa7,0x1e,0xfe,0x24,0x00,
    0xba,0x1e,0x00,0xbc,0x9c,0x01,0xfe,0x24,0x18,0xbb,0x9c,0x01,0xc1,0x0a,0x0d,0xdc,
    0x72,0xc7,0x20,0x00,0xc1,0x0a,0x0b,0x83,0x39,0xb9,0x4c,0x00,0x01,0x18,0xc6,0x7b,
    0xe2,0x0d,0x33,0xcd,0x05,0x85,0x0d,0xc4,0x1b,0x8b,0x14,0xd6,0x6f,0x8b,0x14,0x01,
    0x50,0xd7,0x0f,0xd7,0x0f,0xb4,0x0a,0x56,0xc3,0x57,0x8a,0x4f,0x00,0x00,0xc1,0x0a,
    0x0d,0xe6,0x37,0xbb,0x3c,0x00,0xc1,0x0a,0x18,0xe9,0x20,0xfc,0x16,0x00,0xce,0x10,
    0x18,0xa4,0x0f,0xa4,0x0f,0xc5,0x11,0xc1,0x0a,0x0d,0xbe,0x14,0xc3,0x39,0x01,0xc1,
    0x0a,0x18,0xe4,0x59,0xc2,0x94,0x01,0x01,0xce,0x10,0x18,0x9f,0x6e,0x9f,0x6e,0xbb,
    0x14,0xc1,0x0a,0x0d,0xbe,0x14,0xc1,0x39,0x02,0xc1,0x0a,0x18,0xe4,0x59,0xc4,0x94,
    0x01,0x02,0xce,0x10,0x18,0x83,0x60,0x83,0x60,0x9f,0x06,0xc1,0x0a,0x18,0xaf,0x7f,
    0xef,0x4a,0x03,0x4b,0x18,0x95,0x0d,0xc5,0x8c,0x01,0x95,0x0d,0x4b,0x18,0xaa,0x54,
    0xfd,0x29,0xaa,0x54,0x4b,0x18,0x88,0x94,0x01,0x8c,0x6a,0x88,0x94,0x01,0xce,0x10,
    0x18,0xa3,0x6e,0xa3,0x6e,0xd7,0x0f,0xc1,0x0a,0x0d,0x86,0x65,0xe6,0x34,0x01,0xc1,
    0x0a,0x0b,0xaf,0x46,0xb7,0x04,0x01,0x01,0x18,0xc6,0x33,0xe4,0x0d,0x33,0xcd,0x05,
    0x85,0x0d,0xc4,0x1b,0x8b,0x14,0xd7,0x93,0x01,0x8b,0x14,0x01,0x50,0xd7,0x0f,0xd7,
    0x0f,0xb4,0x0a,0x56,0xc3,0x57,0x8b,0x4f,0x00,0x00,0xc1,0x0a,0x0d,0xe6,0x37,0xbb,
    0x3c,0x00,0xc1,0x0a,0x18,0xe9,0x20,0xfc,0x16,0x00,0xce,0x10,0x18,0xa6,0x0f,0xa6,
    0x0f,0xc3,0x11,0xc1,0x0a,0x0d,0xbe,0x14,0xc1,0x39,0x01,0xc1,0x0a,0x18,0xe4,0x59,
    0xc4,0x94,0x01,0x01,0xce,0x10,0x18,0x9f,0x6e,0x9f,0x6e,0xbb,0x14,0xc1,0x0a,0x0d,
    0xbe,0x14,0xbf,0x39,0x02,0xc1,0x0a,0x18,0xe4,0x59,0xc6,0x94,0x01,0x02,0xce,0x10,
    0x18,0x85,0x60,0x85,0x60,0xa1,0x06,0xc1,0x0a,0x18,0xaf,0x7f,0xef,0x4a,0x03,0x4b,
    0x18,0x95,0x0d,0xc5,0x8c,0x01,0x95,0x0d,0x4b,0x18,0xaa,0x54,0xff,0x29,0xaa,0x54,
    0x4b,0x18,0xa6,0xa2,0x01,0xa8,0x78,0xa6,0xa2,0x01,0xce,0x10,0x18,0xa3,0xfe,0x01,
    0xa3,0xfe,0x01,0xe5,0xe6,0x01,0x4b,0x18,0xd6,0x33,0x89,0x4e,0xd6,0x33,0xc1,0x0a,
    0x0d,0x8d,0x33,0xb7,0xb1,0x01,0x02,0xc1,0x0a,0x0b,0xb0,0x93,0x01,0xf5,0x10,0x02,
    0x01,0x18,0x86,0x40,0xe6,0x0d,0x33,0xcd,0x05,0x85,0x0d,0xc4,0x1b,0x8b,0x14,0xb8,
    0x8d,0x01,0x8b,0x14,0x01,0x50,0xd7,0x0f,0xd7,0x0f,0xb4,0x0a,0x56,0xc3,0x57,0x8c,
    0x4f,0x00,0x00,0xc1,0x0a,0x0d,0xe6,0x37,0xbb,0x3c,0x00,0xc1,0x0a,0x18,0xe9,0x20,
    0xfc,0x16,0x00,0xce,0x10,0x18,0xa8,0x0f,0xa8,0x0f,0xc1,0x11,0xc1,0x0a,0x0d,0xbe,
    0x14,0xbf,0x39,0x01,0xc1,0x0a,0x18,0xe4,0x59,0xc6,0x94,0x01,0x01,0xce,0x10,0x18,
    0x9f,0x6e,0x9f,0x6e,0xbb,0x14,0xc1,0x0a,0x0d,0xbe,0x14,0xbd,0x39,0x02,0xc1,0x0a,
    0x18,0xe4,0x59,0xc8,0x94,0x01,0x02,0xce,0x10,0x18,0x87,0x60,0x87,0x60,0xa3,0x06,
    0xc1,0x0a,0x18,0xaf,0x7f,0xef,0x4a,0x03,0x4b,0x18,0x95,0x0d,0xc5,0x8c,0x01,0x95,
    0x0d,0x4b,0x18,0xaa,0x54,0x81,0x2a,0xaa,0x54,0x4b,0x18,0xa6,0xa2,0x01,0xa6,0x78,
    0xa6,0xa2,0x01,0xce,0x10,0x18,0xa3,0xfe,0x01,0xa3,0xfe,0x01,0x45,0x4b,0x18,0xdc,
    0x2d,0xf7,0x05,0xdc,0x2d,0xc1,0x0a,0x0b,0x8a,0x0a,0x85,0x6d,0x03,0x01,0x18,0xb5,
    0x29,0xe5,0xb7,0x01,0x33,0xcd,0x05,0xc8,0xb8,0x01,0xc4,0x1b,0x8b,0x14,0xb0,0x5f,
    0x8b,0x14,0x01,0x50,0xd7,0x0f,0xd7,0x0f,0xb4,0x0a,0x56,0xc3,0x57,0x8d,0x4f,0x00,
    0x00,0xc1,0x0a,0x0d,0xe6,0x37,0x92,0x89,0x01,0x00,0xc1,0x0a,0x18,0xe9,0x20,0xfc,
    0x16,0x00,0xce,0x10,0x18,0xaa,0x0f,0xaa,0x0f,0xbf,0x11,0xc1,0x0a,0x0d,0xbe,0x14,
    0x90,0x8c,0x01,0x01,0xc1,0x0a,0x18,0xe4,0x59,0xc8,0x94,0x01,0x01,0xce,0x10,0x18,
    0x9f,0x6e,0x9f,0x6e,0xbb,0x14,0xc1,0x0a,0x0d,0xbe,0x14,0x92,0x8c,0x01,0x02,0xc1,
    0x0a,0x18,0xe4,0x59,0xca,0x94,0x01,0x02,0xce,0x10,0x18,0x89,0x60,0x89,0x60,0xa5,
    0x06,0xc1,0x0a,0x18,0xaf,0x7f,0xef,0x4a,0x03,0x4b,0x18,0x95,0x0d,0xc5,0x8c,0x01,
    0x95,0x0d,0x4b,0x18,0xaa,0x54,0x83,0x2a,0xaa,0x54,0x4b,0x18,0xa6,0xa2,0x01,0xa4,
    0x78,0xa6,0xa2,0x01,0xce,0x10,0x18,0xf9,0x83,0x02,0xf9,0x83,0x02,0xd7,0x11,0x4b,
    0x18,0xde,0x9f,0x01,0xae,0x6c,0xde,0x9f,0x01,0x22,0x8b,0x2c,0x00,0x8d,0x1e,0x18,
    0xf1,0x03,0xc1,0x0a,0x0d,0xb3,0x11,0x99,0x2d,0x00,0xc1,0x0a,0x0b,0xaf,0x2c,0xb7,
    0x4c,0x00,0x01,0x18,0xca,0x7b,0xe8,0x0d,0x33,0xcd,0x05,0x83,0x0d,0xc4,0x1b,0x8b,
    0x14,0xd7,0x6f,0x8b,0x14,0x01,0x50,0xd7,0x0f,0xd7,0x0f,0xb4,0x0a,0x56,0xc3,0x57,
    0x8e,0x4f,0x00,0x00,0xc1,0x0a,0x0d,0xe6,0x37,0xb9,0x3c,0x00,0xc1,0x0a,0x18,0xe9,
    0x20,0xfc,0x16,0x00,0xce,0x10,0x18,0xac,0x0f,0xac,0x0f,0xbd,0x11,0xc1,0x0a,0x0d,
    0xbe,0x14,0xb9,0x39,0x01,0xc1,0x0a,0x18,0xe4,0x59,0xca,0x94,0x01,0x01,0xce,0x10,
    0x18,0x9f,0x6e,0x9f,0x6e,0xbb,0x14,0xc1,0x0a,0x0d,0xbe,0x14,0xb7,0x39,0x02,0xc1,
    0x0a,0x18,0xe4,0x59,0xcc,0x94,0x01,0x02,0xce,0x10,0x18,0x8b,0x60,0x8b,0x60,0xa7,
    0x06,0xc1,0x0a,0x18,0xaf,0x7f,0xef,0x4a,0x03,0x4b,0x18,0x95,0x0d,0xc5,0x8c,0x01,
    0x95,0x0d,0x4b,0x18,0xaa,0x54,0x85,0x2a,0xaa,0x54,0x4b,0x18,0x82,0x94,0x01,0xfe,
    0x69,0x82,0x94,0x01,0xce,0x10,0x18,0xa3,0x6e,0xa3,0x6e,0x83,0x03,0xc1,0x0a,0x0d,
    0x86,0x65,0xe8,0x34,0x01,0xc1,0x0a,0x0b,0xaf,0x46,0xb5,0x04,0x01,0x01,0x18,0xca,
    0x33,0xea,0x0d,0x33,0xcd,0x05,0x83,0x0d,0xc4,0x1b,0x8b,0x14,0xd8,0x93,0x01,0x8b,
    0x14,0x01,0x50,0xd7,0x0f,0xd7,0x0f,0xb4,0x0a,0x56,0xc3,0x57,0x8f,0x4f,0x00,0x00,
    0xc1,0x0a,0x0d,0xe6,0x37,0xb9,0x3c,0x00,0xc1,0x0a,0x18,0xe9,0x20,0xfc,0x16,0x00,
    0xce,0x10,0x18,0xae,0x0f,0xae,0x0f,0xbb,0x11,0xc1,0x0a,0x0d,0xbe,0x14,0xb7,0x39,
    0x01,0xc1,0x0a,0x18,0xe4,0x59,0xcc,0x94,0x01,0x01,0xce,0x10,0x18,0x9f,0x6e,0x9f,
    0x6e,0xbb,0x14,0xc1,0x0a,0x0d,0xbe,0x14,0xb5,0x39,0x02,0xc1,0x0a,0x18,0xe4,0x59,
    0xce,0x94,0x01,0x02,0xce,0x10,0x18,0x8d,0x60,0x8d,0x60,0xa9,0x06,0xc1,0x0a,0x18,
    0xaf,0x7f,0xef,0x4a,0x03,0x4b,0x18,0x95,0x0d,0xc5,0x8c,0x01,0x95,0x0d,0x4b,0x18,
    0xaa,0x54,0x87,0x2a,0xaa,0x54,0x4b,0x18,0xa4,0xa2,0x01,0x9e,0x78,0xa4,0xa2,0x01,
    0xce,0x10,0x18,0xa5,0xfe,0x01,0xa5,0xfe,0x01,0xe3,0xe6,0x01,0x4b,0x18,0xd4,0x33,
    0x89,0x4e,0xd4,0x33,0xc1,0x0a,0x0d,0x8d,0x33,0xb5,0xb1,0x01,0x02,0xc1,0x0a,0x0b,
    0xb0,0x93,0x01,0xf3,0x10,0x02,0x01,0x18,0x8a,0x40,0xec,0x0d,0x33,0xcd,0x05,0x83,
    0x0d,0xc4,0x1b,0x8b,0x14,0xb9,0x8d,0x01,0x8b,0x14,0x01,0x50,0xd7,0x0f,0xd7,0x0f,
    0xb4,0x0a,0x56,0xc3,0x57,0x90,0x4f,0x00,0x00,0xc1,0x0a,0x0d,0xe6,0x37,0xb9,0x3c,
    0x00,0xc1,0x0a,0x18,0xe9,0x20,0xfc,0x16,0x00,0xce,0x10,0x18,0xb0,0x0f,0xb0,0x0f,
    0xb9,0x11,0xc1,0x0a,0x0d,0xbe,0x14,0xb5,0x39,0x01,0xc1,0x0a,0x18,0xe4,0x59,0xce,
    0x94,0x01,0x01,0xce,0x10,0x18,0x9f,0x6e,0x9f,0x6e,0xbb,0x14,0xc1,0x0a,0x0d,0xbe,
    0x14,0xb3,0x39,0x02,0xc1,0x0a,0x18,0xe4,0x59,0xd0,0x94,0x01,0x02,0xce,0x10,0x18,
    0x8f,0x60,0x8f,0x60,0xab,0x06,0xc1,0x0a,0x18,0xaf,0x7f,0xef,0x4a,0x03,0x4b,0x18,
    0x95,0x0d,0xc5,0x8c,0x01,0x95,0x0d,0x4b,0x18,0xaa,0x54,0x89,0x2a,0xaa,0x54,0x4b,
    0x18,0xa4,0xa2,0x01,0x9c,0x78,0xa4,0xa2,0x01,0xce,0x10,0x18,0xd7,0xf0,0x01,0xd7,
    0xf0,0x01,0x8a,0x0d,0x4b,0x18,0xc0,0xe2,0x01,0xbc,0xbc,0x01,0xc0,0xe2,0x01,0x3f,
    0x0d,0xba,0x08,0xc8,0xec,0x01,0xc3,0x10,0x0d,0xcf,0xa7,0x01,0xcf,0xa7,0x01,0xe2,
    0xd5,0x01,0xbd,0x0c,0x0b,0x83,0x72,0x83,0x72,0xc1,0x0a,0x0b,0x94,0x75,0xdf,0x50,
    0x03,0xc2,0x10,0x0b,0x8c,0x45,0x8c,0x45,0xec,0xf7,0x01,0xc0,0x10,0x0b,0xfc,0x43,
    0x9c,0xfe,0x01,0xfc,0x43,0x99,0x1e,0xd6,0xdf,0x01,0x18,0xd5,0xdf,0x01,0xe5,0x1e,
    0x18,0x92,0x23,0xc6,0x5d,0x00,0x00,0x49,0x47,0x00,0x00,0xc0,0x4c,0x00,0x00,0x7f,
    0x41,0x00,0x00,0xe5,0x1e,0x0b,0x95,0x29,0x79,0x19,0x00,0x00,0x49,0x47,0x00,0x00,
    0xf4,0x44,0x00,0x00,0x7f,0x41,0x00,0x00,0xc0,0x16,0x09,0x84,0x75,0x84,0x75,0xd5,
    0x70,0xb6,0x1e,0x87,0x58,0xc5,0x12,0x00,0xba,0x1e,0x00,0xc5,0x12,0x87,0x58,0x18,
    0xc6,0x12,0xc9,0x10,0x0b,0xd6,0x67,0xa0,0xef,0x01,0xcc,0xc3,0x02,0xbc,0x0e,0x0c,
    0xcf,0xcc,0x01,0xcf,0xcc,0x01,0xc6,0x10,0x0b,0xbc,0x28,0x8c,0x4b,0xb8,0x9f,0x01,
    0xbc,0x0e,0x0c,0xd3,0x33,0xd3,0x33,0xc0,0x0a,0x12,0xe0,0x01,0xb7,0x09,0xe0,0x01,
    0x01,0xfe,0x03,0xc4,0xca,0x01,0xd2,0x9b,0x02,0xb4,0x0c,0x96,0x01,0xbf,0xbb,0x01,
    0xbf,0xbb,0x01,0xef,0x0a,0x1d,0x85,0x41,0x85,0x41,0x81,0x32,0x02,0x8b,0x14,0x2d,
    0x13,0xfa,0xdf,0x01,0xfa,0xdf,0x01,0xfa,0xdf,0x01,0x10,0xc1,0x0a,0x0d,0xb2,0x06,
    0xb2,0x06,0x00,0xbd,0x0c,0x0b,0xe6,0x0d,0xe6,0x0d,0x01,0x18,0x91,0x75,0xc5,0x68,
    0x33,0xcd,0x05,0xb8,0x9b,0x01,0xc4,0x1b,0x8b,0x14,0xee,0xac,0x01,0x8b,0x14,0x01,
    0x50,0xdf,0x41,0xdf,0x41,0xb4,0x0a,0x56,0xc3,0x57,0x91,0x4f,0x00,0x00,0xc1,0x0a,
    0x0d,0xe6,0x37,0xfa,0x39,0x00,0xc1,0x0a,0x18,0xe9,0x20,0xfc,0x16,0x00,0xce,0x10,
    0x18,0xb2,0x0f,0xb2,0x0f,0xb7,0x11,0xc1,0x0a,0x0d,0xbe,0x14,0x80,0x3d,0x01,0xc1,
    0x0a,0x18,0xe4,0x59,0xd0,0x94,0x01,0x01,0xce,0x10,0x18,0x9f,0x6e,0x9f,0x6e,0xbb,
    0x14,0xc1,0x0a,0x0d,0xbe,0x14,0x82,0x3d,0x02,0xc1,0x0a,0x18,0xe4,0x59,0xd2,0x94,
    0x01,0x02,0xce,0x10,0x18,0x91,0x60,0x91,0x60,0xad,0x06,0xc1,0x0a,0x18,0xaf,0x7f,
    0xef,0x4a,0x03,0x4b,0x18,0x95,0x0d,0xc5,0x8c,0x01,0x95,0x0d,0x4b,0x18,0x8e,0x42,
    0xa7,0x3c,0x8e,0x42,0x4b,0x18,0x98,0x33,0x8d,0x09,0x98,0x33,0xc1,0x0a,0x0d,0xa8,
    0x10,0x9d,0x31,0x01,0xce,0x10,0x18,0xe5,0x16,0xbd,0x06,0xe5,0x16,0x4b,0x18,0xc0,
    0x35,0xb6,0x8b,0x01,0xc0,0x35,0xc0,0x10,0x0b,0x97,0x1f,0xb4,0x95,0x01,0xcc,0xeb,
    0x01,0x99,0x1e,0xb0,0x8f,0x01,0x18,0xd8,0x37,0x22,0xcf,0x01,0xf6,0xa3,0x01,0x8d,
    0x1e,0x88,0x06,0xc6,0x06,0x08,0xfb,0x84,0x02,0x00,0x8b,0x03,0xa7,0x06,0x95,0x05,
    0xbf,0x03,0xa7,0x06,0x17,0xd4,0x16,0xa7,0x06,0x1d,0xd7,0x12,0x18,0xa0,0xa3,0x02,
    0xc1,0x0a,0x0d,0xd3,0xaf,0x01,0xcc,0x73,0x03,0xce,0x16,0x09,0xa0,0x4a,0xa0,0x4a,
    0xd4,0xdc,0x01,0xa7,0x1e,0xfe,0x24,0x00,0xba,0x1e,0x00,0xbc,0x9c,0x01,0xfe,0x24,
    0x18,0xbb,0x9c,0x01,0xc1,0x0a,0x0d,0xdc,0x72,0x8c,0x94,0x01,0x00,0xc1,0x0a,0x0b,
    0x83,0x39,0xb0,0x48,0x00,0x01,0x18,0xc6,0x7b,0xca,0xda,0x01,0x33,0xcd,0x05,0xec,
    0x57,0xba,0x26,0x8b,0x14,0x84,0x51,0x8b,0x14,0x01,0x50,0xd7,0x0f,0xd7,0x0f,0xb4,
    0x0a,0x56,0xb5,0xbc,0x01,0x71,0x59,0x00,0x00,0xc1,0x0a,0x0d,0xe6,0x37,0xbb,0x3c,
    0x00,0xc1,0x0a,0x18,0xe9,0x20,0xfc,0x16,0x00,0xce,0x10,0x18,0x96,0x74,0x96,0x74,
    0xac,0x53,0xc1,0x0a,0x0d,0xbe,0x14,0xae,0x2b,0x01,0xc1,0x0a,0x18,0x8d,0x0b,0xc2,
    0x94,0x01,0x01,0xce,0x10,0x18,0xad,0x09,0xad,0x09,0xbb,0x14,0xc1,0x0a,0x0d,0xbe,
    0x14,0xb0,0x2b,0x02,0xc1,0x0a,0x18,0x8d,0x0b,0xc4,0x94,0x01,0x02,0xce,0x10,0x18,
    0xee,0x04,0xee,0x04,0x9f,0x06,0xc1,0x0a,0x18,0xaf,0x7f,0x82,0x1a,0x03,0x4b,0x18,
    0x95,0x0d,0xc5,0x8c,0x01,0x95,0x0d,0x4b,0x18,0xaa,0x54,0xfd,0x29,0xaa,0x54,0x4b,
    0x18,0x96,0x2f,0x9a,0x05,0x96,0x2f,0xce,0x10,0x18,0xb1,0x09,0xb1,0x09,0x9a,0x55,
    0xc1,0x0a,0x0d,0xf7,0xc4,0x01,0xae,0x24,0x01,0xc1,0x0a,0x0b,0xdc,0x7e,0xb2,0x90,
    0x01,0x01,0x01,0x18,0xc6,0x33,0xcc,0xda,0x01,0x33,0xcd,0x05,0xec,0x57,0xba,0x26,
    0x8b,0x14,0x85,0x75,0x8b,0x14,0x01,0x50,0xd7,0x0f,0xd7,0x0f,0xb4,0x0a,0x56,0xb5,
    0xbc,0x01,0x72,0x59,0x00,0x00,0xc1,0x0a,0x0d,0xe6,0x37,0xbb,0x3c,0x00,0xc1,0x0a,
    0x18,0xe9,0x20,0xfc,0x16,0x00,0xce,0x10,0x18,0x98,0x74,0x98,0x74,0xae,0x53,0xc1,
    0x0a,0x0d,0xbe,0x14,0xb0,0x2b,0x01,0xc1,0x0a,0x18,0x8d,0x0b,0xc4,0x94,0x01,0x01,
    0xce,0x10,0x18,0xad,0x09,0xad,0x09,0xbb,0x14,0xc1,0x0a,0x0d,0xbe,0x14,0xb2,0x2b,
    0x02,0xc1,0x0a,0x18,0x8d,0x0b,0xc6,0x94,0x01,0x02,0xce,0x10,0x18,0xec,0x04,0xec,
    0x04,0xa1,0x06,0xc1,0x0a,0x18,0xaf,0x7f,0x82,0x1a,0x03,0x4b,0x18,0x95,0x0d,0xc5,
    0x8c,0x01,0x95,0x0d,0x4b,0x18,0xaa,0x54,0xff,0x29,0xaa,0x54,0x4b,0x18,0xb4,0x3d,
    0xb6,0x13,0xb4,0x3d,0xce,0x10,0x18,0xb1,0x99,0x01,0xb1,0x99,0x01,0x98,0x43,0x4b,
    0x18,0x9b,0x31,0xfb,0xb2,0x01,0x9b,0x31,0xc1,0x0a,0x0d,0xe4,0x31,0x8e,0x68,0x02,
    0xc1,0x0a,0x0b,0xbe,0x2e,0xf4,0x83,0x01,0x02,0x01,0x18,0x86,0x40,0xce,0xda,0x01,
    0x33,0xcd,0x05,0xec,0x57,0xba,0x26,0x8b,0x14,0xe6,0x6e,0x8b,0x14,0x01,0x50,0xd7,
    0x0f,0xd7,0x0f,0xb4,0x0a,0x56,0xb5,0xbc,0x01,0x73,0x59,0x00,0x00,0xc1,0x0a,0x0d,
    0xe6,0x37,0xbb,0x3c,0x00,0xc1,0x0a,0x18,0xe9,0x20,0xfc,0x16,0x00,0xce,0x10,0x18,
    0x9a,0x74,0x9a,0x74,0xb0,0x53,0xc1,0x0a,0x0d,0xbe,0x14,0xb2,0x2b,0x01,0xc1,0x0a,
    0x18,0x8d,0x0b,0xc6,0x94,0x01,0x01,0xce,0x10,0x18,0xad,0x09,0xad,0x09,0xbb,0x14,
    0xc1,0x0a,0x0d,0xbe,0x14,0xb4,0x2b,0x02,0xc1,0x0a,0x18,0x8d,0x0b,0xc8,0x94,0x01,
    0x02,0xce,0x10,0x18,0xea,0x04,0xea,0x04,0xa3,0x06,0xc1,0x0a,0x18,0xaf,0x7f,0x82,
    0x1a,0x03,0x4b,0x18,0x95,0x0d,0xc5,0x8c,0x01,0x95,0x0d,0x4b,0x18,0xaa,0x54,0x81,
    0x2a,0xaa,0x54,0x4b,0x18,0xb4,0x3d,0xb4,0x13,0xb4,0x3d,0xce,0x10,0x18,0xb1,0x99,
    0x01,0xb1,0x99,0x01,0x45,0x4b,0x18,0x95,0x37,0xf7,0x05,0x95,0x37,0xc1,0x0a,0x0b,
    0xfe,0x6e,0xd8,0x8c,0x01,0x03,0x01,0x18,0xd4,0x9b,0x01,0x80,0xbf,0x02,0x33,0xcd,
    0x05,0xc3,0x0c,0xba,0x26,0x8b,0x14,0x98,0x73,0x8b,0x14,0x01,0x50,0xd7,0x0f,0xd7,
    0x0f,0xb4,0x0a,0x56,0xb5,0xbc,0x01,0x74,0x59,0x00,0x00,0xc1,0x0a,0x0d,0xe6,0x37,
    0xeb,0xa0,0x01,0x00,0xc1,0x0a,0x18,0xe9,0x20,0xfc,0x16,0x00,0xce,0x10,0x18,0x9c,
    0x74,0x9c,0x74,0xb2,0x53,0xc1,0x0a,0x0d,0xbe,0x14,0xfb,0x38,0x01,0xc1,0x0a,0x18,
    0x8d,0x0b,0xc8,0x94,0x01,0x01,0xce,0x10,0x18,0xad,0x09,0xad,0x09,0xbb,0x14,0xc1,
    0x0a,0x0d,0xbe,0x14,0xf9,0x38,0x02,0xc1,0x0a,0x18,0x8d,0x0b,0xca,0x94,0x01,0x02,
    0xce,0x10,0x18,0xe8,0x04,0xe8,0x04,0xa5,0x06,0xc1,0x0a,0x18,0xaf,0x7f,0x82,0x1a,
    0x03,0x4b,0x18,0x95,0x0d,0xc5,0x8c,0x01,0x95,0x0d,0x4b,0x18,0xaa,0x54,0x83,0x2a,
    0xaa,0x54,0x4b,0x18,0xb4,0x3d,0xb2,0x13,0xb4,0x3d,0xce,0x10,0x18,0x87,0x9f,0x01,
    0x87,0x9f,0x01,0xd7,0x11,0x4b,0x18,0xec,0x3a,0xae,0x6c,0xec,0x3a,0x22,0xdc,0xa0,
    0x01,0x00,0x8d,0x1e,0x18,0xf1,0x03,0xc1,0x0a,0x0d,0xbe,0x53,0xac,0xec,0x01,0x00,
    0xc1,0x0a,0x0b,0xa1,0x91,0x01,0xb2,0x48,0x00,0x01,0x18,0xca,0x7b,0xd0,0xda,0x01,
    0x33,0xcd,0x05,0xee,0x57,0xba,0x26,0x8b,0x14,0x85,0x51,0x8b,0x14,0x01,0x50,0xd7,
    0x0f,0xd7,0x0f,0xb4,0x0a,0x56,0xb5,0xbc,0x01,0x75,0x59,0x00,0x00,0xc1,0x0a,0x0d,
    0xe6,0x37,0xb9,0x3c,0x00,0xc1,0x0a,0x18,0xe9,0x20,0xfc,0x16,0x00,0xce,0x10,0x18,
    0x9e,0x74,0x9e,0x74,0xb4,0x53,0xc1,0x0a,0x0d,0xbe,0x14,0xb8,0x2b,0x01,0xc1,0x0a,
    0x18,0x8d,0x0b,0xca,0x94,0x01,0x01,0xce,0x10,0x18,0xad,0x09,0xad,0x09,0xbb,0x14,
    0xc1,0x0a,0x0d,0xbe,0x14,0xba,0x2b,0x02,0xc1,0x0a,0x18,0x8d,0x0b,0xcc,0x94,0x01,
    0x02,0xce,0x10,0x18,0xe6,0x04,0xe6,0x04,0xa7,0x06,0xc1,0x0a,0x18,0xaf,0x7f,0x82,
    0x1a,0x03,0x4b,0x18,0x95,0x0d,0xc5,0x8c,0x01,0x95,0x0d,0x4b,0x18,0xaa,0x54,0x85,
    0x2a,0xaa,0x54,0x4b,0x18,0x90,0x2f,0x8c,0x05,0x90,0x2f,0xce,0x10,0x18,0xb1,0x09,
    0xb1,0x09,0x83,0x03,0xc1,0x0a,0x0d,0xf7,0xc4,0x01,0xb0,0x24,0x01,0xc1,0x0a,0x0b,
    0xdc,0x7e,0xb4,0x90,0x01,0x01,0x01,0x18,0xca,0x33,0xd2,0xda,0x01,0x33,0xcd,0x05,
    0xee,0x57,0xba,0x26,0x8b,0x14,0x86,0x75,0x8b,0x14,0x01,0x50,0xd7,0x0f,0xd7,0x0f,
    0xb4,0x0a,0x56,0xb5,0xbc,0x01,0x76,0x59,0x00,0x00,0xc1,0x0a,0x0d,0xe6,0x37,0xb9,
    0x3c,0x00,0xc1,0x0a,0x18,0xe9,0x20,0xfc,0x16,0x00,0xce,0x10,0x18,0xa0,0x74,0xa0,
    0x74,0xb6,0x53,0xc1,0x0a,0x0d,0xbe,0x14,0xba,0x2b,0x01,0xc1,0x0a,0x18,0x8d,0x0b,
    0xcc,0x94,0x01,0x01,0xce,0x10,0x18,0xad,0x09,0xad,0x09,0xbb,0x14,0xc1,0x0a,0x0d,
    0xbe,0x14,0xbc,0x2b,0x02,0xc1,0x0a,0x18,0x8d,0x0b,0xce,0x94,0x01,0x02,0xce,0x10,
    0x18,0xe4,0x04,0xe4,0x04,0xa9,0x06,0xc1,0x0a,0x18,0xaf,0x7f,0x82,0x1a,0x03,0x4b,
    0x18,0x95,0x0d,0xc5,0x8c,0x01,0x95,0x0d,0x4b,0x18,0xaa,0x54,0x87,0x2a,0xaa,0x54,
    0x4b,0x18,0xb2,0x3d,0xac,0x13,0xb2,0x3d,0xce,0x10,0x18,0xb3,0x99,0x01,0xb3,0x99,
    0x01,0x9a,0x43,0x4b,0x18,0x9d,0x31,0xfb,0xb2,0x01,0x9d,0x31,0xc1,0x0a,0x0d,0xe4,
    0x31,0x90,0x68,0x02,0xc1,0x0a,0x0b,0xbe,0x2e,0xf6,0x83,0x01,0x02,0x01,0x18,0x8a,
    0x40,0xd4,0xda,0x01,0x33,0xcd,0x05,0xee,0x57,0xba,0x26,0x8b,0x14,0xe7,0x6e,0x8b,
    0x14,0x01,0x50,0xd7,0x0f,0xd7,0x0f,0xb4,0x0a,0x56,0xb5,0xbc,0x01,0x77,0x59,0x00,
    0x00,0xc1,0x0a,0x0d,0xe6,0x37,0xb9,0x3c,0x00,0xc1,0x0a,0x18,0xe9,0x20,0xfc,0x16,
    0x00,0xce,0x10,0x18,0xa2,0x74,0xa2,0x74,0xb8,0x53,0xc1,0x0a,0x0d,0xbe,0x14,0xbc,
    0x2b,0x01,0xc1,0x0a,0x18,0x8d,0x0b,0xce,0x94,0x01,0x01,0xce,0x10,0x18,0xad,0x09,
    0xad,0x09,0xbb,0x14,0xc1,0x0a,0x0d,0xbe,0x14,0xbe,0x2b,0x02,0xc1,0x0a,0x18,0x8d,
    0x0b,0xd0,0x94,0x01,0x02,0xce,0x10,0x18,0xe2,0x04,0xe2,0x04,0xab,0x06,0xc1,0x0a,
    0x18,0xaf,0x7f,0x82,0x1a,0x03,0x4b,0x18,0x95,0x0d,0xc5,0x8c,0x01,0x95,0x0d,0x4b,
    0x18,0xaa,0x54,0x89,0x2a,0xaa,0x54,0x4b,0x18,0xb2,0x3d,0xaa,0x13,0xb2,0x3d,0xce,
    0x10,0x18,0xe5,0x8b,0x01,0xe5,0x8b,0x01,0x8a,0x0d,0x4b,0x18,0xce,0x7d,0xbc,0xbc,
    0x01,0xce,0x7d,0x3f,0x0d,0xba,0x08,0xd6,0x87,0x01,0xc3,0x10,0x0d,0xdd,0x42,0xdd,
    0x42,0xb0,0xfd,0x01,0xbd,0x0c,0x0b,0x88,0x53,0x88,0x53,0xc1,0x0a,0x0b,0xf7,0x4f,
    0xfc,0xa8,0x01,0x03,0xc2,0x10,0x0b,0x8c,0x45,0x8c,0x45,0xba,0x9f,0x02,0xc0,0x10,
    0x0b,0x81,0xe6,0x01,0xed,0xf0,0x01,0x81,0xe6,0x01,0x99,0x1e,0xb3,0x8f,0x02,0x18,
    0xb4,0x8f,0x02,0xe5,0x1e,0x18,0xf9,0xa1,0x01,0x74,0x4e,0x00,0x00,0xf7,0x37,0x00,
    0x00,0x6e,0x3d,0x00,0x00,0x66,0x4b,0x00,0x00,0xe5,0x1e,0x0b,0x95,0x29,0xa6,0x54,
    0x00,0x00,0xf7,0x37,0x00,0x00,0xa2,0x35,0x00,0x00,0x66,0x4b,0x00,0x00,0xc0,0x16,
    0x09,0x92,0x10,0x92,0x10,0xb6,0x54,0xb6,0x1e,0x87,0x58,0xb7,0x77,0x00,0xba,0x1e,
    0x00,0xb7,0x77,0x87,0x58,0x18,0xb8,0x77,0xc9,0x10,0x0b,0xa7,0xc2,0x01,0xdd,0x3a,
    0x9c,0x41,0xbc,0x0e,0x0c,0xae,0x5d,0xae,0x5d,0xc6,0x10,0x0b,0xb5,0x3c,0xe5,0x19,
    0x94,0x62,0xbc,0x0e,0x0c,0xaa,0xf6,0x01,0xaa,0xf6,0x01,0xc0,0x0a,0x12,0xab,0xc3,
    0x01,0xb7,0x09,0xab,0xc3,0x01,0x01,0xfe,0x03,0xc4,0xca,0x01,0xa0,0xc3,0x02,0xb4,
    0x0c,0x96,0x01,0xbf,0xbb,0x01,0xbf,0xbb,0x01,0xef,0x0a,0x1d,0x85,0x41,0x85,0x41,
    0x81,0x32,0x02,0x8b,0x14,0x2d,0x13,0xfa,0xdf,0x01,0xfa,0xdf,0x01,0xfa,0xdf,0x01,
    0x10,0xc1,0x0a,0x0d,0xb2,0x06,0xb2,0x06,0x00,0xbd,0x0c,0x0b,0xe6,0x0d,0xe6,0x0d,
    0x01,0x18,0x83,0xda,0x01,0xa2,0x64,0x33,0xcd,0x05,0xd3,0x29,0xba,0x26,0x8b,0x14,
    0xd5,0xc0,0x01,0x8b,0x14,0x01,0x50,0x9e,0xe8,0x01,0x9e,0xe8,0x01,0xb4,0x0a,0x56,
    0xb3,0xbc,0x01,0x78,0x59,0x00,0x00,0xc1,0x0a,0x0d,0xe4,0x37,0xfa,0x39,0x00,0xc1,
    0x0a,0x18,0xe9,0x20,0xfa,0x16,0x00,0xce,0x10,0x18,0xa4,0x74,0xa4,0x74,0xba,0x53,
    0xc1,0x0a,0x0d,0xbe,0x14,0xf2,0xa1,0x01,0x01,0xc1,0x0a,0x18,0x8d,0x0b,0xce,0x94,
    0x01,0x01,0xce,0x10,0x18,0xad,0x09,0xad,0x09,0xbb,0x14,0xc1,0x0a,0x0d,0xbe,0x14,
    0xf4,0xa1,0x01,0x02,0xc1,0x0a,0x18,0x8d,0x0b,0xd0,0x94,0x01,0x02,0xce,0x10,0x18,
    0xe2,0x04,0xe2,0x04,0xab,0x06,0xc1,0x0a,0x18,0xb1,0x7f,0x80,0x1a,0x03,0x4b,0x18,
    0x95,0x0d,0xc7,0x8c,0x01,0x95,0x0d,0x4b,0x18,0x8e,0x42,0xa7,0x3c,0x8e,0x42,0x4b,
    0x18,0xd9,0x31,0xff,0x6d,0xd9,0x31,0xc1,0x0a,0x0d,0x9a,0x75,0x9d,0x31,0x01,0xce,
    0x10,0x18,0xe5,0x16,0xb4,0x5e,0xe5,0x16,0x4b,0x18,0xb1,0x2f,0xc4,0x26,0xb1,0x2f,
    0xc0,0x10,0x0b,0x97,0x1f,0xc2,0x30,0xa8,0xae,0x01,0x99,0x1e,0xcd,0x9a,0x01,0x18,
    0xd8,0x37,0x22,0x98,0xcb,0x01,0x84,0x3f,0x8d,0x1e,0x88,0x06,0xc6,0x06,0x1d,0xfd,
    0xd5,0x01,0x00,0xeb,0x0a,0xa7,0x06,0x1d,0xa2,0x25,0x18,0x8c,0x1d,0x39,0x95,0x05,
    0xe4,0xde,0x01,0x07,0x23,0x8b,0x05,0x8f,0x99,0x01,0xc5,0x1f,0x99,0x16,0x8a,0x14,
    0x01,0x0d,0xa5,0x1e,0xa5,0x1e,0xc4,0x16,0x09,0xb2,0x47,0xb2,0x47,0x94,0xc1,0x01,
    0xa7,0x1e,0xb9,0x66,0x00,0xba,0x1e,0x00,0xc5,0x58,0xb9,0x66,0x18,0xc6,0x58,0x9e,
    0x1e,0x60,0x17,0x00,0x00,0x18,0xf4,0x0d,0x01,0x65,0x95,0x5e,0x86,0x94,0x01,0x01,
    0x1d,0xb5,0x87,0x01,0x96,0x2c,0x01,0x0c,0xcc,0x16,0xc8,0x3f,0xc7,0x18,0x0c,0xa2,
    0xd2,0x01,0xa2,0xd2,0x01,0xf8,0xc1,0x02,0xcb,0x14,0x09,0xdd,0xb7,0x01,0xdd,0xb7,
    0x01,0x94,0x73,0xa7,0x1e,0xa7,0xca,0x01,0x00,0xba,0x1e,0x00,0xfb,0x25,0xa7,0xca,
    0x01,0x18,0xfc,0x25,0x01,0x0c,0xf1,0x0c,0xe2,0x73,0x13,0x8e,0x05,0xaf,0x0b,0xa5,
    0x18,0x8b,0x14,0x01,0x0c,0xde,0x19,0xde,0x19,0xc0,0x10,0x0c,0xc6,0x63,0xf4,0x71,
    0xc6,0x63,0xcb,0x10,0x0c,0xb1,0x9d,0x01,0xb1,0x9d,0x01,0xec,0x5e,0xc7,0x10,0x0c,
    0x94,0xc8,0x01,0xe2,0x2a,0x80,0xa7,0x02,0xd0,0x0a,0x16,0xf9,0x60,0x9a,0x67,0xf9,
    0x60,0xfa,0xc7,0x01,0x01,0x0c,0xa0,0x14,0x82,0xbc,0x01,0x99,0x1e,0x92,0x28,0x18,
    0x91,0x28,0xe5,0x1e,0x16,0xeb,0x35,0x08,0x3c,0x00,0x00,0x53,0x30,0x00,0x00,0xe6,
    0x29,0x00,0x00,0xdf,0x55,0x00,0x00,0xe5,0x1e,0x1d,0xaa,0x1d,0x8d,0x1a,0x00,0x00,
    0x53,0x30,0x00,0x00,0x7f,0x33,0x00,0x00,0xdf,0x55,0x00,0x00,0xe5,0x1e,0x0c,0x83,
    0x51,0x0b,0x0a,0x00,0x00,0x53,0x30,0x00,0x00,0xfe,0x53,0x00,0x00,0xdf,0x55,0x00,
    0x00,0xc1,0x16,0x09,0x86,0x95,0x02,0x86,0x95,0x02,0xae,0x83,0x01,0xb6,0x1e,0xf2,
    0xa2,0x02,0xa0,0x30,0x00,0xba,0x1e,0x00,0xcc,0xac,0x01,0xf2,0xa2,0x02,0x18,0xcb,
    0xac,0x01,0x33,0x8b,0x05,0x9a,0x5c,0xfb,0x19,0x8b,0x14,0xac,0x39,0x8a,0x14,0x01,
    0x0d,0x93,0x29,0x93,0x29,0xc7,0x16,0x09,0xf3,0x7a,0xf3,0x7a,0x8c,0x6b,0xa7,0x1e,
    0xcf,0xdf,0x01,0x00,0xba,0x1e,0x00,0xf8,0x0b,0xcf,0xdf,0x01,0x18,0xf7,0x0b,0xd2,
    0x0a,0x16,0xfe,0x3c,0xd2,0x51,0xf8,0x1d,0x02,0x01,0xff,0x03,0xb0,0x51,0xfc,0xd8,
    0x01,0xb4,0x0c,0xd6,0x01,0xeb,0x58,0xeb,0x58,0xef,0x0a,0x1d,0xfe,0x20,0xfe,0x20,
    0xc2,0x19,0x02,0x8b,0x14,0xce,0x10,0x1d,0xc9,0x19,0xc9,0x19,0xf5,0x49,0x4b,0x1d,
    0xa8,0x22,0xee,0x22,0xa8,0x22,0x99,0x1e,0xa9,0x8c,0x01,0x18,0xaa,0x8c,0x01,0xe5,
    0x1e,0x16,0xa7,0xcb,0x01,0x99,0x29,0x00,0x00,0xc9,0x36,0x00,0x00,0x15,0x31,0x00,
    0x00,0xd6,0x21,0x00,0x00,0xe5,0x1e,0x1d,0xb2,0x26,0xee,0x30,0x00,0x00,0xc9,0x36,
    0x00,0x00,0xa5,0x39,0x00,0x00,0xd6,0x21,0x00,0x00,0x99,0x1e,0xbf,0x89,0x01,0x18,
    0xc0,0x89,0x01,0xc0,0x10,0x0c,0xc1,0x07,0xa4,0xdd,0x01,0xe0,0xa7,0x02,0x99,0x1e,
    0xde,0x73,0x18,0x8f,0xeb,0x01,0x99,0x1e,0xe5,0x80,0x02,0x18,0xe6,0x80,0x02,0xe5,
    0x1e,0x1d,0xc1,0x05,0x8d,0x1a,0x00,0x00,0xf3,0x53,0x00,0x00,0xee,0x30,0x00,0x00,
    0x36,0x19,0x00,0x00,0x01,0x0c,0xf7,0x73,0xfa,0xaa,0x01,0xc7,0x18,0x0c,0xa9,0x5b,
    0xa9,0x5b,0xde,0x8b,0x01,0xcb,0x14,0x09,0xbe,0x0a,0xbe,0x0a,0x96,0x73,0xa7,0x1e,
    0xf3,0x80,0x01,0x00,0xba,0x1e,0x00,0xe1,0x24,0xf3,0x80,0x01,0x18,0xe2,0x24,0x01,
    0x17,0xba,0x04,0xea,0x67,0x01,0x1d,0xa6,0x76,0xc8,0xe0,0x01,0x3d,0x18,0xfb,0x43,
    0x9d,0x69,0x9d,0x69,0x18,0x22,0xbd,0x62,0x00,0xe9,0x06,0x08,0xc1,0x84,0x01,0xec,
    0x2b,0xff,0xe6,0x01,0x97,0x52,0xbd,0xc8,0x01,0x01,0x18,0xbe,0xbc,0x01,0xc1,0x2a,
    0xc1,0x0a,0x0d,0xad,0x6f,0xad,0x6f,0x00,0xd2,0x0a,0x1d,0xfe,0x27,0xfe,0x27,0xba,
    0xe7,0x01,0x00,0xc1,0x0a,0x0d,0xbe,0x46,0x71,0x01,0xd2,0x0a,0x1d,0x89,0x3a,0x89,
    0x3a,0xb4,0x0c,0x01,0xc1,0x0a,0x0d,0xfa,0x6b,0xfe,0x30,0x02,0xd2,0x0a,0x1d,0xe7,
    0xd6,0x01,0xe7,0xd6,0x01,0xed,0x6a,0x02,0x99,0x1e,0x9b,0x93,0x01,0x18,0x9c,0x93,
    0x01,0xe5,0x1e,0x1d,0xe7,0x0f,0x08,0x58,0x00,0x00,0x69,0x59,0x00,0x00,0x42,0x22,
    0x00,0x00,0x07,0x30,0x00,0x00,0x3d,0x18,0xce,0x29,0xce,0x29,0xce,0x29,0x18,0xc1,
    0x0a,0x0d,0x93,0x77,0x93,0x77,0x00,0xc1,0x0a,0x1d,0xbc,0x1c,0xa1,0x16,0x00,0xce,
    0x10,0x1d,0xec,0x1b,0xec,0x1b,0xa8,0x38,0xc1,0x0a,0x0d,0xbe,0x14,0xad,0x2a,0x01,
    0xc1,0x0a,0x1d,0xe4,0x59,0xec,0x73,0x01,0xce,0x10,0x1d,0x9f,0x6e,0x9f,0x6e,0xbb,
    0x14,0xc1,0x0a,0x0d,0xbe,0x14,0xab,0x2a,0x02,0xc1,0x0a,0x1d,0xe4,0x59,0xee,0x73,
    0x02,0xce,0x10,0x1d,0x83,0x60,0x83,0x60,0x9f,0x06,0xc1,0x0a,0x1d,0xaf,0x7f,0xc5,
    0x6b,0x03,0x4b,0x1d,0x95,0x0d,0xc5,0x8c,0x01,0x95,0x0d,0x4b,0x1d,0xae,0xa2,0x01,
    0x86,0x24,0xae,0xa2,0x01,0x4b,0x1d,0xdf,0x19,0xa8,0x0a,0xdf,0x19,0x13,0xe3,0x05,
    0xe7,0x72,0xc5,0x1f,0x96,0x16,0x01,0x65,0xf6,0xbe,0x01,0xf6,0xbe,0x01,0xc1,0x12,
    0x1d,0xe7,0x1a,0xe7,0x1a,0xa6,0x31,0x9e,0x1e,0xb4,0x4c,0x00,0x00,0x88,0x06,0x52,
    0x49,0x50,0x53,0x5f,0x54,0x41,0x4d,0x86,0x00,0x00,0x00,0x12,0x00,0x00,0x00,0x00,
    0x00,0x00,0x00,0x02,0x00,0x00,0x00,0x00,0x00,0x00,0x02,0x00,0x01,0x01,0x00,0x00,
    0x00,0x02,0x02,0x00,0x02,0x00,0x00,0x00,0x02,0x08,0x00,0x03,0x00,0x00,0x00,0x02,
    0x0a,0x00,0x04,0x00,0x00,0x00,0x02,0x10,0x00,0x05,0x00,0x00,0x00,0x02,0x10,0x01,
    0x06,0x00,0x00,0x00,0x02,0x12,0x00,0x07,0x00,0x00,0x00,0x02,0x18,0x00,0x08,0x00,
    0x00,0x00,0x02,0x1a,0x00,0x09,0x00,0x00,0x00,0x02,0x20,0x01,0x0a,0x00,0x00,0x00,
    0x02,0x30,0x01,0x0b,0x00,0x00,0x00,0x02,0x50,0x00,0x0c,0x00,0x00,0x00,0x02,0x50,
    0x01,0x0d,0x00,0x00,0x00,0x02,0x52,0x00,0x0e,0x00,0x00,0x00,0x02,0x58,0x00,0x0f,
    0x00,0x00,0x00,0x02,0x5a,0x00,0x10,0x00,0x00,0x00,0x02,0x70,0x01,0x01,0x00,0x00,
    0x00,0x20,0x43,0x52,0x43,0x5f,0x54,0x41,0x4d,0x04,0x00,0x00,0x00,0xe4,0x63,0x32,
    0x84,
};

inline constexpr size_t kWireframeMaterialPackageSize = sizeof(kWireframeMaterialPackage);

} // namespace flutter_filament
